Variable_0,Variable_1,Variable_2
0.05,-0.95,0.0
0.15,-0.95,0.0
0.25,-0.95,0.0
0.35,-0.95,0.0
0.45,-0.95,0.0
0.55,-0.95,0.0
0.65,-0.95,0.0
0.75,-0.95,0.0
0.85,-0.95,0.0
0.95,-0.95,0.0
0.05,-0.85,0.0
0.15,-0.85,0.0
0.25,-0.85,0.0
0.35,-0.85,0.0
0.45,-0.85,0.0
0.55,-0.85,0.0
0.65,-0.85,0.0
0.75,-0.85,0.0
0.85,-0.85,0.0
0.95,-0.85,0.0
0.05,-0.75,0.0
0.15,-0.75,0.0
0.25,-0.75,0.0
0.35,-0.75,0.0
0.45,-0.75,0.0
0.55,-0.75,0.0
0.65,-0.75,0.0
0.75,-0.75,0.0
0.85,-0.75,0.0
0.95,-0.75,0.0
0.05,-0.65,0.0
0.15,-0.65,0.0
0.25,-0.65,0.0
0.35,-0.65,0.0
0.45,-0.65,0.0
0.55,-0.65,0.0
0.65,-0.65,0.0
0.75,-0.65,0.0
0.85,-0.65,0.0
0.95,-0.65,0.0
0.05,-0.55,0.0
0.15,-0.55,0.0
0.25,-0.55,0.0
0.35,-0.55,0.0
0.45,-0.55,0.0
0.55,-0.55,0.0
0.65,-0.55,0.0
0.75,-0.55,0.0
0.85,-0.55,0.0
0.95,-0.55,0.0
0.05,-0.45,0.0
0.15,-0.45,0.0
0.25,-0.45,0.0
0.35,-0.45,0.0
0.45,-0.45,0.0
0.55,-0.45,0.0
0.65,-0.45,0.0
0.75,-0.45,0.0
0.85,-0.45,0.0
0.95,-0.45,0.0
0.05,-0.35,0.0
0.15,-0.35,0.0
0.25,-0.35,0.0
0.35,-0.35,0.0
0.45,-0.35,0.0
0.55,-0.35,0.0
0.65,-0.35,0.0
0.75,-0.35,0.0
0.85,-0.35,0.0
0.95,-0.35,0.0
0.05,-0.25,0.0
0.15,-0.25,0.0
0.25,-0.25,0.0
0.35,-0.25,0.0
0.45,-0.25,0.0
0.55,-0.25,0.0
0.65,-0.25,0.0
0.75,-0.25,0.0
0.85,-0.25,0.0
0.95,-0.25,0.0
0.05,-0.15,0.0
0.15,-0.15,0.0
0.25,-0.15,0.0
0.35,-0.15,0.0
0.45,-0.15,0.0
0.55,-0.15,0.0
0.65,-0.15,0.0
0.75,-0.15,0.0
0.85,-0.15,0.0
0.95,-0.15,0.0
0.05,-0.05,0.0
0.15,-0.05,0.0
0.25,-0.05,0.0
0.35,-0.05,0.0
0.45,-0.05,0.0
0.55,-0.05,0.0
0.65,-0.05,0.0
0.75,-0.05,0.0
0.85,-0.05,0.0
0.95,-0.05,0.0
0.05,0.05,0.0
0.15,0.05,0.0
0.25,0.05,0.0
0.35,0.05,0.0
0.45,0.05,0.0
0.55,0.05,0.0
0.65,0.05,0.0
0.75,0.05,0.0
0.85,0.05,0.0
0.95,0.05,0.0
0.05,0.15,0.0
0.15,0.15,0.0
0.25,0.15,0.0
0.35,0.15,0.0
0.45,0.15,0.0
0.55,0.15,0.0
0.65,0.15,0.0
0.75,0.15,0.0
0.85,0.15,0.0
0.95,0.15,0.0
0.05,0.25,0.0
0.15,0.25,0.0
0.25,0.25,0.0
0.35,0.25,0.0
0.45,0.25,0.0
0.55,0.25,0.0
0.65,0.25,0.0
0.75,0.25,0.0
0.85,0.25,0.0
0.95,0.25,0.0
0.05,0.35,0.0
0.15,0.35,0.0
0.25,0.35,0.0
0.35,0.35,0.0
0.45,0.35,0.0
0.55,0.35,0.0
0.65,0.35,0.0
0.75,0.35,0.0
0.85,0.35,0.0
0.95,0.35,0.0
0.05,0.45,0.0
0.15,0.45,0.0
0.25,0.45,0.0
0.35,0.45,0.0
0.45,0.45,0.0
0.55,0.45,0.0
0.65,0.45,0.0
0.75,0.45,0.0
0.85,0.45,0.0
0.95,0.45,0.0
0.05,0.55,0.0
0.15,0.55,0.0
0.25,0.55,0.0
0.35,0.55,0.0
0.45,0.55,0.0
0.55,0.55,0.0
0.65,0.55,0.0
0.75,0.55,0.0
0.85,0.55,0.0
0.95,0.55,0.0
0.05,0.65,0.0
0.15,0.65,0.0
0.25,0.65,0.0
0.35,0.65,0.0
0.45,0.65,0.0
0.55,0.65,0.0
0.65,0.65,0.0
0.75,0.65,0.0
0.85,0.65,0.0
0.95,0.65,0.0
0.05,0.75,0.0
0.15,0.75,0.0
0.25,0.75,0.0
0.35,0.75,0.0
0.45,0.75,0.0
0.55,0.75,0.0
0.65,0.75,0.0
0.75,0.75,0.0
0.85,0.75,0.0
0.95,0.75,0.0
0.05,0.85,0.0
0.15,0.85,0.0
0.25,0.85,0.0
0.35,0.85,0.0
0.45,0.85,0.0
0.55,0.85,0.0
0.65,0.85,0.0
0.75,0.85,0.0
0.85,0.85,0.0
0.95,0.85,0.0
0.05,0.95,0.0
0.15,0.95,0.0
0.25,0.95,0.0
0.35,0.95,0.0
0.45,0.95,0.0
0.55,0.95,0.0
0.65,0.95,0.0
0.75,0.95,0.0
0.85,0.95,0.0
0.95,0.95,0.0
0.05,-0.95,0.01
0.15,-0.95,0.01
0.25,-0.95,0.01
0.35,-0.95,0.01
0.45,-0.95,0.01
0.55,-0.95,0.01
0.65,-0.95,0.01
0.75,-0.95,0.01
0.85,-0.95,0.01
0.95,-0.95,0.01
0.05,-0.85,0.01
0.15,-0.85,0.01
0.25,-0.85,0.01
0.35,-0.85,0.01
0.45,-0.85,0.01
0.55,-0.85,0.01
0.65,-0.85,0.01
0.75,-0.85,0.01
0.85,-0.85,0.01
0.95,-0.85,0.01
0.05,-0.75,0.01
0.15,-0.75,0.01
0.25,-0.75,0.01
0.35,-0.75,0.01
0.45,-0.75,0.01
0.55,-0.75,0.01
0.65,-0.75,0.01
0.75,-0.75,0.01
0.85,-0.75,0.01
0.95,-0.75,0.01
0.05,-0.65,0.01
0.15,-0.65,0.01
0.25,-0.65,0.01
0.35,-0.65,0.01
0.45,-0.65,0.01
0.55,-0.65,0.01
0.65,-0.65,0.01
0.75,-0.65,0.01
0.85,-0.65,0.01
0.95,-0.65,0.01
0.05,-0.55,0.01
0.15,-0.55,0.01
0.25,-0.55,0.01
0.35,-0.55,0.01
0.45,-0.55,0.01
0.55,-0.55,0.01
0.65,-0.55,0.01
0.75,-0.55,0.01
0.85,-0.55,0.01
0.95,-0.55,0.01
0.05,-0.45,0.01
0.15,-0.45,0.01
0.25,-0.45,0.01
0.35,-0.45,0.01
0.45,-0.45,0.01
0.55,-0.45,0.01
0.65,-0.45,0.01
0.75,-0.45,0.01
0.85,-0.45,0.01
0.95,-0.45,0.01
0.05,-0.35,0.01
0.15,-0.35,0.01
0.25,-0.35,0.01
0.35,-0.35,0.01
0.45,-0.35,0.01
0.55,-0.35,0.01
0.65,-0.35,0.01
0.75,-0.35,0.01
0.85,-0.35,0.01
0.95,-0.35,0.01
0.05,-0.25,0.01
0.15,-0.25,0.01
0.25,-0.25,0.01
0.35,-0.25,0.01
0.45,-0.25,0.01
0.55,-0.25,0.01
0.65,-0.25,0.01
0.75,-0.25,0.01
0.85,-0.25,0.01
0.95,-0.25,0.01
0.05,-0.15,0.01
0.15,-0.15,0.01
0.25,-0.15,0.01
0.35,-0.15,0.01
0.45,-0.15,0.01
0.55,-0.15,0.01
0.65,-0.15,0.01
0.75,-0.15,0.01
0.85,-0.15,0.01
0.95,-0.15,0.01
0.05,-0.05,0.01
0.15,-0.05,0.01
0.25,-0.05,0.01
0.35,-0.05,0.01
0.45,-0.05,0.01
0.55,-0.05,0.01
0.65,-0.05,0.01
0.75,-0.05,0.01
0.85,-0.05,0.01
0.95,-0.05,0.01
0.05,0.05,0.01
0.15,0.05,0.01
0.25,0.05,0.01
0.35,0.05,0.01
0.45,0.05,0.01
0.55,0.05,0.01
0.65,0.05,0.01
0.75,0.05,0.01
0.85,0.05,0.01
0.95,0.05,0.01
0.05,0.15,0.01
0.15,0.15,0.01
0.25,0.15,0.01
0.35,0.15,0.01
0.45,0.15,0.01
0.55,0.15,0.01
0.65,0.15,0.01
0.75,0.15,0.01
0.85,0.15,0.01
0.95,0.15,0.01
0.05,0.25,0.01
0.15,0.25,0.01
0.25,0.25,0.01
0.35,0.25,0.01
0.45,0.25,0.01
0.55,0.25,0.01
0.65,0.25,0.01
0.75,0.25,0.01
0.85,0.25,0.01
0.95,0.25,0.01
0.05,0.35,0.01
0.15,0.35,0.01
0.25,0.35,0.01
0.35,0.35,0.01
0.45,0.35,0.01
0.55,0.35,0.01
0.65,0.35,0.01
0.75,0.35,0.01
0.85,0.35,0.01
0.95,0.35,0.01
0.05,0.45,0.01
0.15,0.45,0.01
0.25,0.45,0.01
0.35,0.45,0.01
0.45,0.45,0.01
0.55,0.45,0.01
0.65,0.45,0.01
0.75,0.45,0.01
0.85,0.45,0.01
0.95,0.45,0.01
0.05,0.55,0.01
0.15,0.55,0.01
0.25,0.55,0.01
0.35,0.55,0.01
0.45,0.55,0.01
0.55,0.55,0.01
0.65,0.55,0.01
0.75,0.55,0.01
0.85,0.55,0.01
0.95,0.55,0.01
0.05,0.65,0.01
0.15,0.65,0.01
0.25,0.65,0.01
0.35,0.65,0.01
0.45,0.65,0.01
0.55,0.65,0.01
0.65,0.65,0.01
0.75,0.65,0.01
0.85,0.65,0.01
0.95,0.65,0.01
0.05,0.75,0.01
0.15,0.75,0.01
0.25,0.75,0.01
0.35,0.75,0.01
0.45,0.75,0.01
0.55,0.75,0.01
0.65,0.75,0.01
0.75,0.75,0.01
0.85,0.75,0.01
0.95,0.75,0.01
0.05,0.85,0.01
0.15,0.85,0.01
0.25,0.85,0.01
0.35,0.85,0.01
0.45,0.85,0.01
0.55,0.85,0.01
0.65,0.85,0.01
0.75,0.85,0.01
0.85,0.85,0.01
0.95,0.85,0.01
0.05,0.95,0.01
0.15,0.95,0.01
0.25,0.95,0.01
0.35,0.95,0.01
0.45,0.95,0.01
0.55,0.95,0.01
0.65,0.95,0.01
0.75,0.95,0.01
0.85,0.95,0.01
0.95,0.95,0.01
0.05,-0.95,0.02
0.15,-0.95,0.02
0.25,-0.95,0.02
0.35,-0.95,0.02
0.45,-0.95,0.02
0.55,-0.95,0.02
0.65,-0.95,0.02
0.75,-0.95,0.02
0.85,-0.95,0.02
0.95,-0.95,0.02
0.05,-0.85,0.02
0.15,-0.85,0.02
0.25,-0.85,0.02
0.35,-0.85,0.02
0.45,-0.85,0.02
0.55,-0.85,0.02
0.65,-0.85,0.02
0.75,-0.85,0.02
0.85,-0.85,0.02
0.95,-0.85,0.02
0.05,-0.75,0.02
0.15,-0.75,0.02
0.25,-0.75,0.02
0.35,-0.75,0.02
0.45,-0.75,0.02
0.55,-0.75,0.02
0.65,-0.75,0.02
0.75,-0.75,0.02
0.85,-0.75,0.02
0.95,-0.75,0.02
0.05,-0.65,0.02
0.15,-0.65,0.02
0.25,-0.65,0.02
0.35,-0.65,0.02
0.45,-0.65,0.02
0.55,-0.65,0.02
0.65,-0.65,0.02
0.75,-0.65,0.02
0.85,-0.65,0.02
0.95,-0.65,0.02
0.05,-0.55,0.02
0.15,-0.55,0.02
0.25,-0.55,0.02
0.35,-0.55,0.02
0.45,-0.55,0.02
0.55,-0.55,0.02
0.65,-0.55,0.02
0.75,-0.55,0.02
0.85,-0.55,0.02
0.95,-0.55,0.02
0.05,-0.45,0.02
0.15,-0.45,0.02
0.25,-0.45,0.02
0.35,-0.45,0.02
0.45,-0.45,0.02
0.55,-0.45,0.02
0.65,-0.45,0.02
0.75,-0.45,0.02
0.85,-0.45,0.02
0.95,-0.45,0.02
0.05,-0.35,0.02
0.15,-0.35,0.02
0.25,-0.35,0.02
0.35,-0.35,0.02
0.45,-0.35,0.02
0.55,-0.35,0.02
0.65,-0.35,0.02
0.75,-0.35,0.02
0.85,-0.35,0.02
0.95,-0.35,0.02
0.05,-0.25,0.02
0.15,-0.25,0.02
0.25,-0.25,0.02
0.35,-0.25,0.02
0.45,-0.25,0.02
0.55,-0.25,0.02
0.65,-0.25,0.02
0.75,-0.25,0.02
0.85,-0.25,0.02
0.95,-0.25,0.02
0.05,-0.15,0.02
0.15,-0.15,0.02
0.25,-0.15,0.02
0.35,-0.15,0.02
0.45,-0.15,0.02
0.55,-0.15,0.02
0.65,-0.15,0.02
0.75,-0.15,0.02
0.85,-0.15,0.02
0.95,-0.15,0.02
0.05,-0.05,0.02
0.15,-0.05,0.02
0.25,-0.05,0.02
0.35,-0.05,0.02
0.45,-0.05,0.02
0.55,-0.05,0.02
0.65,-0.05,0.02
0.75,-0.05,0.02
0.85,-0.05,0.02
0.95,-0.05,0.02
0.05,0.05,0.02
0.15,0.05,0.02
0.25,0.05,0.02
0.35,0.05,0.02
0.45,0.05,0.02
0.55,0.05,0.02
0.65,0.05,0.02
0.75,0.05,0.02
0.85,0.05,0.02
0.95,0.05,0.02
0.05,0.15,0.02
0.15,0.15,0.02
0.25,0.15,0.02
0.35,0.15,0.02
0.45,0.15,0.02
0.55,0.15,0.02
0.65,0.15,0.02
0.75,0.15,0.02
0.85,0.15,0.02
0.95,0.15,0.02
0.05,0.25,0.02
0.15,0.25,0.02
0.25,0.25,0.02
0.35,0.25,0.02
0.45,0.25,0.02
0.55,0.25,0.02
0.65,0.25,0.02
0.75,0.25,0.02
0.85,0.25,0.02
0.95,0.25,0.02
0.05,0.35,0.02
0.15,0.35,0.02
0.25,0.35,0.02
0.35,0.35,0.02
0.45,0.35,0.02
0.55,0.35,0.02
0.65,0.35,0.02
0.75,0.35,0.02
0.85,0.35,0.02
0.95,0.35,0.02
0.05,0.45,0.02
0.15,0.45,0.02
0.25,0.45,0.02
0.35,0.45,0.02
0.45,0.45,0.02
0.55,0.45,0.02
0.65,0.45,0.02
0.75,0.45,0.02
0.85,0.45,0.02
0.95,0.45,0.02
0.05,0.55,0.02
0.15,0.55,0.02
0.25,0.55,0.02
0.35,0.55,0.02
0.45,0.55,0.02
0.55,0.55,0.02
0.65,0.55,0.02
0.75,0.55,0.02
0.85,0.55,0.02
0.95,0.55,0.02
0.05,0.65,0.02
0.15,0.65,0.02
0.25,0.65,0.02
0.35,0.65,0.02
0.45,0.65,0.02
0.55,0.65,0.02
0.65,0.65,0.02
0.75,0.65,0.02
0.85,0.65,0.02
0.95,0.65,0.02
0.05,0.75,0.02
0.15,0.75,0.02
0.25,0.75,0.02
0.35,0.75,0.02
0.45,0.75,0.02
0.55,0.75,0.02
0.65,0.75,0.02
0.75,0.75,0.02
0.85,0.75,0.02
0.95,0.75,0.02
0.05,0.85,0.02
0.15,0.85,0.02
0.25,0.85,0.02
0.35,0.85,0.02
0.45,0.85,0.02
0.55,0.85,0.02
0.65,0.85,0.02
0.75,0.85,0.02
0.85,0.85,0.02
0.95,0.85,0.02
0.05,0.95,0.02
0.15,0.95,0.02
0.25,0.95,0.02
0.35,0.95,0.02
0.45,0.95,0.02
0.55,0.95,0.02
0.65,0.95,0.02
0.75,0.95,0.02
0.85,0.95,0.02
0.95,0.95,0.02
0.05,-0.95,0.03
0.15,-0.95,0.03
0.25,-0.95,0.03
0.35,-0.95,0.03
0.45,-0.95,0.03
0.55,-0.95,0.03
0.65,-0.95,0.03
0.75,-0.95,0.03
0.85,-0.95,0.03
0.95,-0.95,0.03
0.05,-0.85,0.03
0.15,-0.85,0.03
0.25,-0.85,0.03
0.35,-0.85,0.03
0.45,-0.85,0.03
0.55,-0.85,0.03
0.65,-0.85,0.03
0.75,-0.85,0.03
0.85,-0.85,0.03
0.95,-0.85,0.03
0.05,-0.75,0.03
0.15,-0.75,0.03
0.25,-0.75,0.03
0.35,-0.75,0.03
0.45,-0.75,0.03
0.55,-0.75,0.03
0.65,-0.75,0.03
0.75,-0.75,0.03
0.85,-0.75,0.03
0.95,-0.75,0.03
0.05,-0.65,0.03
0.15,-0.65,0.03
0.25,-0.65,0.03
0.35,-0.65,0.03
0.45,-0.65,0.03
0.55,-0.65,0.03
0.65,-0.65,0.03
0.75,-0.65,0.03
0.85,-0.65,0.03
0.95,-0.65,0.03
0.05,-0.55,0.03
0.15,-0.55,0.03
0.25,-0.55,0.03
0.35,-0.55,0.03
0.45,-0.55,0.03
0.55,-0.55,0.03
0.65,-0.55,0.03
0.75,-0.55,0.03
0.85,-0.55,0.03
0.95,-0.55,0.03
0.05,-0.45,0.03
0.15,-0.45,0.03
0.25,-0.45,0.03
0.35,-0.45,0.03
0.45,-0.45,0.03
0.55,-0.45,0.03
0.65,-0.45,0.03
0.75,-0.45,0.03
0.85,-0.45,0.03
0.95,-0.45,0.03
0.05,-0.35,0.03
0.15,-0.35,0.03
0.25,-0.35,0.03
0.35,-0.35,0.03
0.45,-0.35,0.03
0.55,-0.35,0.03
0.65,-0.35,0.03
0.75,-0.35,0.03
0.85,-0.35,0.03
0.95,-0.35,0.03
0.05,-0.25,0.03
0.15,-0.25,0.03
0.25,-0.25,0.03
0.35,-0.25,0.03
0.45,-0.25,0.03
0.55,-0.25,0.03
0.65,-0.25,0.03
0.75,-0.25,0.03
0.85,-0.25,0.03
0.95,-0.25,0.03
0.05,-0.15,0.03
0.15,-0.15,0.03
0.25,-0.15,0.03
0.35,-0.15,0.03
0.45,-0.15,0.03
0.55,-0.15,0.03
0.65,-0.15,0.03
0.75,-0.15,0.03
0.85,-0.15,0.03
0.95,-0.15,0.03
0.05,-0.05,0.03
0.15,-0.05,0.03
0.25,-0.05,0.03
0.35,-0.05,0.03
0.45,-0.05,0.03
0.55,-0.05,0.03
0.65,-0.05,0.03
0.75,-0.05,0.03
0.85,-0.05,0.03
0.95,-0.05,0.03
0.05,0.05,0.03
0.15,0.05,0.03
0.25,0.05,0.03
0.35,0.05,0.03
0.45,0.05,0.03
0.55,0.05,0.03
0.65,0.05,0.03
0.75,0.05,0.03
0.85,0.05,0.03
0.95,0.05,0.03
0.05,0.15,0.03
0.15,0.15,0.03
0.25,0.15,0.03
0.35,0.15,0.03
0.45,0.15,0.03
0.55,0.15,0.03
0.65,0.15,0.03
0.75,0.15,0.03
0.85,0.15,0.03
0.95,0.15,0.03
0.05,0.25,0.03
0.15,0.25,0.03
0.25,0.25,0.03
0.35,0.25,0.03
0.45,0.25,0.03
0.55,0.25,0.03
0.65,0.25,0.03
0.75,0.25,0.03
0.85,0.25,0.03
0.95,0.25,0.03
0.05,0.35,0.03
0.15,0.35,0.03
0.25,0.35,0.03
0.35,0.35,0.03
0.45,0.35,0.03
0.55,0.35,0.03
0.65,0.35,0.03
0.75,0.35,0.03
0.85,0.35,0.03
0.95,0.35,0.03
0.05,0.45,0.03
0.15,0.45,0.03
0.25,0.45,0.03
0.35,0.45,0.03
0.45,0.45,0.03
0.55,0.45,0.03
0.65,0.45,0.03
0.75,0.45,0.03
0.85,0.45,0.03
0.95,0.45,0.03
0.05,0.55,0.03
0.15,0.55,0.03
0.25,0.55,0.03
0.35,0.55,0.03
0.45,0.55,0.03
0.55,0.55,0.03
0.65,0.55,0.03
0.75,0.55,0.03
0.85,0.55,0.03
0.95,0.55,0.03
0.05,0.65,0.03
0.15,0.65,0.03
0.25,0.65,0.03
0.35,0.65,0.03
0.45,0.65,0.03
0.55,0.65,0.03
0.65,0.65,0.03
0.75,0.65,0.03
0.85,0.65,0.03
0.95,0.65,0.03
0.05,0.75,0.03
0.15,0.75,0.03
0.25,0.75,0.03
0.35,0.75,0.03
0.45,0.75,0.03
0.55,0.75,0.03
0.65,0.75,0.03
0.75,0.75,0.03
0.85,0.75,0.03
0.95,0.75,0.03
0.05,0.85,0.03
0.15,0.85,0.03
0.25,0.85,0.03
0.35,0.85,0.03
0.45,0.85,0.03
0.55,0.85,0.03
0.65,0.85,0.03
0.75,0.85,0.03
0.85,0.85,0.03
0.95,0.85,0.03
0.05,0.95,0.03
0.15,0.95,0.03
0.25,0.95,0.03
0.35,0.95,0.03
0.45,0.95,0.03
0.55,0.95,0.03
0.65,0.95,0.03
0.75,0.95,0.03
0.85,0.95,0.03
0.95,0.95,0.03
0.05,-0.95,0.04
0.15,-0.95,0.04
0.25,-0.95,0.04
0.35,-0.95,0.04
0.45,-0.95,0.04
0.55,-0.95,0.04
0.65,-0.95,0.04
0.75,-0.95,0.04
0.85,-0.95,0.04
0.95,-0.95,0.04
0.05,-0.85,0.04
0.15,-0.85,0.04
0.25,-0.85,0.04
0.35,-0.85,0.04
0.45,-0.85,0.04
0.55,-0.85,0.04
0.65,-0.85,0.04
0.75,-0.85,0.04
0.85,-0.85,0.04
0.95,-0.85,0.04
0.05,-0.75,0.04
0.15,-0.75,0.04
0.25,-0.75,0.04
0.35,-0.75,0.04
0.45,-0.75,0.04
0.55,-0.75,0.04
0.65,-0.75,0.04
0.75,-0.75,0.04
0.85,-0.75,0.04
0.95,-0.75,0.04
0.05,-0.65,0.04
0.15,-0.65,0.04
0.25,-0.65,0.04
0.35,-0.65,0.04
0.45,-0.65,0.04
0.55,-0.65,0.04
0.65,-0.65,0.04
0.75,-0.65,0.04
0.85,-0.65,0.04
0.95,-0.65,0.04
0.05,-0.55,0.04
0.15,-0.55,0.04
0.25,-0.55,0.04
0.35,-0.55,0.04
0.45,-0.55,0.04
0.55,-0.55,0.04
0.65,-0.55,0.04
0.75,-0.55,0.04
0.85,-0.55,0.04
0.95,-0.55,0.04
0.05,-0.45,0.04
0.15,-0.45,0.04
0.25,-0.45,0.04
0.35,-0.45,0.04
0.45,-0.45,0.04
0.55,-0.45,0.04
0.65,-0.45,0.04
0.75,-0.45,0.04
0.85,-0.45,0.04
0.95,-0.45,0.04
0.05,-0.35,0.04
0.15,-0.35,0.04
0.25,-0.35,0.04
0.35,-0.35,0.04
0.45,-0.35,0.04
0.55,-0.35,0.04
0.65,-0.35,0.04
0.75,-0.35,0.04
0.85,-0.35,0.04
0.95,-0.35,0.04
0.05,-0.25,0.04
0.15,-0.25,0.04
0.25,-0.25,0.04
0.35,-0.25,0.04
0.45,-0.25,0.04
0.55,-0.25,0.04
0.65,-0.25,0.04
0.75,-0.25,0.04
0.85,-0.25,0.04
0.95,-0.25,0.04
0.05,-0.15,0.04
0.15,-0.15,0.04
0.25,-0.15,0.04
0.35,-0.15,0.04
0.45,-0.15,0.04
0.55,-0.15,0.04
0.65,-0.15,0.04
0.75,-0.15,0.04
0.85,-0.15,0.04
0.95,-0.15,0.04
0.05,-0.05,0.04
0.15,-0.05,0.04
0.25,-0.05,0.04
0.35,-0.05,0.04
0.45,-0.05,0.04
0.55,-0.05,0.04
0.65,-0.05,0.04
0.75,-0.05,0.04
0.85,-0.05,0.04
0.95,-0.05,0.04
0.05,0.05,0.04
0.15,0.05,0.04
0.25,0.05,0.04
0.35,0.05,0.04
0.45,0.05,0.04
0.55,0.05,0.04
0.65,0.05,0.04
0.75,0.05,0.04
0.85,0.05,0.04
0.95,0.05,0.04
0.05,0.15,0.04
0.15,0.15,0.04
0.25,0.15,0.04
0.35,0.15,0.04
0.45,0.15,0.04
0.55,0.15,0.04
0.65,0.15,0.04
0.75,0.15,0.04
0.85,0.15,0.04
0.95,0.15,0.04
0.05,0.25,0.04
0.15,0.25,0.04
0.25,0.25,0.04
0.35,0.25,0.04
0.45,0.25,0.04
0.55,0.25,0.04
0.65,0.25,0.04
0.75,0.25,0.04
0.85,0.25,0.04
0.95,0.25,0.04
0.05,0.35,0.04
0.15,0.35,0.04
0.25,0.35,0.04
0.35,0.35,0.04
0.45,0.35,0.04
0.55,0.35,0.04
0.65,0.35,0.04
0.75,0.35,0.04
0.85,0.35,0.04
0.95,0.35,0.04
0.05,0.45,0.04
0.15,0.45,0.04
0.25,0.45,0.04
0.35,0.45,0.04
0.45,0.45,0.04
0.55,0.45,0.04
0.65,0.45,0.04
0.75,0.45,0.04
0.85,0.45,0.04
0.95,0.45,0.04
0.05,0.55,0.04
0.15,0.55,0.04
0.25,0.55,0.04
0.35,0.55,0.04
0.45,0.55,0.04
0.55,0.55,0.04
0.65,0.55,0.04
0.75,0.55,0.04
0.85,0.55,0.04
0.95,0.55,0.04
0.05,0.65,0.04
0.15,0.65,0.04
0.25,0.65,0.04
0.35,0.65,0.04
0.45,0.65,0.04
0.55,0.65,0.04
0.65,0.65,0.04
0.75,0.65,0.04
0.85,0.65,0.04
0.95,0.65,0.04
0.05,0.75,0.04
0.15,0.75,0.04
0.25,0.75,0.04
0.35,0.75,0.04
0.45,0.75,0.04
0.55,0.75,0.04
0.65,0.75,0.04
0.75,0.75,0.04
0.85,0.75,0.04
0.95,0.75,0.04
0.05,0.85,0.04
0.15,0.85,0.04
0.25,0.85,0.04
0.35,0.85,0.04
0.45,0.85,0.04
0.55,0.85,0.04
0.65,0.85,0.04
0.75,0.85,0.04
0.85,0.85,0.04
0.95,0.85,0.04
0.05,0.95,0.04
0.15,0.95,0.04
0.25,0.95,0.04
0.35,0.95,0.04
0.45,0.95,0.04
0.55,0.95,0.04
0.65,0.95,0.04
0.75,0.95,0.04
0.85,0.95,0.04
0.95,0.95,0.04
0.05,-0.95,0.05
0.15,-0.95,0.05
0.25,-0.95,0.05
0.35,-0.95,0.05
0.45,-0.95,0.05
0.55,-0.95,0.05
0.65,-0.95,0.05
0.75,-0.95,0.05
0.85,-0.95,0.05
0.95,-0.95,0.05
0.05,-0.85,0.05
0.15,-0.85,0.05
0.25,-0.85,0.05
0.35,-0.85,0.05
0.45,-0.85,0.05
0.55,-0.85,0.05
0.65,-0.85,0.05
0.75,-0.85,0.05
0.85,-0.85,0.05
0.95,-0.85,0.05
0.05,-0.75,0.05
0.15,-0.75,0.05
0.25,-0.75,0.05
0.35,-0.75,0.05
0.45,-0.75,0.05
0.55,-0.75,0.05
0.65,-0.75,0.05
0.75,-0.75,0.05
0.85,-0.75,0.05
0.95,-0.75,0.05
0.05,-0.65,0.05
0.15,-0.65,0.05
0.25,-0.65,0.05
0.35,-0.65,0.05
0.45,-0.65,0.05
0.55,-0.65,0.05
0.65,-0.65,0.05
0.75,-0.65,0.05
0.85,-0.65,0.05
0.95,-0.65,0.05
0.05,-0.55,0.05
0.15,-0.55,0.05
0.25,-0.55,0.05
0.35,-0.55,0.05
0.45,-0.55,0.05
0.55,-0.55,0.05
0.65,-0.55,0.05
0.75,-0.55,0.05
0.85,-0.55,0.05
0.95,-0.55,0.05
0.05,-0.45,0.05
0.15,-0.45,0.05
0.25,-0.45,0.05
0.35,-0.45,0.05
0.45,-0.45,0.05
0.55,-0.45,0.05
0.65,-0.45,0.05
0.75,-0.45,0.05
0.85,-0.45,0.05
0.95,-0.45,0.05
0.05,-0.35,0.05
0.15,-0.35,0.05
0.25,-0.35,0.05
0.35,-0.35,0.05
0.45,-0.35,0.05
0.55,-0.35,0.05
0.65,-0.35,0.05
0.75,-0.35,0.05
0.85,-0.35,0.05
0.95,-0.35,0.05
0.05,-0.25,0.05
0.15,-0.25,0.05
0.25,-0.25,0.05
0.35,-0.25,0.05
0.45,-0.25,0.05
0.55,-0.25,0.05
0.65,-0.25,0.05
0.75,-0.25,0.05
0.85,-0.25,0.05
0.95,-0.25,0.05
0.05,-0.15,0.05
0.15,-0.15,0.05
0.25,-0.15,0.05
0.35,-0.15,0.05
0.45,-0.15,0.05
0.55,-0.15,0.05
0.65,-0.15,0.05
0.75,-0.15,0.05
0.85,-0.15,0.05
0.95,-0.15,0.05
0.05,-0.05,0.05
0.15,-0.05,0.05
0.25,-0.05,0.05
0.35,-0.05,0.05
0.45,-0.05,0.05
0.55,-0.05,0.05
0.65,-0.05,0.05
0.75,-0.05,0.05
0.85,-0.05,0.05
0.95,-0.05,0.05
0.05,0.05,0.05
0.15,0.05,0.05
0.25,0.05,0.05
0.35,0.05,0.05
0.45,0.05,0.05
0.55,0.05,0.05
0.65,0.05,0.05
0.75,0.05,0.05
0.85,0.05,0.05
0.95,0.05,0.05
0.05,0.15,0.05
0.15,0.15,0.05
0.25,0.15,0.05
0.35,0.15,0.05
0.45,0.15,0.05
0.55,0.15,0.05
0.65,0.15,0.05
0.75,0.15,0.05
0.85,0.15,0.05
0.95,0.15,0.05
0.05,0.25,0.05
0.15,0.25,0.05
0.25,0.25,0.05
0.35,0.25,0.05
0.45,0.25,0.05
0.55,0.25,0.05
0.65,0.25,0.05
0.75,0.25,0.05
0.85,0.25,0.05
0.95,0.25,0.05
0.05,0.35,0.05
0.15,0.35,0.05
0.25,0.35,0.05
0.35,0.35,0.05
0.45,0.35,0.05
0.55,0.35,0.05
0.65,0.35,0.05
0.75,0.35,0.05
0.85,0.35,0.05
0.95,0.35,0.05
0.05,0.45,0.05
0.15,0.45,0.05
0.25,0.45,0.05
0.35,0.45,0.05
0.45,0.45,0.05
0.55,0.45,0.05
0.65,0.45,0.05
0.75,0.45,0.05
0.85,0.45,0.05
0.95,0.45,0.05
0.05,0.55,0.05
0.15,0.55,0.05
0.25,0.55,0.05
0.35,0.55,0.05
0.45,0.55,0.05
0.55,0.55,0.05
0.65,0.55,0.05
0.75,0.55,0.05
0.85,0.55,0.05
0.95,0.55,0.05
0.05,0.65,0.05
0.15,0.65,0.05
0.25,0.65,0.05
0.35,0.65,0.05
0.45,0.65,0.05
0.55,0.65,0.05
0.65,0.65,0.05
0.75,0.65,0.05
0.85,0.65,0.05
0.95,0.65,0.05
0.05,0.75,0.05
0.15,0.75,0.05
0.25,0.75,0.05
0.35,0.75,0.05
0.45,0.75,0.05
0.55,0.75,0.05
0.65,0.75,0.05
0.75,0.75,0.05
0.85,0.75,0.05
0.95,0.75,0.05
0.05,0.85,0.05
0.15,0.85,0.05
0.25,0.85,0.05
0.35,0.85,0.05
0.45,0.85,0.05
0.55,0.85,0.05
0.65,0.85,0.05
0.75,0.85,0.05
0.85,0.85,0.05
0.95,0.85,0.05
0.05,0.95,0.05
0.15,0.95,0.05
0.25,0.95,0.05
0.35,0.95,0.05
0.45,0.95,0.05
0.55,0.95,0.05
0.65,0.95,0.05
0.75,0.95,0.05
0.85,0.95,0.05
0.95,0.95,0.05
0.05,-0.95,0.06
0.15,-0.95,0.06
0.25,-0.95,0.06
0.35,-0.95,0.06
0.45,-0.95,0.06
0.55,-0.95,0.06
0.65,-0.95,0.06
0.75,-0.95,0.06
0.85,-0.95,0.06
0.95,-0.95,0.06
0.05,-0.85,0.06
0.15,-0.85,0.06
0.25,-0.85,0.06
0.35,-0.85,0.06
0.45,-0.85,0.06
0.55,-0.85,0.06
0.65,-0.85,0.06
0.75,-0.85,0.06
0.85,-0.85,0.06
0.95,-0.85,0.06
0.05,-0.75,0.06
0.15,-0.75,0.06
0.25,-0.75,0.06
0.35,-0.75,0.06
0.45,-0.75,0.06
0.55,-0.75,0.06
0.65,-0.75,0.06
0.75,-0.75,0.06
0.85,-0.75,0.06
0.95,-0.75,0.06
0.05,-0.65,0.06
0.15,-0.65,0.06
0.25,-0.65,0.06
0.35,-0.65,0.06
0.45,-0.65,0.06
0.55,-0.65,0.06
0.65,-0.65,0.06
0.75,-0.65,0.06
0.85,-0.65,0.06
0.95,-0.65,0.06
0.05,-0.55,0.06
0.15,-0.55,0.06
0.25,-0.55,0.06
0.35,-0.55,0.06
0.45,-0.55,0.06
0.55,-0.55,0.06
0.65,-0.55,0.06
0.75,-0.55,0.06
0.85,-0.55,0.06
0.95,-0.55,0.06
0.05,-0.45,0.06
0.15,-0.45,0.06
0.25,-0.45,0.06
0.35,-0.45,0.06
0.45,-0.45,0.06
0.55,-0.45,0.06
0.65,-0.45,0.06
0.75,-0.45,0.06
0.85,-0.45,0.06
0.95,-0.45,0.06
0.05,-0.35,0.06
0.15,-0.35,0.06
0.25,-0.35,0.06
0.35,-0.35,0.06
0.45,-0.35,0.06
0.55,-0.35,0.06
0.65,-0.35,0.06
0.75,-0.35,0.06
0.85,-0.35,0.06
0.95,-0.35,0.06
0.05,-0.25,0.06
0.15,-0.25,0.06
0.25,-0.25,0.06
0.35,-0.25,0.06
0.45,-0.25,0.06
0.55,-0.25,0.06
0.65,-0.25,0.06
0.75,-0.25,0.06
0.85,-0.25,0.06
0.95,-0.25,0.06
0.05,-0.15,0.06
0.15,-0.15,0.06
0.25,-0.15,0.06
0.35,-0.15,0.06
0.45,-0.15,0.06
0.55,-0.15,0.06
0.65,-0.15,0.06
0.75,-0.15,0.06
0.85,-0.15,0.06
0.95,-0.15,0.06
0.05,-0.05,0.06
0.15,-0.05,0.06
0.25,-0.05,0.06
0.35,-0.05,0.06
0.45,-0.05,0.06
0.55,-0.05,0.06
0.65,-0.05,0.06
0.75,-0.05,0.06
0.85,-0.05,0.06
0.95,-0.05,0.06
0.05,0.05,0.06
0.15,0.05,0.06
0.25,0.05,0.06
0.35,0.05,0.06
0.45,0.05,0.06
0.55,0.05,0.06
0.65,0.05,0.06
0.75,0.05,0.06
0.85,0.05,0.06
0.95,0.05,0.06
0.05,0.15,0.06
0.15,0.15,0.06
0.25,0.15,0.06
0.35,0.15,0.06
0.45,0.15,0.06
0.55,0.15,0.06
0.65,0.15,0.06
0.75,0.15,0.06
0.85,0.15,0.06
0.95,0.15,0.06
0.05,0.25,0.06
0.15,0.25,0.06
0.25,0.25,0.06
0.35,0.25,0.06
0.45,0.25,0.06
0.55,0.25,0.06
0.65,0.25,0.06
0.75,0.25,0.06
0.85,0.25,0.06
0.95,0.25,0.06
0.05,0.35,0.06
0.15,0.35,0.06
0.25,0.35,0.06
0.35,0.35,0.06
0.45,0.35,0.06
0.55,0.35,0.06
0.65,0.35,0.06
0.75,0.35,0.06
0.85,0.35,0.06
0.95,0.35,0.06
0.05,0.45,0.06
0.15,0.45,0.06
0.25,0.45,0.06
0.35,0.45,0.06
0.45,0.45,0.06
0.55,0.45,0.06
0.65,0.45,0.06
0.75,0.45,0.06
0.85,0.45,0.06
0.95,0.45,0.06
0.05,0.55,0.06
0.15,0.55,0.06
0.25,0.55,0.06
0.35,0.55,0.06
0.45,0.55,0.06
0.55,0.55,0.06
0.65,0.55,0.06
0.75,0.55,0.06
0.85,0.55,0.06
0.95,0.55,0.06
0.05,0.65,0.06
0.15,0.65,0.06
0.25,0.65,0.06
0.35,0.65,0.06
0.45,0.65,0.06
0.55,0.65,0.06
0.65,0.65,0.06
0.75,0.65,0.06
0.85,0.65,0.06
0.95,0.65,0.06
0.05,0.75,0.06
0.15,0.75,0.06
0.25,0.75,0.06
0.35,0.75,0.06
0.45,0.75,0.06
0.55,0.75,0.06
0.65,0.75,0.06
0.75,0.75,0.06
0.85,0.75,0.06
0.95,0.75,0.06
0.05,0.85,0.06
0.15,0.85,0.06
0.25,0.85,0.06
0.35,0.85,0.06
0.45,0.85,0.06
0.55,0.85,0.06
0.65,0.85,0.06
0.75,0.85,0.06
0.85,0.85,0.06
0.95,0.85,0.06
0.05,0.95,0.06
0.15,0.95,0.06
0.25,0.95,0.06
0.35,0.95,0.06
0.45,0.95,0.06
0.55,0.95,0.06
0.65,0.95,0.06
0.75,0.95,0.06
0.85,0.95,0.06
0.95,0.95,0.06
0.05,-0.95,0.07
0.15,-0.95,0.07
0.25,-0.95,0.07
0.35,-0.95,0.07
0.45,-0.95,0.07
0.55,-0.95,0.07
0.65,-0.95,0.07
0.75,-0.95,0.07
0.85,-0.95,0.07
0.95,-0.95,0.07
0.05,-0.85,0.07
0.15,-0.85,0.07
0.25,-0.85,0.07
0.35,-0.85,0.07
0.45,-0.85,0.07
0.55,-0.85,0.07
0.65,-0.85,0.07
0.75,-0.85,0.07
0.85,-0.85,0.07
0.95,-0.85,0.07
0.05,-0.75,0.07
0.15,-0.75,0.07
0.25,-0.75,0.07
0.35,-0.75,0.07
0.45,-0.75,0.07
0.55,-0.75,0.07
0.65,-0.75,0.07
0.75,-0.75,0.07
0.85,-0.75,0.07
0.95,-0.75,0.07
0.05,-0.65,0.07
0.15,-0.65,0.07
0.25,-0.65,0.07
0.35,-0.65,0.07
0.45,-0.65,0.07
0.55,-0.65,0.07
0.65,-0.65,0.07
0.75,-0.65,0.07
0.85,-0.65,0.07
0.95,-0.65,0.07
0.05,-0.55,0.07
0.15,-0.55,0.07
0.25,-0.55,0.07
0.35,-0.55,0.07
0.45,-0.55,0.07
0.55,-0.55,0.07
0.65,-0.55,0.07
0.75,-0.55,0.07
0.85,-0.55,0.07
0.95,-0.55,0.07
0.05,-0.45,0.07
0.15,-0.45,0.07
0.25,-0.45,0.07
0.35,-0.45,0.07
0.45,-0.45,0.07
0.55,-0.45,0.07
0.65,-0.45,0.07
0.75,-0.45,0.07
0.85,-0.45,0.07
0.95,-0.45,0.07
0.05,-0.35,0.07
0.15,-0.35,0.07
0.25,-0.35,0.07
0.35,-0.35,0.07
0.45,-0.35,0.07
0.55,-0.35,0.07
0.65,-0.35,0.07
0.75,-0.35,0.07
0.85,-0.35,0.07
0.95,-0.35,0.07
0.05,-0.25,0.07
0.15,-0.25,0.07
0.25,-0.25,0.07
0.35,-0.25,0.07
0.45,-0.25,0.07
0.55,-0.25,0.07
0.65,-0.25,0.07
0.75,-0.25,0.07
0.85,-0.25,0.07
0.95,-0.25,0.07
0.05,-0.15,0.07
0.15,-0.15,0.07
0.25,-0.15,0.07
0.35,-0.15,0.07
0.45,-0.15,0.07
0.55,-0.15,0.07
0.65,-0.15,0.07
0.75,-0.15,0.07
0.85,-0.15,0.07
0.95,-0.15,0.07
0.05,-0.05,0.07
0.15,-0.05,0.07
0.25,-0.05,0.07
0.35,-0.05,0.07
0.45,-0.05,0.07
0.55,-0.05,0.07
0.65,-0.05,0.07
0.75,-0.05,0.07
0.85,-0.05,0.07
0.95,-0.05,0.07
0.05,0.05,0.07
0.15,0.05,0.07
0.25,0.05,0.07
0.35,0.05,0.07
0.45,0.05,0.07
0.55,0.05,0.07
0.65,0.05,0.07
0.75,0.05,0.07
0.85,0.05,0.07
0.95,0.05,0.07
0.05,0.15,0.07
0.15,0.15,0.07
0.25,0.15,0.07
0.35,0.15,0.07
0.45,0.15,0.07
0.55,0.15,0.07
0.65,0.15,0.07
0.75,0.15,0.07
0.85,0.15,0.07
0.95,0.15,0.07
0.05,0.25,0.07
0.15,0.25,0.07
0.25,0.25,0.07
0.35,0.25,0.07
0.45,0.25,0.07
0.55,0.25,0.07
0.65,0.25,0.07
0.75,0.25,0.07
0.85,0.25,0.07
0.95,0.25,0.07
0.05,0.35,0.07
0.15,0.35,0.07
0.25,0.35,0.07
0.35,0.35,0.07
0.45,0.35,0.07
0.55,0.35,0.07
0.65,0.35,0.07
0.75,0.35,0.07
0.85,0.35,0.07
0.95,0.35,0.07
0.05,0.45,0.07
0.15,0.45,0.07
0.25,0.45,0.07
0.35,0.45,0.07
0.45,0.45,0.07
0.55,0.45,0.07
0.65,0.45,0.07
0.75,0.45,0.07
0.85,0.45,0.07
0.95,0.45,0.07
0.05,0.55,0.07
0.15,0.55,0.07
0.25,0.55,0.07
0.35,0.55,0.07
0.45,0.55,0.07
0.55,0.55,0.07
0.65,0.55,0.07
0.75,0.55,0.07
0.85,0.55,0.07
0.95,0.55,0.07
0.05,0.65,0.07
0.15,0.65,0.07
0.25,0.65,0.07
0.35,0.65,0.07
0.45,0.65,0.07
0.55,0.65,0.07
0.65,0.65,0.07
0.75,0.65,0.07
0.85,0.65,0.07
0.95,0.65,0.07
0.05,0.75,0.07
0.15,0.75,0.07
0.25,0.75,0.07
0.35,0.75,0.07
0.45,0.75,0.07
0.55,0.75,0.07
0.65,0.75,0.07
0.75,0.75,0.07
0.85,0.75,0.07
0.95,0.75,0.07
0.05,0.85,0.07
0.15,0.85,0.07
0.25,0.85,0.07
0.35,0.85,0.07
0.45,0.85,0.07
0.55,0.85,0.07
0.65,0.85,0.07
0.75,0.85,0.07
0.85,0.85,0.07
0.95,0.85,0.07
0.05,0.95,0.07
0.15,0.95,0.07
0.25,0.95,0.07
0.35,0.95,0.07
0.45,0.95,0.07
0.55,0.95,0.07
0.65,0.95,0.07
0.75,0.95,0.07
0.85,0.95,0.07
0.95,0.95,0.07
0.05,-0.95,0.08
0.15,-0.95,0.08
0.25,-0.95,0.08
0.35,-0.95,0.08
0.45,-0.95,0.08
0.55,-0.95,0.08
0.65,-0.95,0.08
0.75,-0.95,0.08
0.85,-0.95,0.08
0.95,-0.95,0.08
0.05,-0.85,0.08
0.15,-0.85,0.08
0.25,-0.85,0.08
0.35,-0.85,0.08
0.45,-0.85,0.08
0.55,-0.85,0.08
0.65,-0.85,0.08
0.75,-0.85,0.08
0.85,-0.85,0.08
0.95,-0.85,0.08
0.05,-0.75,0.08
0.15,-0.75,0.08
0.25,-0.75,0.08
0.35,-0.75,0.08
0.45,-0.75,0.08
0.55,-0.75,0.08
0.65,-0.75,0.08
0.75,-0.75,0.08
0.85,-0.75,0.08
0.95,-0.75,0.08
0.05,-0.65,0.08
0.15,-0.65,0.08
0.25,-0.65,0.08
0.35,-0.65,0.08
0.45,-0.65,0.08
0.55,-0.65,0.08
0.65,-0.65,0.08
0.75,-0.65,0.08
0.85,-0.65,0.08
0.95,-0.65,0.08
0.05,-0.55,0.08
0.15,-0.55,0.08
0.25,-0.55,0.08
0.35,-0.55,0.08
0.45,-0.55,0.08
0.55,-0.55,0.08
0.65,-0.55,0.08
0.75,-0.55,0.08
0.85,-0.55,0.08
0.95,-0.55,0.08
0.05,-0.45,0.08
0.15,-0.45,0.08
0.25,-0.45,0.08
0.35,-0.45,0.08
0.45,-0.45,0.08
0.55,-0.45,0.08
0.65,-0.45,0.08
0.75,-0.45,0.08
0.85,-0.45,0.08
0.95,-0.45,0.08
0.05,-0.35,0.08
0.15,-0.35,0.08
0.25,-0.35,0.08
0.35,-0.35,0.08
0.45,-0.35,0.08
0.55,-0.35,0.08
0.65,-0.35,0.08
0.75,-0.35,0.08
0.85,-0.35,0.08
0.95,-0.35,0.08
0.05,-0.25,0.08
0.15,-0.25,0.08
0.25,-0.25,0.08
0.35,-0.25,0.08
0.45,-0.25,0.08
0.55,-0.25,0.08
0.65,-0.25,0.08
0.75,-0.25,0.08
0.85,-0.25,0.08
0.95,-0.25,0.08
0.05,-0.15,0.08
0.15,-0.15,0.08
0.25,-0.15,0.08
0.35,-0.15,0.08
0.45,-0.15,0.08
0.55,-0.15,0.08
0.65,-0.15,0.08
0.75,-0.15,0.08
0.85,-0.15,0.08
0.95,-0.15,0.08
0.05,-0.05,0.08
0.15,-0.05,0.08
0.25,-0.05,0.08
0.35,-0.05,0.08
0.45,-0.05,0.08
0.55,-0.05,0.08
0.65,-0.05,0.08
0.75,-0.05,0.08
0.85,-0.05,0.08
0.95,-0.05,0.08
0.05,0.05,0.08
0.15,0.05,0.08
0.25,0.05,0.08
0.35,0.05,0.08
0.45,0.05,0.08
0.55,0.05,0.08
0.65,0.05,0.08
0.75,0.05,0.08
0.85,0.05,0.08
0.95,0.05,0.08
0.05,0.15,0.08
0.15,0.15,0.08
0.25,0.15,0.08
0.35,0.15,0.08
0.45,0.15,0.08
0.55,0.15,0.08
0.65,0.15,0.08
0.75,0.15,0.08
0.85,0.15,0.08
0.95,0.15,0.08
0.05,0.25,0.08
0.15,0.25,0.08
0.25,0.25,0.08
0.35,0.25,0.08
0.45,0.25,0.08
0.55,0.25,0.08
0.65,0.25,0.08
0.75,0.25,0.08
0.85,0.25,0.08
0.95,0.25,0.08
0.05,0.35,0.08
0.15,0.35,0.08
0.25,0.35,0.08
0.35,0.35,0.08
0.45,0.35,0.08
0.55,0.35,0.08
0.65,0.35,0.08
0.75,0.35,0.08
0.85,0.35,0.08
0.95,0.35,0.08
0.05,0.45,0.08
0.15,0.45,0.08
0.25,0.45,0.08
0.35,0.45,0.08
0.45,0.45,0.08
0.55,0.45,0.08
0.65,0.45,0.08
0.75,0.45,0.08
0.85,0.45,0.08
0.95,0.45,0.08
0.05,0.55,0.08
0.15,0.55,0.08
0.25,0.55,0.08
0.35,0.55,0.08
0.45,0.55,0.08
0.55,0.55,0.08
0.65,0.55,0.08
0.75,0.55,0.08
0.85,0.55,0.08
0.95,0.55,0.08
0.05,0.65,0.08
0.15,0.65,0.08
0.25,0.65,0.08
0.35,0.65,0.08
0.45,0.65,0.08
0.55,0.65,0.08
0.65,0.65,0.08
0.75,0.65,0.08
0.85,0.65,0.08
0.95,0.65,0.08
0.05,0.75,0.08
0.15,0.75,0.08
0.25,0.75,0.08
0.35,0.75,0.08
0.45,0.75,0.08
0.55,0.75,0.08
0.65,0.75,0.08
0.75,0.75,0.08
0.85,0.75,0.08
0.95,0.75,0.08
0.05,0.85,0.08
0.15,0.85,0.08
0.25,0.85,0.08
0.35,0.85,0.08
0.45,0.85,0.08
0.55,0.85,0.08
0.65,0.85,0.08
0.75,0.85,0.08
0.85,0.85,0.08
0.95,0.85,0.08
0.05,0.95,0.08
0.15,0.95,0.08
0.25,0.95,0.08
0.35,0.95,0.08
0.45,0.95,0.08
0.55,0.95,0.08
0.65,0.95,0.08
0.75,0.95,0.08
0.85,0.95,0.08
0.95,0.95,0.08
0.05,-0.95,0.09
0.15,-0.95,0.09
0.25,-0.95,0.09
0.35,-0.95,0.09
0.45,-0.95,0.09
0.55,-0.95,0.09
0.65,-0.95,0.09
0.75,-0.95,0.09
0.85,-0.95,0.09
0.95,-0.95,0.09
0.05,-0.85,0.09
0.15,-0.85,0.09
0.25,-0.85,0.09
0.35,-0.85,0.09
0.45,-0.85,0.09
0.55,-0.85,0.09
0.65,-0.85,0.09
0.75,-0.85,0.09
0.85,-0.85,0.09
0.95,-0.85,0.09
0.05,-0.75,0.09
0.15,-0.75,0.09
0.25,-0.75,0.09
0.35,-0.75,0.09
0.45,-0.75,0.09
0.55,-0.75,0.09
0.65,-0.75,0.09
0.75,-0.75,0.09
0.85,-0.75,0.09
0.95,-0.75,0.09
0.05,-0.65,0.09
0.15,-0.65,0.09
0.25,-0.65,0.09
0.35,-0.65,0.09
0.45,-0.65,0.09
0.55,-0.65,0.09
0.65,-0.65,0.09
0.75,-0.65,0.09
0.85,-0.65,0.09
0.95,-0.65,0.09
0.05,-0.55,0.09
0.15,-0.55,0.09
0.25,-0.55,0.09
0.35,-0.55,0.09
0.45,-0.55,0.09
0.55,-0.55,0.09
0.65,-0.55,0.09
0.75,-0.55,0.09
0.85,-0.55,0.09
0.95,-0.55,0.09
0.05,-0.45,0.09
0.15,-0.45,0.09
0.25,-0.45,0.09
0.35,-0.45,0.09
0.45,-0.45,0.09
0.55,-0.45,0.09
0.65,-0.45,0.09
0.75,-0.45,0.09
0.85,-0.45,0.09
0.95,-0.45,0.09
0.05,-0.35,0.09
0.15,-0.35,0.09
0.25,-0.35,0.09
0.35,-0.35,0.09
0.45,-0.35,0.09
0.55,-0.35,0.09
0.65,-0.35,0.09
0.75,-0.35,0.09
0.85,-0.35,0.09
0.95,-0.35,0.09
0.05,-0.25,0.09
0.15,-0.25,0.09
0.25,-0.25,0.09
0.35,-0.25,0.09
0.45,-0.25,0.09
0.55,-0.25,0.09
0.65,-0.25,0.09
0.75,-0.25,0.09
0.85,-0.25,0.09
0.95,-0.25,0.09
0.05,-0.15,0.09
0.15,-0.15,0.09
0.25,-0.15,0.09
0.35,-0.15,0.09
0.45,-0.15,0.09
0.55,-0.15,0.09
0.65,-0.15,0.09
0.75,-0.15,0.09
0.85,-0.15,0.09
0.95,-0.15,0.09
0.05,-0.05,0.09
0.15,-0.05,0.09
0.25,-0.05,0.09
0.35,-0.05,0.09
0.45,-0.05,0.09
0.55,-0.05,0.09
0.65,-0.05,0.09
0.75,-0.05,0.09
0.85,-0.05,0.09
0.95,-0.05,0.09
0.05,0.05,0.09
0.15,0.05,0.09
0.25,0.05,0.09
0.35,0.05,0.09
0.45,0.05,0.09
0.55,0.05,0.09
0.65,0.05,0.09
0.75,0.05,0.09
0.85,0.05,0.09
0.95,0.05,0.09
0.05,0.15,0.09
0.15,0.15,0.09
0.25,0.15,0.09
0.35,0.15,0.09
0.45,0.15,0.09
0.55,0.15,0.09
0.65,0.15,0.09
0.75,0.15,0.09
0.85,0.15,0.09
0.95,0.15,0.09
0.05,0.25,0.09
0.15,0.25,0.09
0.25,0.25,0.09
0.35,0.25,0.09
0.45,0.25,0.09
0.55,0.25,0.09
0.65,0.25,0.09
0.75,0.25,0.09
0.85,0.25,0.09
0.95,0.25,0.09
0.05,0.35,0.09
0.15,0.35,0.09
0.25,0.35,0.09
0.35,0.35,0.09
0.45,0.35,0.09
0.55,0.35,0.09
0.65,0.35,0.09
0.75,0.35,0.09
0.85,0.35,0.09
0.95,0.35,0.09
0.05,0.45,0.09
0.15,0.45,0.09
0.25,0.45,0.09
0.35,0.45,0.09
0.45,0.45,0.09
0.55,0.45,0.09
0.65,0.45,0.09
0.75,0.45,0.09
0.85,0.45,0.09
0.95,0.45,0.09
0.05,0.55,0.09
0.15,0.55,0.09
0.25,0.55,0.09
0.35,0.55,0.09
0.45,0.55,0.09
0.55,0.55,0.09
0.65,0.55,0.09
0.75,0.55,0.09
0.85,0.55,0.09
0.95,0.55,0.09
0.05,0.65,0.09
0.15,0.65,0.09
0.25,0.65,0.09
0.35,0.65,0.09
0.45,0.65,0.09
0.55,0.65,0.09
0.65,0.65,0.09
0.75,0.65,0.09
0.85,0.65,0.09
0.95,0.65,0.09
0.05,0.75,0.09
0.15,0.75,0.09
0.25,0.75,0.09
0.35,0.75,0.09
0.45,0.75,0.09
0.55,0.75,0.09
0.65,0.75,0.09
0.75,0.75,0.09
0.85,0.75,0.09
0.95,0.75,0.09
0.05,0.85,0.09
0.15,0.85,0.09
0.25,0.85,0.09
0.35,0.85,0.09
0.45,0.85,0.09
0.55,0.85,0.09
0.65,0.85,0.09
0.75,0.85,0.09
0.85,0.85,0.09
0.95,0.85,0.09
0.05,0.95,0.09
0.15,0.95,0.09
0.25,0.95,0.09
0.35,0.95,0.09
0.45,0.95,0.09
0.55,0.95,0.09
0.65,0.95,0.09
0.75,0.95,0.09
0.85,0.95,0.09
0.95,0.95,0.09
0.05,-0.95,0.1
0.15,-0.95,0.1
0.25,-0.95,0.1
0.35,-0.95,0.1
0.45,-0.95,0.1
0.55,-0.95,0.1
0.65,-0.95,0.1
0.75,-0.95,0.1
0.85,-0.95,0.1
0.95,-0.95,0.1
0.05,-0.85,0.1
0.15,-0.85,0.1
0.25,-0.85,0.1
0.35,-0.85,0.1
0.45,-0.85,0.1
0.55,-0.85,0.1
0.65,-0.85,0.1
0.75,-0.85,0.1
0.85,-0.85,0.1
0.95,-0.85,0.1
0.05,-0.75,0.1
0.15,-0.75,0.1
0.25,-0.75,0.1
0.35,-0.75,0.1
0.45,-0.75,0.1
0.55,-0.75,0.1
0.65,-0.75,0.1
0.75,-0.75,0.1
0.85,-0.75,0.1
0.95,-0.75,0.1
0.05,-0.65,0.1
0.15,-0.65,0.1
0.25,-0.65,0.1
0.35,-0.65,0.1
0.45,-0.65,0.1
0.55,-0.65,0.1
0.65,-0.65,0.1
0.75,-0.65,0.1
0.85,-0.65,0.1
0.95,-0.65,0.1
0.05,-0.55,0.1
0.15,-0.55,0.1
0.25,-0.55,0.1
0.35,-0.55,0.1
0.45,-0.55,0.1
0.55,-0.55,0.1
0.65,-0.55,0.1
0.75,-0.55,0.1
0.85,-0.55,0.1
0.95,-0.55,0.1
0.05,-0.45,0.1
0.15,-0.45,0.1
0.25,-0.45,0.1
0.35,-0.45,0.1
0.45,-0.45,0.1
0.55,-0.45,0.1
0.65,-0.45,0.1
0.75,-0.45,0.1
0.85,-0.45,0.1
0.95,-0.45,0.1
0.05,-0.35,0.1
0.15,-0.35,0.1
0.25,-0.35,0.1
0.35,-0.35,0.1
0.45,-0.35,0.1
0.55,-0.35,0.1
0.65,-0.35,0.1
0.75,-0.35,0.1
0.85,-0.35,0.1
0.95,-0.35,0.1
0.05,-0.25,0.1
0.15,-0.25,0.1
0.25,-0.25,0.1
0.35,-0.25,0.1
0.45,-0.25,0.1
0.55,-0.25,0.1
0.65,-0.25,0.1
0.75,-0.25,0.1
0.85,-0.25,0.1
0.95,-0.25,0.1
0.05,-0.15,0.1
0.15,-0.15,0.1
0.25,-0.15,0.1
0.35,-0.15,0.1
0.45,-0.15,0.1
0.55,-0.15,0.1
0.65,-0.15,0.1
0.75,-0.15,0.1
0.85,-0.15,0.1
0.95,-0.15,0.1
0.05,-0.05,0.1
0.15,-0.05,0.1
0.25,-0.05,0.1
0.35,-0.05,0.1
0.45,-0.05,0.1
0.55,-0.05,0.1
0.65,-0.05,0.1
0.75,-0.05,0.1
0.85,-0.05,0.1
0.95,-0.05,0.1
0.05,0.05,0.1
0.15,0.05,0.1
0.25,0.05,0.1
0.35,0.05,0.1
0.45,0.05,0.1
0.55,0.05,0.1
0.65,0.05,0.1
0.75,0.05,0.1
0.85,0.05,0.1
0.95,0.05,0.1
0.05,0.15,0.1
0.15,0.15,0.1
0.25,0.15,0.1
0.35,0.15,0.1
0.45,0.15,0.1
0.55,0.15,0.1
0.65,0.15,0.1
0.75,0.15,0.1
0.85,0.15,0.1
0.95,0.15,0.1
0.05,0.25,0.1
0.15,0.25,0.1
0.25,0.25,0.1
0.35,0.25,0.1
0.45,0.25,0.1
0.55,0.25,0.1
0.65,0.25,0.1
0.75,0.25,0.1
0.85,0.25,0.1
0.95,0.25,0.1
0.05,0.35,0.1
0.15,0.35,0.1
0.25,0.35,0.1
0.35,0.35,0.1
0.45,0.35,0.1
0.55,0.35,0.1
0.65,0.35,0.1
0.75,0.35,0.1
0.85,0.35,0.1
0.95,0.35,0.1
0.05,0.45,0.1
0.15,0.45,0.1
0.25,0.45,0.1
0.35,0.45,0.1
0.45,0.45,0.1
0.55,0.45,0.1
0.65,0.45,0.1
0.75,0.45,0.1
0.85,0.45,0.1
0.95,0.45,0.1
0.05,0.55,0.1
0.15,0.55,0.1
0.25,0.55,0.1
0.35,0.55,0.1
0.45,0.55,0.1
0.55,0.55,0.1
0.65,0.55,0.1
0.75,0.55,0.1
0.85,0.55,0.1
0.95,0.55,0.1
0.05,0.65,0.1
0.15,0.65,0.1
0.25,0.65,0.1
0.35,0.65,0.1
0.45,0.65,0.1
0.55,0.65,0.1
0.65,0.65,0.1
0.75,0.65,0.1
0.85,0.65,0.1
0.95,0.65,0.1
0.05,0.75,0.1
0.15,0.75,0.1
0.25,0.75,0.1
0.35,0.75,0.1
0.45,0.75,0.1
0.55,0.75,0.1
0.65,0.75,0.1
0.75,0.75,0.1
0.85,0.75,0.1
0.95,0.75,0.1
0.05,0.85,0.1
0.15,0.85,0.1
0.25,0.85,0.1
0.35,0.85,0.1
0.45,0.85,0.1
0.55,0.85,0.1
0.65,0.85,0.1
0.75,0.85,0.1
0.85,0.85,0.1
0.95,0.85,0.1
0.05,0.95,0.1
0.15,0.95,0.1
0.25,0.95,0.1
0.35,0.95,0.1
0.45,0.95,0.1
0.55,0.95,0.1
0.65,0.95,0.1
0.75,0.95,0.1
0.85,0.95,0.1
0.95,0.95,0.1
0.05,-0.95,0.11
0.15,-0.95,0.11
0.25,-0.95,0.11
0.35,-0.95,0.11
0.45,-0.95,0.11
0.55,-0.95,0.11
0.65,-0.95,0.11
0.75,-0.95,0.11
0.85,-0.95,0.11
0.95,-0.95,0.11
0.05,-0.85,0.11
0.15,-0.85,0.11
0.25,-0.85,0.11
0.35,-0.85,0.11
0.45,-0.85,0.11
0.55,-0.85,0.11
0.65,-0.85,0.11
0.75,-0.85,0.11
0.85,-0.85,0.11
0.95,-0.85,0.11
0.05,-0.75,0.11
0.15,-0.75,0.11
0.25,-0.75,0.11
0.35,-0.75,0.11
0.45,-0.75,0.11
0.55,-0.75,0.11
0.65,-0.75,0.11
0.75,-0.75,0.11
0.85,-0.75,0.11
0.95,-0.75,0.11
0.05,-0.65,0.11
0.15,-0.65,0.11
0.25,-0.65,0.11
0.35,-0.65,0.11
0.45,-0.65,0.11
0.55,-0.65,0.11
0.65,-0.65,0.11
0.75,-0.65,0.11
0.85,-0.65,0.11
0.95,-0.65,0.11
0.05,-0.55,0.11
0.15,-0.55,0.11
0.25,-0.55,0.11
0.35,-0.55,0.11
0.45,-0.55,0.11
0.55,-0.55,0.11
0.65,-0.55,0.11
0.75,-0.55,0.11
0.85,-0.55,0.11
0.95,-0.55,0.11
0.05,-0.45,0.11
0.15,-0.45,0.11
0.25,-0.45,0.11
0.35,-0.45,0.11
0.45,-0.45,0.11
0.55,-0.45,0.11
0.65,-0.45,0.11
0.75,-0.45,0.11
0.85,-0.45,0.11
0.95,-0.45,0.11
0.05,-0.35,0.11
0.15,-0.35,0.11
0.25,-0.35,0.11
0.35,-0.35,0.11
0.45,-0.35,0.11
0.55,-0.35,0.11
0.65,-0.35,0.11
0.75,-0.35,0.11
0.85,-0.35,0.11
0.95,-0.35,0.11
0.05,-0.25,0.11
0.15,-0.25,0.11
0.25,-0.25,0.11
0.35,-0.25,0.11
0.45,-0.25,0.11
0.55,-0.25,0.11
0.65,-0.25,0.11
0.75,-0.25,0.11
0.85,-0.25,0.11
0.95,-0.25,0.11
0.05,-0.15,0.11
0.15,-0.15,0.11
0.25,-0.15,0.11
0.35,-0.15,0.11
0.45,-0.15,0.11
0.55,-0.15,0.11
0.65,-0.15,0.11
0.75,-0.15,0.11
0.85,-0.15,0.11
0.95,-0.15,0.11
0.05,-0.05,0.11
0.15,-0.05,0.11
0.25,-0.05,0.11
0.35,-0.05,0.11
0.45,-0.05,0.11
0.55,-0.05,0.11
0.65,-0.05,0.11
0.75,-0.05,0.11
0.85,-0.05,0.11
0.95,-0.05,0.11
0.05,0.05,0.11
0.15,0.05,0.11
0.25,0.05,0.11
0.35,0.05,0.11
0.45,0.05,0.11
0.55,0.05,0.11
0.65,0.05,0.11
0.75,0.05,0.11
0.85,0.05,0.11
0.95,0.05,0.11
0.05,0.15,0.11
0.15,0.15,0.11
0.25,0.15,0.11
0.35,0.15,0.11
0.45,0.15,0.11
0.55,0.15,0.11
0.65,0.15,0.11
0.75,0.15,0.11
0.85,0.15,0.11
0.95,0.15,0.11
0.05,0.25,0.11
0.15,0.25,0.11
0.25,0.25,0.11
0.35,0.25,0.11
0.45,0.25,0.11
0.55,0.25,0.11
0.65,0.25,0.11
0.75,0.25,0.11
0.85,0.25,0.11
0.95,0.25,0.11
0.05,0.35,0.11
0.15,0.35,0.11
0.25,0.35,0.11
0.35,0.35,0.11
0.45,0.35,0.11
0.55,0.35,0.11
0.65,0.35,0.11
0.75,0.35,0.11
0.85,0.35,0.11
0.95,0.35,0.11
0.05,0.45,0.11
0.15,0.45,0.11
0.25,0.45,0.11
0.35,0.45,0.11
0.45,0.45,0.11
0.55,0.45,0.11
0.65,0.45,0.11
0.75,0.45,0.11
0.85,0.45,0.11
0.95,0.45,0.11
0.05,0.55,0.11
0.15,0.55,0.11
0.25,0.55,0.11
0.35,0.55,0.11
0.45,0.55,0.11
0.55,0.55,0.11
0.65,0.55,0.11
0.75,0.55,0.11
0.85,0.55,0.11
0.95,0.55,0.11
0.05,0.65,0.11
0.15,0.65,0.11
0.25,0.65,0.11
0.35,0.65,0.11
0.45,0.65,0.11
0.55,0.65,0.11
0.65,0.65,0.11
0.75,0.65,0.11
0.85,0.65,0.11
0.95,0.65,0.11
0.05,0.75,0.11
0.15,0.75,0.11
0.25,0.75,0.11
0.35,0.75,0.11
0.45,0.75,0.11
0.55,0.75,0.11
0.65,0.75,0.11
0.75,0.75,0.11
0.85,0.75,0.11
0.95,0.75,0.11
0.05,0.85,0.11
0.15,0.85,0.11
0.25,0.85,0.11
0.35,0.85,0.11
0.45,0.85,0.11
0.55,0.85,0.11
0.65,0.85,0.11
0.75,0.85,0.11
0.85,0.85,0.11
0.95,0.85,0.11
0.05,0.95,0.11
0.15,0.95,0.11
0.25,0.95,0.11
0.35,0.95,0.11
0.45,0.95,0.11
0.55,0.95,0.11
0.65,0.95,0.11
0.75,0.95,0.11
0.85,0.95,0.11
0.95,0.95,0.11
0.05,-0.95,0.12
0.15,-0.95,0.12
0.25,-0.95,0.12
0.35,-0.95,0.12
0.45,-0.95,0.12
0.55,-0.95,0.12
0.65,-0.95,0.12
0.75,-0.95,0.12
0.85,-0.95,0.12
0.95,-0.95,0.12
0.05,-0.85,0.12
0.15,-0.85,0.12
0.25,-0.85,0.12
0.35,-0.85,0.12
0.45,-0.85,0.12
0.55,-0.85,0.12
0.65,-0.85,0.12
0.75,-0.85,0.12
0.85,-0.85,0.12
0.95,-0.85,0.12
0.05,-0.75,0.12
0.15,-0.75,0.12
0.25,-0.75,0.12
0.35,-0.75,0.12
0.45,-0.75,0.12
0.55,-0.75,0.12
0.65,-0.75,0.12
0.75,-0.75,0.12
0.85,-0.75,0.12
0.95,-0.75,0.12
0.05,-0.65,0.12
0.15,-0.65,0.12
0.25,-0.65,0.12
0.35,-0.65,0.12
0.45,-0.65,0.12
0.55,-0.65,0.12
0.65,-0.65,0.12
0.75,-0.65,0.12
0.85,-0.65,0.12
0.95,-0.65,0.12
0.05,-0.55,0.12
0.15,-0.55,0.12
0.25,-0.55,0.12
0.35,-0.55,0.12
0.45,-0.55,0.12
0.55,-0.55,0.12
0.65,-0.55,0.12
0.75,-0.55,0.12
0.85,-0.55,0.12
0.95,-0.55,0.12
0.05,-0.45,0.12
0.15,-0.45,0.12
0.25,-0.45,0.12
0.35,-0.45,0.12
0.45,-0.45,0.12
0.55,-0.45,0.12
0.65,-0.45,0.12
0.75,-0.45,0.12
0.85,-0.45,0.12
0.95,-0.45,0.12
0.05,-0.35,0.12
0.15,-0.35,0.12
0.25,-0.35,0.12
0.35,-0.35,0.12
0.45,-0.35,0.12
0.55,-0.35,0.12
0.65,-0.35,0.12
0.75,-0.35,0.12
0.85,-0.35,0.12
0.95,-0.35,0.12
0.05,-0.25,0.12
0.15,-0.25,0.12
0.25,-0.25,0.12
0.35,-0.25,0.12
0.45,-0.25,0.12
0.55,-0.25,0.12
0.65,-0.25,0.12
0.75,-0.25,0.12
0.85,-0.25,0.12
0.95,-0.25,0.12
0.05,-0.15,0.12
0.15,-0.15,0.12
0.25,-0.15,0.12
0.35,-0.15,0.12
0.45,-0.15,0.12
0.55,-0.15,0.12
0.65,-0.15,0.12
0.75,-0.15,0.12
0.85,-0.15,0.12
0.95,-0.15,0.12
0.05,-0.05,0.12
0.15,-0.05,0.12
0.25,-0.05,0.12
0.35,-0.05,0.12
0.45,-0.05,0.12
0.55,-0.05,0.12
0.65,-0.05,0.12
0.75,-0.05,0.12
0.85,-0.05,0.12
0.95,-0.05,0.12
0.05,0.05,0.12
0.15,0.05,0.12
0.25,0.05,0.12
0.35,0.05,0.12
0.45,0.05,0.12
0.55,0.05,0.12
0.65,0.05,0.12
0.75,0.05,0.12
0.85,0.05,0.12
0.95,0.05,0.12
0.05,0.15,0.12
0.15,0.15,0.12
0.25,0.15,0.12
0.35,0.15,0.12
0.45,0.15,0.12
0.55,0.15,0.12
0.65,0.15,0.12
0.75,0.15,0.12
0.85,0.15,0.12
0.95,0.15,0.12
0.05,0.25,0.12
0.15,0.25,0.12
0.25,0.25,0.12
0.35,0.25,0.12
0.45,0.25,0.12
0.55,0.25,0.12
0.65,0.25,0.12
0.75,0.25,0.12
0.85,0.25,0.12
0.95,0.25,0.12
0.05,0.35,0.12
0.15,0.35,0.12
0.25,0.35,0.12
0.35,0.35,0.12
0.45,0.35,0.12
0.55,0.35,0.12
0.65,0.35,0.12
0.75,0.35,0.12
0.85,0.35,0.12
0.95,0.35,0.12
0.05,0.45,0.12
0.15,0.45,0.12
0.25,0.45,0.12
0.35,0.45,0.12
0.45,0.45,0.12
0.55,0.45,0.12
0.65,0.45,0.12
0.75,0.45,0.12
0.85,0.45,0.12
0.95,0.45,0.12
0.05,0.55,0.12
0.15,0.55,0.12
0.25,0.55,0.12
0.35,0.55,0.12
0.45,0.55,0.12
0.55,0.55,0.12
0.65,0.55,0.12
0.75,0.55,0.12
0.85,0.55,0.12
0.95,0.55,0.12
0.05,0.65,0.12
0.15,0.65,0.12
0.25,0.65,0.12
0.35,0.65,0.12
0.45,0.65,0.12
0.55,0.65,0.12
0.65,0.65,0.12
0.75,0.65,0.12
0.85,0.65,0.12
0.95,0.65,0.12
0.05,0.75,0.12
0.15,0.75,0.12
0.25,0.75,0.12
0.35,0.75,0.12
0.45,0.75,0.12
0.55,0.75,0.12
0.65,0.75,0.12
0.75,0.75,0.12
0.85,0.75,0.12
0.95,0.75,0.12
0.05,0.85,0.12
0.15,0.85,0.12
0.25,0.85,0.12
0.35,0.85,0.12
0.45,0.85,0.12
0.55,0.85,0.12
0.65,0.85,0.12
0.75,0.85,0.12
0.85,0.85,0.12
0.95,0.85,0.12
0.05,0.95,0.12
0.15,0.95,0.12
0.25,0.95,0.12
0.35,0.95,0.12
0.45,0.95,0.12
0.55,0.95,0.12
0.65,0.95,0.12
0.75,0.95,0.12
0.85,0.95,0.12
0.95,0.95,0.12
0.05,-0.95,0.13
0.15,-0.95,0.13
0.25,-0.95,0.13
0.35,-0.95,0.13
0.45,-0.95,0.13
0.55,-0.95,0.13
0.65,-0.95,0.13
0.75,-0.95,0.13
0.85,-0.95,0.13
0.95,-0.95,0.13
0.05,-0.85,0.13
0.15,-0.85,0.13
0.25,-0.85,0.13
0.35,-0.85,0.13
0.45,-0.85,0.13
0.55,-0.85,0.13
0.65,-0.85,0.13
0.75,-0.85,0.13
0.85,-0.85,0.13
0.95,-0.85,0.13
0.05,-0.75,0.13
0.15,-0.75,0.13
0.25,-0.75,0.13
0.35,-0.75,0.13
0.45,-0.75,0.13
0.55,-0.75,0.13
0.65,-0.75,0.13
0.75,-0.75,0.13
0.85,-0.75,0.13
0.95,-0.75,0.13
0.05,-0.65,0.13
0.15,-0.65,0.13
0.25,-0.65,0.13
0.35,-0.65,0.13
0.45,-0.65,0.13
0.55,-0.65,0.13
0.65,-0.65,0.13
0.75,-0.65,0.13
0.85,-0.65,0.13
0.95,-0.65,0.13
0.05,-0.55,0.13
0.15,-0.55,0.13
0.25,-0.55,0.13
0.35,-0.55,0.13
0.45,-0.55,0.13
0.55,-0.55,0.13
0.65,-0.55,0.13
0.75,-0.55,0.13
0.85,-0.55,0.13
0.95,-0.55,0.13
0.05,-0.45,0.13
0.15,-0.45,0.13
0.25,-0.45,0.13
0.35,-0.45,0.13
0.45,-0.45,0.13
0.55,-0.45,0.13
0.65,-0.45,0.13
0.75,-0.45,0.13
0.85,-0.45,0.13
0.95,-0.45,0.13
0.05,-0.35,0.13
0.15,-0.35,0.13
0.25,-0.35,0.13
0.35,-0.35,0.13
0.45,-0.35,0.13
0.55,-0.35,0.13
0.65,-0.35,0.13
0.75,-0.35,0.13
0.85,-0.35,0.13
0.95,-0.35,0.13
0.05,-0.25,0.13
0.15,-0.25,0.13
0.25,-0.25,0.13
0.35,-0.25,0.13
0.45,-0.25,0.13
0.55,-0.25,0.13
0.65,-0.25,0.13
0.75,-0.25,0.13
0.85,-0.25,0.13
0.95,-0.25,0.13
0.05,-0.15,0.13
0.15,-0.15,0.13
0.25,-0.15,0.13
0.35,-0.15,0.13
0.45,-0.15,0.13
0.55,-0.15,0.13
0.65,-0.15,0.13
0.75,-0.15,0.13
0.85,-0.15,0.13
0.95,-0.15,0.13
0.05,-0.05,0.13
0.15,-0.05,0.13
0.25,-0.05,0.13
0.35,-0.05,0.13
0.45,-0.05,0.13
0.55,-0.05,0.13
0.65,-0.05,0.13
0.75,-0.05,0.13
0.85,-0.05,0.13
0.95,-0.05,0.13
0.05,0.05,0.13
0.15,0.05,0.13
0.25,0.05,0.13
0.35,0.05,0.13
0.45,0.05,0.13
0.55,0.05,0.13
0.65,0.05,0.13
0.75,0.05,0.13
0.85,0.05,0.13
0.95,0.05,0.13
0.05,0.15,0.13
0.15,0.15,0.13
0.25,0.15,0.13
0.35,0.15,0.13
0.45,0.15,0.13
0.55,0.15,0.13
0.65,0.15,0.13
0.75,0.15,0.13
0.85,0.15,0.13
0.95,0.15,0.13
0.05,0.25,0.13
0.15,0.25,0.13
0.25,0.25,0.13
0.35,0.25,0.13
0.45,0.25,0.13
0.55,0.25,0.13
0.65,0.25,0.13
0.75,0.25,0.13
0.85,0.25,0.13
0.95,0.25,0.13
0.05,0.35,0.13
0.15,0.35,0.13
0.25,0.35,0.13
0.35,0.35,0.13
0.45,0.35,0.13
0.55,0.35,0.13
0.65,0.35,0.13
0.75,0.35,0.13
0.85,0.35,0.13
0.95,0.35,0.13
0.05,0.45,0.13
0.15,0.45,0.13
0.25,0.45,0.13
0.35,0.45,0.13
0.45,0.45,0.13
0.55,0.45,0.13
0.65,0.45,0.13
0.75,0.45,0.13
0.85,0.45,0.13
0.95,0.45,0.13
0.05,0.55,0.13
0.15,0.55,0.13
0.25,0.55,0.13
0.35,0.55,0.13
0.45,0.55,0.13
0.55,0.55,0.13
0.65,0.55,0.13
0.75,0.55,0.13
0.85,0.55,0.13
0.95,0.55,0.13
0.05,0.65,0.13
0.15,0.65,0.13
0.25,0.65,0.13
0.35,0.65,0.13
0.45,0.65,0.13
0.55,0.65,0.13
0.65,0.65,0.13
0.75,0.65,0.13
0.85,0.65,0.13
0.95,0.65,0.13
0.05,0.75,0.13
0.15,0.75,0.13
0.25,0.75,0.13
0.35,0.75,0.13
0.45,0.75,0.13
0.55,0.75,0.13
0.65,0.75,0.13
0.75,0.75,0.13
0.85,0.75,0.13
0.95,0.75,0.13
0.05,0.85,0.13
0.15,0.85,0.13
0.25,0.85,0.13
0.35,0.85,0.13
0.45,0.85,0.13
0.55,0.85,0.13
0.65,0.85,0.13
0.75,0.85,0.13
0.85,0.85,0.13
0.95,0.85,0.13
0.05,0.95,0.13
0.15,0.95,0.13
0.25,0.95,0.13
0.35,0.95,0.13
0.45,0.95,0.13
0.55,0.95,0.13
0.65,0.95,0.13
0.75,0.95,0.13
0.85,0.95,0.13
0.95,0.95,0.13
0.05,-0.95,0.14
0.15,-0.95,0.14
0.25,-0.95,0.14
0.35,-0.95,0.14
0.45,-0.95,0.14
0.55,-0.95,0.14
0.65,-0.95,0.14
0.75,-0.95,0.14
0.85,-0.95,0.14
0.95,-0.95,0.14
0.05,-0.85,0.14
0.15,-0.85,0.14
0.25,-0.85,0.14
0.35,-0.85,0.14
0.45,-0.85,0.14
0.55,-0.85,0.14
0.65,-0.85,0.14
0.75,-0.85,0.14
0.85,-0.85,0.14
0.95,-0.85,0.14
0.05,-0.75,0.14
0.15,-0.75,0.14
0.25,-0.75,0.14
0.35,-0.75,0.14
0.45,-0.75,0.14
0.55,-0.75,0.14
0.65,-0.75,0.14
0.75,-0.75,0.14
0.85,-0.75,0.14
0.95,-0.75,0.14
0.05,-0.65,0.14
0.15,-0.65,0.14
0.25,-0.65,0.14
0.35,-0.65,0.14
0.45,-0.65,0.14
0.55,-0.65,0.14
0.65,-0.65,0.14
0.75,-0.65,0.14
0.85,-0.65,0.14
0.95,-0.65,0.14
0.05,-0.55,0.14
0.15,-0.55,0.14
0.25,-0.55,0.14
0.35,-0.55,0.14
0.45,-0.55,0.14
0.55,-0.55,0.14
0.65,-0.55,0.14
0.75,-0.55,0.14
0.85,-0.55,0.14
0.95,-0.55,0.14
0.05,-0.45,0.14
0.15,-0.45,0.14
0.25,-0.45,0.14
0.35,-0.45,0.14
0.45,-0.45,0.14
0.55,-0.45,0.14
0.65,-0.45,0.14
0.75,-0.45,0.14
0.85,-0.45,0.14
0.95,-0.45,0.14
0.05,-0.35,0.14
0.15,-0.35,0.14
0.25,-0.35,0.14
0.35,-0.35,0.14
0.45,-0.35,0.14
0.55,-0.35,0.14
0.65,-0.35,0.14
0.75,-0.35,0.14
0.85,-0.35,0.14
0.95,-0.35,0.14
0.05,-0.25,0.14
0.15,-0.25,0.14
0.25,-0.25,0.14
0.35,-0.25,0.14
0.45,-0.25,0.14
0.55,-0.25,0.14
0.65,-0.25,0.14
0.75,-0.25,0.14
0.85,-0.25,0.14
0.95,-0.25,0.14
0.05,-0.15,0.14
0.15,-0.15,0.14
0.25,-0.15,0.14
0.35,-0.15,0.14
0.45,-0.15,0.14
0.55,-0.15,0.14
0.65,-0.15,0.14
0.75,-0.15,0.14
0.85,-0.15,0.14
0.95,-0.15,0.14
0.05,-0.05,0.14
0.15,-0.05,0.14
0.25,-0.05,0.14
0.35,-0.05,0.14
0.45,-0.05,0.14
0.55,-0.05,0.14
0.65,-0.05,0.14
0.75,-0.05,0.14
0.85,-0.05,0.14
0.95,-0.05,0.14
0.05,0.05,0.14
0.15,0.05,0.14
0.25,0.05,0.14
0.35,0.05,0.14
0.45,0.05,0.14
0.55,0.05,0.14
0.65,0.05,0.14
0.75,0.05,0.14
0.85,0.05,0.14
0.95,0.05,0.14
0.05,0.15,0.14
0.15,0.15,0.14
0.25,0.15,0.14
0.35,0.15,0.14
0.45,0.15,0.14
0.55,0.15,0.14
0.65,0.15,0.14
0.75,0.15,0.14
0.85,0.15,0.14
0.95,0.15,0.14
0.05,0.25,0.14
0.15,0.25,0.14
0.25,0.25,0.14
0.35,0.25,0.14
0.45,0.25,0.14
0.55,0.25,0.14
0.65,0.25,0.14
0.75,0.25,0.14
0.85,0.25,0.14
0.95,0.25,0.14
0.05,0.35,0.14
0.15,0.35,0.14
0.25,0.35,0.14
0.35,0.35,0.14
0.45,0.35,0.14
0.55,0.35,0.14
0.65,0.35,0.14
0.75,0.35,0.14
0.85,0.35,0.14
0.95,0.35,0.14
0.05,0.45,0.14
0.15,0.45,0.14
0.25,0.45,0.14
0.35,0.45,0.14
0.45,0.45,0.14
0.55,0.45,0.14
0.65,0.45,0.14
0.75,0.45,0.14
0.85,0.45,0.14
0.95,0.45,0.14
0.05,0.55,0.14
0.15,0.55,0.14
0.25,0.55,0.14
0.35,0.55,0.14
0.45,0.55,0.14
0.55,0.55,0.14
0.65,0.55,0.14
0.75,0.55,0.14
0.85,0.55,0.14
0.95,0.55,0.14
0.05,0.65,0.14
0.15,0.65,0.14
0.25,0.65,0.14
0.35,0.65,0.14
0.45,0.65,0.14
0.55,0.65,0.14
0.65,0.65,0.14
0.75,0.65,0.14
0.85,0.65,0.14
0.95,0.65,0.14
0.05,0.75,0.14
0.15,0.75,0.14
0.25,0.75,0.14
0.35,0.75,0.14
0.45,0.75,0.14
0.55,0.75,0.14
0.65,0.75,0.14
0.75,0.75,0.14
0.85,0.75,0.14
0.95,0.75,0.14
0.05,0.85,0.14
0.15,0.85,0.14
0.25,0.85,0.14
0.35,0.85,0.14
0.45,0.85,0.14
0.55,0.85,0.14
0.65,0.85,0.14
0.75,0.85,0.14
0.85,0.85,0.14
0.95,0.85,0.14
0.05,0.95,0.14
0.15,0.95,0.14
0.25,0.95,0.14
0.35,0.95,0.14
0.45,0.95,0.14
0.55,0.95,0.14
0.65,0.95,0.14
0.75,0.95,0.14
0.85,0.95,0.14
0.95,0.95,0.14
0.05,-0.95,0.15
0.15,-0.95,0.15
0.25,-0.95,0.15
0.35,-0.95,0.15
0.45,-0.95,0.15
0.55,-0.95,0.15
0.65,-0.95,0.15
0.75,-0.95,0.15
0.85,-0.95,0.15
0.95,-0.95,0.15
0.05,-0.85,0.15
0.15,-0.85,0.15
0.25,-0.85,0.15
0.35,-0.85,0.15
0.45,-0.85,0.15
0.55,-0.85,0.15
0.65,-0.85,0.15
0.75,-0.85,0.15
0.85,-0.85,0.15
0.95,-0.85,0.15
0.05,-0.75,0.15
0.15,-0.75,0.15
0.25,-0.75,0.15
0.35,-0.75,0.15
0.45,-0.75,0.15
0.55,-0.75,0.15
0.65,-0.75,0.15
0.75,-0.75,0.15
0.85,-0.75,0.15
0.95,-0.75,0.15
0.05,-0.65,0.15
0.15,-0.65,0.15
0.25,-0.65,0.15
0.35,-0.65,0.15
0.45,-0.65,0.15
0.55,-0.65,0.15
0.65,-0.65,0.15
0.75,-0.65,0.15
0.85,-0.65,0.15
0.95,-0.65,0.15
0.05,-0.55,0.15
0.15,-0.55,0.15
0.25,-0.55,0.15
0.35,-0.55,0.15
0.45,-0.55,0.15
0.55,-0.55,0.15
0.65,-0.55,0.15
0.75,-0.55,0.15
0.85,-0.55,0.15
0.95,-0.55,0.15
0.05,-0.45,0.15
0.15,-0.45,0.15
0.25,-0.45,0.15
0.35,-0.45,0.15
0.45,-0.45,0.15
0.55,-0.45,0.15
0.65,-0.45,0.15
0.75,-0.45,0.15
0.85,-0.45,0.15
0.95,-0.45,0.15
0.05,-0.35,0.15
0.15,-0.35,0.15
0.25,-0.35,0.15
0.35,-0.35,0.15
0.45,-0.35,0.15
0.55,-0.35,0.15
0.65,-0.35,0.15
0.75,-0.35,0.15
0.85,-0.35,0.15
0.95,-0.35,0.15
0.05,-0.25,0.15
0.15,-0.25,0.15
0.25,-0.25,0.15
0.35,-0.25,0.15
0.45,-0.25,0.15
0.55,-0.25,0.15
0.65,-0.25,0.15
0.75,-0.25,0.15
0.85,-0.25,0.15
0.95,-0.25,0.15
0.05,-0.15,0.15
0.15,-0.15,0.15
0.25,-0.15,0.15
0.35,-0.15,0.15
0.45,-0.15,0.15
0.55,-0.15,0.15
0.65,-0.15,0.15
0.75,-0.15,0.15
0.85,-0.15,0.15
0.95,-0.15,0.15
0.05,-0.05,0.15
0.15,-0.05,0.15
0.25,-0.05,0.15
0.35,-0.05,0.15
0.45,-0.05,0.15
0.55,-0.05,0.15
0.65,-0.05,0.15
0.75,-0.05,0.15
0.85,-0.05,0.15
0.95,-0.05,0.15
0.05,0.05,0.15
0.15,0.05,0.15
0.25,0.05,0.15
0.35,0.05,0.15
0.45,0.05,0.15
0.55,0.05,0.15
0.65,0.05,0.15
0.75,0.05,0.15
0.85,0.05,0.15
0.95,0.05,0.15
0.05,0.15,0.15
0.15,0.15,0.15
0.25,0.15,0.15
0.35,0.15,0.15
0.45,0.15,0.15
0.55,0.15,0.15
0.65,0.15,0.15
0.75,0.15,0.15
0.85,0.15,0.15
0.95,0.15,0.15
0.05,0.25,0.15
0.15,0.25,0.15
0.25,0.25,0.15
0.35,0.25,0.15
0.45,0.25,0.15
0.55,0.25,0.15
0.65,0.25,0.15
0.75,0.25,0.15
0.85,0.25,0.15
0.95,0.25,0.15
0.05,0.35,0.15
0.15,0.35,0.15
0.25,0.35,0.15
0.35,0.35,0.15
0.45,0.35,0.15
0.55,0.35,0.15
0.65,0.35,0.15
0.75,0.35,0.15
0.85,0.35,0.15
0.95,0.35,0.15
0.05,0.45,0.15
0.15,0.45,0.15
0.25,0.45,0.15
0.35,0.45,0.15
0.45,0.45,0.15
0.55,0.45,0.15
0.65,0.45,0.15
0.75,0.45,0.15
0.85,0.45,0.15
0.95,0.45,0.15
0.05,0.55,0.15
0.15,0.55,0.15
0.25,0.55,0.15
0.35,0.55,0.15
0.45,0.55,0.15
0.55,0.55,0.15
0.65,0.55,0.15
0.75,0.55,0.15
0.85,0.55,0.15
0.95,0.55,0.15
0.05,0.65,0.15
0.15,0.65,0.15
0.25,0.65,0.15
0.35,0.65,0.15
0.45,0.65,0.15
0.55,0.65,0.15
0.65,0.65,0.15
0.75,0.65,0.15
0.85,0.65,0.15
0.95,0.65,0.15
0.05,0.75,0.15
0.15,0.75,0.15
0.25,0.75,0.15
0.35,0.75,0.15
0.45,0.75,0.15
0.55,0.75,0.15
0.65,0.75,0.15
0.75,0.75,0.15
0.85,0.75,0.15
0.95,0.75,0.15
0.05,0.85,0.15
0.15,0.85,0.15
0.25,0.85,0.15
0.35,0.85,0.15
0.45,0.85,0.15
0.55,0.85,0.15
0.65,0.85,0.15
0.75,0.85,0.15
0.85,0.85,0.15
0.95,0.85,0.15
0.05,0.95,0.15
0.15,0.95,0.15
0.25,0.95,0.15
0.35,0.95,0.15
0.45,0.95,0.15
0.55,0.95,0.15
0.65,0.95,0.15
0.75,0.95,0.15
0.85,0.95,0.15
0.95,0.95,0.15
0.05,-0.95,0.16
0.15,-0.95,0.16
0.25,-0.95,0.16
0.35,-0.95,0.16
0.45,-0.95,0.16
0.55,-0.95,0.16
0.65,-0.95,0.16
0.75,-0.95,0.16
0.85,-0.95,0.16
0.95,-0.95,0.16
0.05,-0.85,0.16
0.15,-0.85,0.16
0.25,-0.85,0.16
0.35,-0.85,0.16
0.45,-0.85,0.16
0.55,-0.85,0.16
0.65,-0.85,0.16
0.75,-0.85,0.16
0.85,-0.85,0.16
0.95,-0.85,0.16
0.05,-0.75,0.16
0.15,-0.75,0.16
0.25,-0.75,0.16
0.35,-0.75,0.16
0.45,-0.75,0.16
0.55,-0.75,0.16
0.65,-0.75,0.16
0.75,-0.75,0.16
0.85,-0.75,0.16
0.95,-0.75,0.16
0.05,-0.65,0.16
0.15,-0.65,0.16
0.25,-0.65,0.16
0.35,-0.65,0.16
0.45,-0.65,0.16
0.55,-0.65,0.16
0.65,-0.65,0.16
0.75,-0.65,0.16
0.85,-0.65,0.16
0.95,-0.65,0.16
0.05,-0.55,0.16
0.15,-0.55,0.16
0.25,-0.55,0.16
0.35,-0.55,0.16
0.45,-0.55,0.16
0.55,-0.55,0.16
0.65,-0.55,0.16
0.75,-0.55,0.16
0.85,-0.55,0.16
0.95,-0.55,0.16
0.05,-0.45,0.16
0.15,-0.45,0.16
0.25,-0.45,0.16
0.35,-0.45,0.16
0.45,-0.45,0.16
0.55,-0.45,0.16
0.65,-0.45,0.16
0.75,-0.45,0.16
0.85,-0.45,0.16
0.95,-0.45,0.16
0.05,-0.35,0.16
0.15,-0.35,0.16
0.25,-0.35,0.16
0.35,-0.35,0.16
0.45,-0.35,0.16
0.55,-0.35,0.16
0.65,-0.35,0.16
0.75,-0.35,0.16
0.85,-0.35,0.16
0.95,-0.35,0.16
0.05,-0.25,0.16
0.15,-0.25,0.16
0.25,-0.25,0.16
0.35,-0.25,0.16
0.45,-0.25,0.16
0.55,-0.25,0.16
0.65,-0.25,0.16
0.75,-0.25,0.16
0.85,-0.25,0.16
0.95,-0.25,0.16
0.05,-0.15,0.16
0.15,-0.15,0.16
0.25,-0.15,0.16
0.35,-0.15,0.16
0.45,-0.15,0.16
0.55,-0.15,0.16
0.65,-0.15,0.16
0.75,-0.15,0.16
0.85,-0.15,0.16
0.95,-0.15,0.16
0.05,-0.05,0.16
0.15,-0.05,0.16
0.25,-0.05,0.16
0.35,-0.05,0.16
0.45,-0.05,0.16
0.55,-0.05,0.16
0.65,-0.05,0.16
0.75,-0.05,0.16
0.85,-0.05,0.16
0.95,-0.05,0.16
0.05,0.05,0.16
0.15,0.05,0.16
0.25,0.05,0.16
0.35,0.05,0.16
0.45,0.05,0.16
0.55,0.05,0.16
0.65,0.05,0.16
0.75,0.05,0.16
0.85,0.05,0.16
0.95,0.05,0.16
0.05,0.15,0.16
0.15,0.15,0.16
0.25,0.15,0.16
0.35,0.15,0.16
0.45,0.15,0.16
0.55,0.15,0.16
0.65,0.15,0.16
0.75,0.15,0.16
0.85,0.15,0.16
0.95,0.15,0.16
0.05,0.25,0.16
0.15,0.25,0.16
0.25,0.25,0.16
0.35,0.25,0.16
0.45,0.25,0.16
0.55,0.25,0.16
0.65,0.25,0.16
0.75,0.25,0.16
0.85,0.25,0.16
0.95,0.25,0.16
0.05,0.35,0.16
0.15,0.35,0.16
0.25,0.35,0.16
0.35,0.35,0.16
0.45,0.35,0.16
0.55,0.35,0.16
0.65,0.35,0.16
0.75,0.35,0.16
0.85,0.35,0.16
0.95,0.35,0.16
0.05,0.45,0.16
0.15,0.45,0.16
0.25,0.45,0.16
0.35,0.45,0.16
0.45,0.45,0.16
0.55,0.45,0.16
0.65,0.45,0.16
0.75,0.45,0.16
0.85,0.45,0.16
0.95,0.45,0.16
0.05,0.55,0.16
0.15,0.55,0.16
0.25,0.55,0.16
0.35,0.55,0.16
0.45,0.55,0.16
0.55,0.55,0.16
0.65,0.55,0.16
0.75,0.55,0.16
0.85,0.55,0.16
0.95,0.55,0.16
0.05,0.65,0.16
0.15,0.65,0.16
0.25,0.65,0.16
0.35,0.65,0.16
0.45,0.65,0.16
0.55,0.65,0.16
0.65,0.65,0.16
0.75,0.65,0.16
0.85,0.65,0.16
0.95,0.65,0.16
0.05,0.75,0.16
0.15,0.75,0.16
0.25,0.75,0.16
0.35,0.75,0.16
0.45,0.75,0.16
0.55,0.75,0.16
0.65,0.75,0.16
0.75,0.75,0.16
0.85,0.75,0.16
0.95,0.75,0.16
0.05,0.85,0.16
0.15,0.85,0.16
0.25,0.85,0.16
0.35,0.85,0.16
0.45,0.85,0.16
0.55,0.85,0.16
0.65,0.85,0.16
0.75,0.85,0.16
0.85,0.85,0.16
0.95,0.85,0.16
0.05,0.95,0.16
0.15,0.95,0.16
0.25,0.95,0.16
0.35,0.95,0.16
0.45,0.95,0.16
0.55,0.95,0.16
0.65,0.95,0.16
0.75,0.95,0.16
0.85,0.95,0.16
0.95,0.95,0.16
0.05,-0.95,0.17
0.15,-0.95,0.17
0.25,-0.95,0.17
0.35,-0.95,0.17
0.45,-0.95,0.17
0.55,-0.95,0.17
0.65,-0.95,0.17
0.75,-0.95,0.17
0.85,-0.95,0.17
0.95,-0.95,0.17
0.05,-0.85,0.17
0.15,-0.85,0.17
0.25,-0.85,0.17
0.35,-0.85,0.17
0.45,-0.85,0.17
0.55,-0.85,0.17
0.65,-0.85,0.17
0.75,-0.85,0.17
0.85,-0.85,0.17
0.95,-0.85,0.17
0.05,-0.75,0.17
0.15,-0.75,0.17
0.25,-0.75,0.17
0.35,-0.75,0.17
0.45,-0.75,0.17
0.55,-0.75,0.17
0.65,-0.75,0.17
0.75,-0.75,0.17
0.85,-0.75,0.17
0.95,-0.75,0.17
0.05,-0.65,0.17
0.15,-0.65,0.17
0.25,-0.65,0.17
0.35,-0.65,0.17
0.45,-0.65,0.17
0.55,-0.65,0.17
0.65,-0.65,0.17
0.75,-0.65,0.17
0.85,-0.65,0.17
0.95,-0.65,0.17
0.05,-0.55,0.17
0.15,-0.55,0.17
0.25,-0.55,0.17
0.35,-0.55,0.17
0.45,-0.55,0.17
0.55,-0.55,0.17
0.65,-0.55,0.17
0.75,-0.55,0.17
0.85,-0.55,0.17
0.95,-0.55,0.17
0.05,-0.45,0.17
0.15,-0.45,0.17
0.25,-0.45,0.17
0.35,-0.45,0.17
0.45,-0.45,0.17
0.55,-0.45,0.17
0.65,-0.45,0.17
0.75,-0.45,0.17
0.85,-0.45,0.17
0.95,-0.45,0.17
0.05,-0.35,0.17
0.15,-0.35,0.17
0.25,-0.35,0.17
0.35,-0.35,0.17
0.45,-0.35,0.17
0.55,-0.35,0.17
0.65,-0.35,0.17
0.75,-0.35,0.17
0.85,-0.35,0.17
0.95,-0.35,0.17
0.05,-0.25,0.17
0.15,-0.25,0.17
0.25,-0.25,0.17
0.35,-0.25,0.17
0.45,-0.25,0.17
0.55,-0.25,0.17
0.65,-0.25,0.17
0.75,-0.25,0.17
0.85,-0.25,0.17
0.95,-0.25,0.17
0.05,-0.15,0.17
0.15,-0.15,0.17
0.25,-0.15,0.17
0.35,-0.15,0.17
0.45,-0.15,0.17
0.55,-0.15,0.17
0.65,-0.15,0.17
0.75,-0.15,0.17
0.85,-0.15,0.17
0.95,-0.15,0.17
0.05,-0.05,0.17
0.15,-0.05,0.17
0.25,-0.05,0.17
0.35,-0.05,0.17
0.45,-0.05,0.17
0.55,-0.05,0.17
0.65,-0.05,0.17
0.75,-0.05,0.17
0.85,-0.05,0.17
0.95,-0.05,0.17
0.05,0.05,0.17
0.15,0.05,0.17
0.25,0.05,0.17
0.35,0.05,0.17
0.45,0.05,0.17
0.55,0.05,0.17
0.65,0.05,0.17
0.75,0.05,0.17
0.85,0.05,0.17
0.95,0.05,0.17
0.05,0.15,0.17
0.15,0.15,0.17
0.25,0.15,0.17
0.35,0.15,0.17
0.45,0.15,0.17
0.55,0.15,0.17
0.65,0.15,0.17
0.75,0.15,0.17
0.85,0.15,0.17
0.95,0.15,0.17
0.05,0.25,0.17
0.15,0.25,0.17
0.25,0.25,0.17
0.35,0.25,0.17
0.45,0.25,0.17
0.55,0.25,0.17
0.65,0.25,0.17
0.75,0.25,0.17
0.85,0.25,0.17
0.95,0.25,0.17
0.05,0.35,0.17
0.15,0.35,0.17
0.25,0.35,0.17
0.35,0.35,0.17
0.45,0.35,0.17
0.55,0.35,0.17
0.65,0.35,0.17
0.75,0.35,0.17
0.85,0.35,0.17
0.95,0.35,0.17
0.05,0.45,0.17
0.15,0.45,0.17
0.25,0.45,0.17
0.35,0.45,0.17
0.45,0.45,0.17
0.55,0.45,0.17
0.65,0.45,0.17
0.75,0.45,0.17
0.85,0.45,0.17
0.95,0.45,0.17
0.05,0.55,0.17
0.15,0.55,0.17
0.25,0.55,0.17
0.35,0.55,0.17
0.45,0.55,0.17
0.55,0.55,0.17
0.65,0.55,0.17
0.75,0.55,0.17
0.85,0.55,0.17
0.95,0.55,0.17
0.05,0.65,0.17
0.15,0.65,0.17
0.25,0.65,0.17
0.35,0.65,0.17
0.45,0.65,0.17
0.55,0.65,0.17
0.65,0.65,0.17
0.75,0.65,0.17
0.85,0.65,0.17
0.95,0.65,0.17
0.05,0.75,0.17
0.15,0.75,0.17
0.25,0.75,0.17
0.35,0.75,0.17
0.45,0.75,0.17
0.55,0.75,0.17
0.65,0.75,0.17
0.75,0.75,0.17
0.85,0.75,0.17
0.95,0.75,0.17
0.05,0.85,0.17
0.15,0.85,0.17
0.25,0.85,0.17
0.35,0.85,0.17
0.45,0.85,0.17
0.55,0.85,0.17
0.65,0.85,0.17
0.75,0.85,0.17
0.85,0.85,0.17
0.95,0.85,0.17
0.05,0.95,0.17
0.15,0.95,0.17
0.25,0.95,0.17
0.35,0.95,0.17
0.45,0.95,0.17
0.55,0.95,0.17
0.65,0.95,0.17
0.75,0.95,0.17
0.85,0.95,0.17
0.95,0.95,0.17
0.05,-0.95,0.18
0.15,-0.95,0.18
0.25,-0.95,0.18
0.35,-0.95,0.18
0.45,-0.95,0.18
0.55,-0.95,0.18
0.65,-0.95,0.18
0.75,-0.95,0.18
0.85,-0.95,0.18
0.95,-0.95,0.18
0.05,-0.85,0.18
0.15,-0.85,0.18
0.25,-0.85,0.18
0.35,-0.85,0.18
0.45,-0.85,0.18
0.55,-0.85,0.18
0.65,-0.85,0.18
0.75,-0.85,0.18
0.85,-0.85,0.18
0.95,-0.85,0.18
0.05,-0.75,0.18
0.15,-0.75,0.18
0.25,-0.75,0.18
0.35,-0.75,0.18
0.45,-0.75,0.18
0.55,-0.75,0.18
0.65,-0.75,0.18
0.75,-0.75,0.18
0.85,-0.75,0.18
0.95,-0.75,0.18
0.05,-0.65,0.18
0.15,-0.65,0.18
0.25,-0.65,0.18
0.35,-0.65,0.18
0.45,-0.65,0.18
0.55,-0.65,0.18
0.65,-0.65,0.18
0.75,-0.65,0.18
0.85,-0.65,0.18
0.95,-0.65,0.18
0.05,-0.55,0.18
0.15,-0.55,0.18
0.25,-0.55,0.18
0.35,-0.55,0.18
0.45,-0.55,0.18
0.55,-0.55,0.18
0.65,-0.55,0.18
0.75,-0.55,0.18
0.85,-0.55,0.18
0.95,-0.55,0.18
0.05,-0.45,0.18
0.15,-0.45,0.18
0.25,-0.45,0.18
0.35,-0.45,0.18
0.45,-0.45,0.18
0.55,-0.45,0.18
0.65,-0.45,0.18
0.75,-0.45,0.18
0.85,-0.45,0.18
0.95,-0.45,0.18
0.05,-0.35,0.18
0.15,-0.35,0.18
0.25,-0.35,0.18
0.35,-0.35,0.18
0.45,-0.35,0.18
0.55,-0.35,0.18
0.65,-0.35,0.18
0.75,-0.35,0.18
0.85,-0.35,0.18
0.95,-0.35,0.18
0.05,-0.25,0.18
0.15,-0.25,0.18
0.25,-0.25,0.18
0.35,-0.25,0.18
0.45,-0.25,0.18
0.55,-0.25,0.18
0.65,-0.25,0.18
0.75,-0.25,0.18
0.85,-0.25,0.18
0.95,-0.25,0.18
0.05,-0.15,0.18
0.15,-0.15,0.18
0.25,-0.15,0.18
0.35,-0.15,0.18
0.45,-0.15,0.18
0.55,-0.15,0.18
0.65,-0.15,0.18
0.75,-0.15,0.18
0.85,-0.15,0.18
0.95,-0.15,0.18
0.05,-0.05,0.18
0.15,-0.05,0.18
0.25,-0.05,0.18
0.35,-0.05,0.18
0.45,-0.05,0.18
0.55,-0.05,0.18
0.65,-0.05,0.18
0.75,-0.05,0.18
0.85,-0.05,0.18
0.95,-0.05,0.18
0.05,0.05,0.18
0.15,0.05,0.18
0.25,0.05,0.18
0.35,0.05,0.18
0.45,0.05,0.18
0.55,0.05,0.18
0.65,0.05,0.18
0.75,0.05,0.18
0.85,0.05,0.18
0.95,0.05,0.18
0.05,0.15,0.18
0.15,0.15,0.18
0.25,0.15,0.18
0.35,0.15,0.18
0.45,0.15,0.18
0.55,0.15,0.18
0.65,0.15,0.18
0.75,0.15,0.18
0.85,0.15,0.18
0.95,0.15,0.18
0.05,0.25,0.18
0.15,0.25,0.18
0.25,0.25,0.18
0.35,0.25,0.18
0.45,0.25,0.18
0.55,0.25,0.18
0.65,0.25,0.18
0.75,0.25,0.18
0.85,0.25,0.18
0.95,0.25,0.18
0.05,0.35,0.18
0.15,0.35,0.18
0.25,0.35,0.18
0.35,0.35,0.18
0.45,0.35,0.18
0.55,0.35,0.18
0.65,0.35,0.18
0.75,0.35,0.18
0.85,0.35,0.18
0.95,0.35,0.18
0.05,0.45,0.18
0.15,0.45,0.18
0.25,0.45,0.18
0.35,0.45,0.18
0.45,0.45,0.18
0.55,0.45,0.18
0.65,0.45,0.18
0.75,0.45,0.18
0.85,0.45,0.18
0.95,0.45,0.18
0.05,0.55,0.18
0.15,0.55,0.18
0.25,0.55,0.18
0.35,0.55,0.18
0.45,0.55,0.18
0.55,0.55,0.18
0.65,0.55,0.18
0.75,0.55,0.18
0.85,0.55,0.18
0.95,0.55,0.18
0.05,0.65,0.18
0.15,0.65,0.18
0.25,0.65,0.18
0.35,0.65,0.18
0.45,0.65,0.18
0.55,0.65,0.18
0.65,0.65,0.18
0.75,0.65,0.18
0.85,0.65,0.18
0.95,0.65,0.18
0.05,0.75,0.18
0.15,0.75,0.18
0.25,0.75,0.18
0.35,0.75,0.18
0.45,0.75,0.18
0.55,0.75,0.18
0.65,0.75,0.18
0.75,0.75,0.18
0.85,0.75,0.18
0.95,0.75,0.18
0.05,0.85,0.18
0.15,0.85,0.18
0.25,0.85,0.18
0.35,0.85,0.18
0.45,0.85,0.18
0.55,0.85,0.18
0.65,0.85,0.18
0.75,0.85,0.18
0.85,0.85,0.18
0.95,0.85,0.18
0.05,0.95,0.18
0.15,0.95,0.18
0.25,0.95,0.18
0.35,0.95,0.18
0.45,0.95,0.18
0.55,0.95,0.18
0.65,0.95,0.18
0.75,0.95,0.18
0.85,0.95,0.18
0.95,0.95,0.18
0.05,-0.95,0.19
0.15,-0.95,0.19
0.25,-0.95,0.19
0.35,-0.95,0.19
0.45,-0.95,0.19
0.55,-0.95,0.19
0.65,-0.95,0.19
0.75,-0.95,0.19
0.85,-0.95,0.19
0.95,-0.95,0.19
0.05,-0.85,0.19
0.15,-0.85,0.19
0.25,-0.85,0.19
0.35,-0.85,0.19
0.45,-0.85,0.19
0.55,-0.85,0.19
0.65,-0.85,0.19
0.75,-0.85,0.19
0.85,-0.85,0.19
0.95,-0.85,0.19
0.05,-0.75,0.19
0.15,-0.75,0.19
0.25,-0.75,0.19
0.35,-0.75,0.19
0.45,-0.75,0.19
0.55,-0.75,0.19
0.65,-0.75,0.19
0.75,-0.75,0.19
0.85,-0.75,0.19
0.95,-0.75,0.19
0.05,-0.65,0.19
0.15,-0.65,0.19
0.25,-0.65,0.19
0.35,-0.65,0.19
0.45,-0.65,0.19
0.55,-0.65,0.19
0.65,-0.65,0.19
0.75,-0.65,0.19
0.85,-0.65,0.19
0.95,-0.65,0.19
0.05,-0.55,0.19
0.15,-0.55,0.19
0.25,-0.55,0.19
0.35,-0.55,0.19
0.45,-0.55,0.19
0.55,-0.55,0.19
0.65,-0.55,0.19
0.75,-0.55,0.19
0.85,-0.55,0.19
0.95,-0.55,0.19
0.05,-0.45,0.19
0.15,-0.45,0.19
0.25,-0.45,0.19
0.35,-0.45,0.19
0.45,-0.45,0.19
0.55,-0.45,0.19
0.65,-0.45,0.19
0.75,-0.45,0.19
0.85,-0.45,0.19
0.95,-0.45,0.19
0.05,-0.35,0.19
0.15,-0.35,0.19
0.25,-0.35,0.19
0.35,-0.35,0.19
0.45,-0.35,0.19
0.55,-0.35,0.19
0.65,-0.35,0.19
0.75,-0.35,0.19
0.85,-0.35,0.19
0.95,-0.35,0.19
0.05,-0.25,0.19
0.15,-0.25,0.19
0.25,-0.25,0.19
0.35,-0.25,0.19
0.45,-0.25,0.19
0.55,-0.25,0.19
0.65,-0.25,0.19
0.75,-0.25,0.19
0.85,-0.25,0.19
0.95,-0.25,0.19
0.05,-0.15,0.19
0.15,-0.15,0.19
0.25,-0.15,0.19
0.35,-0.15,0.19
0.45,-0.15,0.19
0.55,-0.15,0.19
0.65,-0.15,0.19
0.75,-0.15,0.19
0.85,-0.15,0.19
0.95,-0.15,0.19
0.05,-0.05,0.19
0.15,-0.05,0.19
0.25,-0.05,0.19
0.35,-0.05,0.19
0.45,-0.05,0.19
0.55,-0.05,0.19
0.65,-0.05,0.19
0.75,-0.05,0.19
0.85,-0.05,0.19
0.95,-0.05,0.19
0.05,0.05,0.19
0.15,0.05,0.19
0.25,0.05,0.19
0.35,0.05,0.19
0.45,0.05,0.19
0.55,0.05,0.19
0.65,0.05,0.19
0.75,0.05,0.19
0.85,0.05,0.19
0.95,0.05,0.19
0.05,0.15,0.19
0.15,0.15,0.19
0.25,0.15,0.19
0.35,0.15,0.19
0.45,0.15,0.19
0.55,0.15,0.19
0.65,0.15,0.19
0.75,0.15,0.19
0.85,0.15,0.19
0.95,0.15,0.19
0.05,0.25,0.19
0.15,0.25,0.19
0.25,0.25,0.19
0.35,0.25,0.19
0.45,0.25,0.19
0.55,0.25,0.19
0.65,0.25,0.19
0.75,0.25,0.19
0.85,0.25,0.19
0.95,0.25,0.19
0.05,0.35,0.19
0.15,0.35,0.19
0.25,0.35,0.19
0.35,0.35,0.19
0.45,0.35,0.19
0.55,0.35,0.19
0.65,0.35,0.19
0.75,0.35,0.19
0.85,0.35,0.19
0.95,0.35,0.19
0.05,0.45,0.19
0.15,0.45,0.19
0.25,0.45,0.19
0.35,0.45,0.19
0.45,0.45,0.19
0.55,0.45,0.19
0.65,0.45,0.19
0.75,0.45,0.19
0.85,0.45,0.19
0.95,0.45,0.19
0.05,0.55,0.19
0.15,0.55,0.19
0.25,0.55,0.19
0.35,0.55,0.19
0.45,0.55,0.19
0.55,0.55,0.19
0.65,0.55,0.19
0.75,0.55,0.19
0.85,0.55,0.19
0.95,0.55,0.19
0.05,0.65,0.19
0.15,0.65,0.19
0.25,0.65,0.19
0.35,0.65,0.19
0.45,0.65,0.19
0.55,0.65,0.19
0.65,0.65,0.19
0.75,0.65,0.19
0.85,0.65,0.19
0.95,0.65,0.19
0.05,0.75,0.19
0.15,0.75,0.19
0.25,0.75,0.19
0.35,0.75,0.19
0.45,0.75,0.19
0.55,0.75,0.19
0.65,0.75,0.19
0.75,0.75,0.19
0.85,0.75,0.19
0.95,0.75,0.19
0.05,0.85,0.19
0.15,0.85,0.19
0.25,0.85,0.19
0.35,0.85,0.19
0.45,0.85,0.19
0.55,0.85,0.19
0.65,0.85,0.19
0.75,0.85,0.19
0.85,0.85,0.19
0.95,0.85,0.19
0.05,0.95,0.19
0.15,0.95,0.19
0.25,0.95,0.19
0.35,0.95,0.19
0.45,0.95,0.19
0.55,0.95,0.19
0.65,0.95,0.19
0.75,0.95,0.19
0.85,0.95,0.19
0.95,0.95,0.19
0.05,-0.95,0.2
0.15,-0.95,0.2
0.25,-0.95,0.2
0.35,-0.95,0.2
0.45,-0.95,0.2
0.55,-0.95,0.2
0.65,-0.95,0.2
0.75,-0.95,0.2
0.85,-0.95,0.2
0.95,-0.95,0.2
0.05,-0.85,0.2
0.15,-0.85,0.2
0.25,-0.85,0.2
0.35,-0.85,0.2
0.45,-0.85,0.2
0.55,-0.85,0.2
0.65,-0.85,0.2
0.75,-0.85,0.2
0.85,-0.85,0.2
0.95,-0.85,0.2
0.05,-0.75,0.2
0.15,-0.75,0.2
0.25,-0.75,0.2
0.35,-0.75,0.2
0.45,-0.75,0.2
0.55,-0.75,0.2
0.65,-0.75,0.2
0.75,-0.75,0.2
0.85,-0.75,0.2
0.95,-0.75,0.2
0.05,-0.65,0.2
0.15,-0.65,0.2
0.25,-0.65,0.2
0.35,-0.65,0.2
0.45,-0.65,0.2
0.55,-0.65,0.2
0.65,-0.65,0.2
0.75,-0.65,0.2
0.85,-0.65,0.2
0.95,-0.65,0.2
0.05,-0.55,0.2
0.15,-0.55,0.2
0.25,-0.55,0.2
0.35,-0.55,0.2
0.45,-0.55,0.2
0.55,-0.55,0.2
0.65,-0.55,0.2
0.75,-0.55,0.2
0.85,-0.55,0.2
0.95,-0.55,0.2
0.05,-0.45,0.2
0.15,-0.45,0.2
0.25,-0.45,0.2
0.35,-0.45,0.2
0.45,-0.45,0.2
0.55,-0.45,0.2
0.65,-0.45,0.2
0.75,-0.45,0.2
0.85,-0.45,0.2
0.95,-0.45,0.2
0.05,-0.35,0.2
0.15,-0.35,0.2
0.25,-0.35,0.2
0.35,-0.35,0.2
0.45,-0.35,0.2
0.55,-0.35,0.2
0.65,-0.35,0.2
0.75,-0.35,0.2
0.85,-0.35,0.2
0.95,-0.35,0.2
0.05,-0.25,0.2
0.15,-0.25,0.2
0.25,-0.25,0.2
0.35,-0.25,0.2
0.45,-0.25,0.2
0.55,-0.25,0.2
0.65,-0.25,0.2
0.75,-0.25,0.2
0.85,-0.25,0.2
0.95,-0.25,0.2
0.05,-0.15,0.2
0.15,-0.15,0.2
0.25,-0.15,0.2
0.35,-0.15,0.2
0.45,-0.15,0.2
0.55,-0.15,0.2
0.65,-0.15,0.2
0.75,-0.15,0.2
0.85,-0.15,0.2
0.95,-0.15,0.2
0.05,-0.05,0.2
0.15,-0.05,0.2
0.25,-0.05,0.2
0.35,-0.05,0.2
0.45,-0.05,0.2
0.55,-0.05,0.2
0.65,-0.05,0.2
0.75,-0.05,0.2
0.85,-0.05,0.2
0.95,-0.05,0.2
0.05,0.05,0.2
0.15,0.05,0.2
0.25,0.05,0.2
0.35,0.05,0.2
0.45,0.05,0.2
0.55,0.05,0.2
0.65,0.05,0.2
0.75,0.05,0.2
0.85,0.05,0.2
0.95,0.05,0.2
0.05,0.15,0.2
0.15,0.15,0.2
0.25,0.15,0.2
0.35,0.15,0.2
0.45,0.15,0.2
0.55,0.15,0.2
0.65,0.15,0.2
0.75,0.15,0.2
0.85,0.15,0.2
0.95,0.15,0.2
0.05,0.25,0.2
0.15,0.25,0.2
0.25,0.25,0.2
0.35,0.25,0.2
0.45,0.25,0.2
0.55,0.25,0.2
0.65,0.25,0.2
0.75,0.25,0.2
0.85,0.25,0.2
0.95,0.25,0.2
0.05,0.35,0.2
0.15,0.35,0.2
0.25,0.35,0.2
0.35,0.35,0.2
0.45,0.35,0.2
0.55,0.35,0.2
0.65,0.35,0.2
0.75,0.35,0.2
0.85,0.35,0.2
0.95,0.35,0.2
0.05,0.45,0.2
0.15,0.45,0.2
0.25,0.45,0.2
0.35,0.45,0.2
0.45,0.45,0.2
0.55,0.45,0.2
0.65,0.45,0.2
0.75,0.45,0.2
0.85,0.45,0.2
0.95,0.45,0.2
0.05,0.55,0.2
0.15,0.55,0.2
0.25,0.55,0.2
0.35,0.55,0.2
0.45,0.55,0.2
0.55,0.55,0.2
0.65,0.55,0.2
0.75,0.55,0.2
0.85,0.55,0.2
0.95,0.55,0.2
0.05,0.65,0.2
0.15,0.65,0.2
0.25,0.65,0.2
0.35,0.65,0.2
0.45,0.65,0.2
0.55,0.65,0.2
0.65,0.65,0.2
0.75,0.65,0.2
0.85,0.65,0.2
0.95,0.65,0.2
0.05,0.75,0.2
0.15,0.75,0.2
0.25,0.75,0.2
0.35,0.75,0.2
0.45,0.75,0.2
0.55,0.75,0.2
0.65,0.75,0.2
0.75,0.75,0.2
0.85,0.75,0.2
0.95,0.75,0.2
0.05,0.85,0.2
0.15,0.85,0.2
0.25,0.85,0.2
0.35,0.85,0.2
0.45,0.85,0.2
0.55,0.85,0.2
0.65,0.85,0.2
0.75,0.85,0.2
0.85,0.85,0.2
0.95,0.85,0.2
0.05,0.95,0.2
0.15,0.95,0.2
0.25,0.95,0.2
0.35,0.95,0.2
0.45,0.95,0.2
0.55,0.95,0.2
0.65,0.95,0.2
0.75,0.95,0.2
0.85,0.95,0.2
0.95,0.95,0.2
0.05,-0.95,0.21
0.15,-0.95,0.21
0.25,-0.95,0.21
0.35,-0.95,0.21
0.45,-0.95,0.21
0.55,-0.95,0.21
0.65,-0.95,0.21
0.75,-0.95,0.21
0.85,-0.95,0.21
0.95,-0.95,0.21
0.05,-0.85,0.21
0.15,-0.85,0.21
0.25,-0.85,0.21
0.35,-0.85,0.21
0.45,-0.85,0.21
0.55,-0.85,0.21
0.65,-0.85,0.21
0.75,-0.85,0.21
0.85,-0.85,0.21
0.95,-0.85,0.21
0.05,-0.75,0.21
0.15,-0.75,0.21
0.25,-0.75,0.21
0.35,-0.75,0.21
0.45,-0.75,0.21
0.55,-0.75,0.21
0.65,-0.75,0.21
0.75,-0.75,0.21
0.85,-0.75,0.21
0.95,-0.75,0.21
0.05,-0.65,0.21
0.15,-0.65,0.21
0.25,-0.65,0.21
0.35,-0.65,0.21
0.45,-0.65,0.21
0.55,-0.65,0.21
0.65,-0.65,0.21
0.75,-0.65,0.21
0.85,-0.65,0.21
0.95,-0.65,0.21
0.05,-0.55,0.21
0.15,-0.55,0.21
0.25,-0.55,0.21
0.35,-0.55,0.21
0.45,-0.55,0.21
0.55,-0.55,0.21
0.65,-0.55,0.21
0.75,-0.55,0.21
0.85,-0.55,0.21
0.95,-0.55,0.21
0.05,-0.45,0.21
0.15,-0.45,0.21
0.25,-0.45,0.21
0.35,-0.45,0.21
0.45,-0.45,0.21
0.55,-0.45,0.21
0.65,-0.45,0.21
0.75,-0.45,0.21
0.85,-0.45,0.21
0.95,-0.45,0.21
0.05,-0.35,0.21
0.15,-0.35,0.21
0.25,-0.35,0.21
0.35,-0.35,0.21
0.45,-0.35,0.21
0.55,-0.35,0.21
0.65,-0.35,0.21
0.75,-0.35,0.21
0.85,-0.35,0.21
0.95,-0.35,0.21
0.05,-0.25,0.21
0.15,-0.25,0.21
0.25,-0.25,0.21
0.35,-0.25,0.21
0.45,-0.25,0.21
0.55,-0.25,0.21
0.65,-0.25,0.21
0.75,-0.25,0.21
0.85,-0.25,0.21
0.95,-0.25,0.21
0.05,-0.15,0.21
0.15,-0.15,0.21
0.25,-0.15,0.21
0.35,-0.15,0.21
0.45,-0.15,0.21
0.55,-0.15,0.21
0.65,-0.15,0.21
0.75,-0.15,0.21
0.85,-0.15,0.21
0.95,-0.15,0.21
0.05,-0.05,0.21
0.15,-0.05,0.21
0.25,-0.05,0.21
0.35,-0.05,0.21
0.45,-0.05,0.21
0.55,-0.05,0.21
0.65,-0.05,0.21
0.75,-0.05,0.21
0.85,-0.05,0.21
0.95,-0.05,0.21
0.05,0.05,0.21
0.15,0.05,0.21
0.25,0.05,0.21
0.35,0.05,0.21
0.45,0.05,0.21
0.55,0.05,0.21
0.65,0.05,0.21
0.75,0.05,0.21
0.85,0.05,0.21
0.95,0.05,0.21
0.05,0.15,0.21
0.15,0.15,0.21
0.25,0.15,0.21
0.35,0.15,0.21
0.45,0.15,0.21
0.55,0.15,0.21
0.65,0.15,0.21
0.75,0.15,0.21
0.85,0.15,0.21
0.95,0.15,0.21
0.05,0.25,0.21
0.15,0.25,0.21
0.25,0.25,0.21
0.35,0.25,0.21
0.45,0.25,0.21
0.55,0.25,0.21
0.65,0.25,0.21
0.75,0.25,0.21
0.85,0.25,0.21
0.95,0.25,0.21
0.05,0.35,0.21
0.15,0.35,0.21
0.25,0.35,0.21
0.35,0.35,0.21
0.45,0.35,0.21
0.55,0.35,0.21
0.65,0.35,0.21
0.75,0.35,0.21
0.85,0.35,0.21
0.95,0.35,0.21
0.05,0.45,0.21
0.15,0.45,0.21
0.25,0.45,0.21
0.35,0.45,0.21
0.45,0.45,0.21
0.55,0.45,0.21
0.65,0.45,0.21
0.75,0.45,0.21
0.85,0.45,0.21
0.95,0.45,0.21
0.05,0.55,0.21
0.15,0.55,0.21
0.25,0.55,0.21
0.35,0.55,0.21
0.45,0.55,0.21
0.55,0.55,0.21
0.65,0.55,0.21
0.75,0.55,0.21
0.85,0.55,0.21
0.95,0.55,0.21
0.05,0.65,0.21
0.15,0.65,0.21
0.25,0.65,0.21
0.35,0.65,0.21
0.45,0.65,0.21
0.55,0.65,0.21
0.65,0.65,0.21
0.75,0.65,0.21
0.85,0.65,0.21
0.95,0.65,0.21
0.05,0.75,0.21
0.15,0.75,0.21
0.25,0.75,0.21
0.35,0.75,0.21
0.45,0.75,0.21
0.55,0.75,0.21
0.65,0.75,0.21
0.75,0.75,0.21
0.85,0.75,0.21
0.95,0.75,0.21
0.05,0.85,0.21
0.15,0.85,0.21
0.25,0.85,0.21
0.35,0.85,0.21
0.45,0.85,0.21
0.55,0.85,0.21
0.65,0.85,0.21
0.75,0.85,0.21
0.85,0.85,0.21
0.95,0.85,0.21
0.05,0.95,0.21
0.15,0.95,0.21
0.25,0.95,0.21
0.35,0.95,0.21
0.45,0.95,0.21
0.55,0.95,0.21
0.65,0.95,0.21
0.75,0.95,0.21
0.85,0.95,0.21
0.95,0.95,0.21
0.05,-0.95,0.22
0.15,-0.95,0.22
0.25,-0.95,0.22
0.35,-0.95,0.22
0.45,-0.95,0.22
0.55,-0.95,0.22
0.65,-0.95,0.22
0.75,-0.95,0.22
0.85,-0.95,0.22
0.95,-0.95,0.22
0.05,-0.85,0.22
0.15,-0.85,0.22
0.25,-0.85,0.22
0.35,-0.85,0.22
0.45,-0.85,0.22
0.55,-0.85,0.22
0.65,-0.85,0.22
0.75,-0.85,0.22
0.85,-0.85,0.22
0.95,-0.85,0.22
0.05,-0.75,0.22
0.15,-0.75,0.22
0.25,-0.75,0.22
0.35,-0.75,0.22
0.45,-0.75,0.22
0.55,-0.75,0.22
0.65,-0.75,0.22
0.75,-0.75,0.22
0.85,-0.75,0.22
0.95,-0.75,0.22
0.05,-0.65,0.22
0.15,-0.65,0.22
0.25,-0.65,0.22
0.35,-0.65,0.22
0.45,-0.65,0.22
0.55,-0.65,0.22
0.65,-0.65,0.22
0.75,-0.65,0.22
0.85,-0.65,0.22
0.95,-0.65,0.22
0.05,-0.55,0.22
0.15,-0.55,0.22
0.25,-0.55,0.22
0.35,-0.55,0.22
0.45,-0.55,0.22
0.55,-0.55,0.22
0.65,-0.55,0.22
0.75,-0.55,0.22
0.85,-0.55,0.22
0.95,-0.55,0.22
0.05,-0.45,0.22
0.15,-0.45,0.22
0.25,-0.45,0.22
0.35,-0.45,0.22
0.45,-0.45,0.22
0.55,-0.45,0.22
0.65,-0.45,0.22
0.75,-0.45,0.22
0.85,-0.45,0.22
0.95,-0.45,0.22
0.05,-0.35,0.22
0.15,-0.35,0.22
0.25,-0.35,0.22
0.35,-0.35,0.22
0.45,-0.35,0.22
0.55,-0.35,0.22
0.65,-0.35,0.22
0.75,-0.35,0.22
0.85,-0.35,0.22
0.95,-0.35,0.22
0.05,-0.25,0.22
0.15,-0.25,0.22
0.25,-0.25,0.22
0.35,-0.25,0.22
0.45,-0.25,0.22
0.55,-0.25,0.22
0.65,-0.25,0.22
0.75,-0.25,0.22
0.85,-0.25,0.22
0.95,-0.25,0.22
0.05,-0.15,0.22
0.15,-0.15,0.22
0.25,-0.15,0.22
0.35,-0.15,0.22
0.45,-0.15,0.22
0.55,-0.15,0.22
0.65,-0.15,0.22
0.75,-0.15,0.22
0.85,-0.15,0.22
0.95,-0.15,0.22
0.05,-0.05,0.22
0.15,-0.05,0.22
0.25,-0.05,0.22
0.35,-0.05,0.22
0.45,-0.05,0.22
0.55,-0.05,0.22
0.65,-0.05,0.22
0.75,-0.05,0.22
0.85,-0.05,0.22
0.95,-0.05,0.22
0.05,0.05,0.22
0.15,0.05,0.22
0.25,0.05,0.22
0.35,0.05,0.22
0.45,0.05,0.22
0.55,0.05,0.22
0.65,0.05,0.22
0.75,0.05,0.22
0.85,0.05,0.22
0.95,0.05,0.22
0.05,0.15,0.22
0.15,0.15,0.22
0.25,0.15,0.22
0.35,0.15,0.22
0.45,0.15,0.22
0.55,0.15,0.22
0.65,0.15,0.22
0.75,0.15,0.22
0.85,0.15,0.22
0.95,0.15,0.22
0.05,0.25,0.22
0.15,0.25,0.22
0.25,0.25,0.22
0.35,0.25,0.22
0.45,0.25,0.22
0.55,0.25,0.22
0.65,0.25,0.22
0.75,0.25,0.22
0.85,0.25,0.22
0.95,0.25,0.22
0.05,0.35,0.22
0.15,0.35,0.22
0.25,0.35,0.22
0.35,0.35,0.22
0.45,0.35,0.22
0.55,0.35,0.22
0.65,0.35,0.22
0.75,0.35,0.22
0.85,0.35,0.22
0.95,0.35,0.22
0.05,0.45,0.22
0.15,0.45,0.22
0.25,0.45,0.22
0.35,0.45,0.22
0.45,0.45,0.22
0.55,0.45,0.22
0.65,0.45,0.22
0.75,0.45,0.22
0.85,0.45,0.22
0.95,0.45,0.22
0.05,0.55,0.22
0.15,0.55,0.22
0.25,0.55,0.22
0.35,0.55,0.22
0.45,0.55,0.22
0.55,0.55,0.22
0.65,0.55,0.22
0.75,0.55,0.22
0.85,0.55,0.22
0.95,0.55,0.22
0.05,0.65,0.22
0.15,0.65,0.22
0.25,0.65,0.22
0.35,0.65,0.22
0.45,0.65,0.22
0.55,0.65,0.22
0.65,0.65,0.22
0.75,0.65,0.22
0.85,0.65,0.22
0.95,0.65,0.22
0.05,0.75,0.22
0.15,0.75,0.22
0.25,0.75,0.22
0.35,0.75,0.22
0.45,0.75,0.22
0.55,0.75,0.22
0.65,0.75,0.22
0.75,0.75,0.22
0.85,0.75,0.22
0.95,0.75,0.22
0.05,0.85,0.22
0.15,0.85,0.22
0.25,0.85,0.22
0.35,0.85,0.22
0.45,0.85,0.22
0.55,0.85,0.22
0.65,0.85,0.22
0.75,0.85,0.22
0.85,0.85,0.22
0.95,0.85,0.22
0.05,0.95,0.22
0.15,0.95,0.22
0.25,0.95,0.22
0.35,0.95,0.22
0.45,0.95,0.22
0.55,0.95,0.22
0.65,0.95,0.22
0.75,0.95,0.22
0.85,0.95,0.22
0.95,0.95,0.22
0.05,-0.95,0.23
0.15,-0.95,0.23
0.25,-0.95,0.23
0.35,-0.95,0.23
0.45,-0.95,0.23
0.55,-0.95,0.23
0.65,-0.95,0.23
0.75,-0.95,0.23
0.85,-0.95,0.23
0.95,-0.95,0.23
0.05,-0.85,0.23
0.15,-0.85,0.23
0.25,-0.85,0.23
0.35,-0.85,0.23
0.45,-0.85,0.23
0.55,-0.85,0.23
0.65,-0.85,0.23
0.75,-0.85,0.23
0.85,-0.85,0.23
0.95,-0.85,0.23
0.05,-0.75,0.23
0.15,-0.75,0.23
0.25,-0.75,0.23
0.35,-0.75,0.23
0.45,-0.75,0.23
0.55,-0.75,0.23
0.65,-0.75,0.23
0.75,-0.75,0.23
0.85,-0.75,0.23
0.95,-0.75,0.23
0.05,-0.65,0.23
0.15,-0.65,0.23
0.25,-0.65,0.23
0.35,-0.65,0.23
0.45,-0.65,0.23
0.55,-0.65,0.23
0.65,-0.65,0.23
0.75,-0.65,0.23
0.85,-0.65,0.23
0.95,-0.65,0.23
0.05,-0.55,0.23
0.15,-0.55,0.23
0.25,-0.55,0.23
0.35,-0.55,0.23
0.45,-0.55,0.23
0.55,-0.55,0.23
0.65,-0.55,0.23
0.75,-0.55,0.23
0.85,-0.55,0.23
0.95,-0.55,0.23
0.05,-0.45,0.23
0.15,-0.45,0.23
0.25,-0.45,0.23
0.35,-0.45,0.23
0.45,-0.45,0.23
0.55,-0.45,0.23
0.65,-0.45,0.23
0.75,-0.45,0.23
0.85,-0.45,0.23
0.95,-0.45,0.23
0.05,-0.35,0.23
0.15,-0.35,0.23
0.25,-0.35,0.23
0.35,-0.35,0.23
0.45,-0.35,0.23
0.55,-0.35,0.23
0.65,-0.35,0.23
0.75,-0.35,0.23
0.85,-0.35,0.23
0.95,-0.35,0.23
0.05,-0.25,0.23
0.15,-0.25,0.23
0.25,-0.25,0.23
0.35,-0.25,0.23
0.45,-0.25,0.23
0.55,-0.25,0.23
0.65,-0.25,0.23
0.75,-0.25,0.23
0.85,-0.25,0.23
0.95,-0.25,0.23
0.05,-0.15,0.23
0.15,-0.15,0.23
0.25,-0.15,0.23
0.35,-0.15,0.23
0.45,-0.15,0.23
0.55,-0.15,0.23
0.65,-0.15,0.23
0.75,-0.15,0.23
0.85,-0.15,0.23
0.95,-0.15,0.23
0.05,-0.05,0.23
0.15,-0.05,0.23
0.25,-0.05,0.23
0.35,-0.05,0.23
0.45,-0.05,0.23
0.55,-0.05,0.23
0.65,-0.05,0.23
0.75,-0.05,0.23
0.85,-0.05,0.23
0.95,-0.05,0.23
0.05,0.05,0.23
0.15,0.05,0.23
0.25,0.05,0.23
0.35,0.05,0.23
0.45,0.05,0.23
0.55,0.05,0.23
0.65,0.05,0.23
0.75,0.05,0.23
0.85,0.05,0.23
0.95,0.05,0.23
0.05,0.15,0.23
0.15,0.15,0.23
0.25,0.15,0.23
0.35,0.15,0.23
0.45,0.15,0.23
0.55,0.15,0.23
0.65,0.15,0.23
0.75,0.15,0.23
0.85,0.15,0.23
0.95,0.15,0.23
0.05,0.25,0.23
0.15,0.25,0.23
0.25,0.25,0.23
0.35,0.25,0.23
0.45,0.25,0.23
0.55,0.25,0.23
0.65,0.25,0.23
0.75,0.25,0.23
0.85,0.25,0.23
0.95,0.25,0.23
0.05,0.35,0.23
0.15,0.35,0.23
0.25,0.35,0.23
0.35,0.35,0.23
0.45,0.35,0.23
0.55,0.35,0.23
0.65,0.35,0.23
0.75,0.35,0.23
0.85,0.35,0.23
0.95,0.35,0.23
0.05,0.45,0.23
0.15,0.45,0.23
0.25,0.45,0.23
0.35,0.45,0.23
0.45,0.45,0.23
0.55,0.45,0.23
0.65,0.45,0.23
0.75,0.45,0.23
0.85,0.45,0.23
0.95,0.45,0.23
0.05,0.55,0.23
0.15,0.55,0.23
0.25,0.55,0.23
0.35,0.55,0.23
0.45,0.55,0.23
0.55,0.55,0.23
0.65,0.55,0.23
0.75,0.55,0.23
0.85,0.55,0.23
0.95,0.55,0.23
0.05,0.65,0.23
0.15,0.65,0.23
0.25,0.65,0.23
0.35,0.65,0.23
0.45,0.65,0.23
0.55,0.65,0.23
0.65,0.65,0.23
0.75,0.65,0.23
0.85,0.65,0.23
0.95,0.65,0.23
0.05,0.75,0.23
0.15,0.75,0.23
0.25,0.75,0.23
0.35,0.75,0.23
0.45,0.75,0.23
0.55,0.75,0.23
0.65,0.75,0.23
0.75,0.75,0.23
0.85,0.75,0.23
0.95,0.75,0.23
0.05,0.85,0.23
0.15,0.85,0.23
0.25,0.85,0.23
0.35,0.85,0.23
0.45,0.85,0.23
0.55,0.85,0.23
0.65,0.85,0.23
0.75,0.85,0.23
0.85,0.85,0.23
0.95,0.85,0.23
0.05,0.95,0.23
0.15,0.95,0.23
0.25,0.95,0.23
0.35,0.95,0.23
0.45,0.95,0.23
0.55,0.95,0.23
0.65,0.95,0.23
0.75,0.95,0.23
0.85,0.95,0.23
0.95,0.95,0.23
0.05,-0.95,0.24
0.15,-0.95,0.24
0.25,-0.95,0.24
0.35,-0.95,0.24
0.45,-0.95,0.24
0.55,-0.95,0.24
0.65,-0.95,0.24
0.75,-0.95,0.24
0.85,-0.95,0.24
0.95,-0.95,0.24
0.05,-0.85,0.24
0.15,-0.85,0.24
0.25,-0.85,0.24
0.35,-0.85,0.24
0.45,-0.85,0.24
0.55,-0.85,0.24
0.65,-0.85,0.24
0.75,-0.85,0.24
0.85,-0.85,0.24
0.95,-0.85,0.24
0.05,-0.75,0.24
0.15,-0.75,0.24
0.25,-0.75,0.24
0.35,-0.75,0.24
0.45,-0.75,0.24
0.55,-0.75,0.24
0.65,-0.75,0.24
0.75,-0.75,0.24
0.85,-0.75,0.24
0.95,-0.75,0.24
0.05,-0.65,0.24
0.15,-0.65,0.24
0.25,-0.65,0.24
0.35,-0.65,0.24
0.45,-0.65,0.24
0.55,-0.65,0.24
0.65,-0.65,0.24
0.75,-0.65,0.24
0.85,-0.65,0.24
0.95,-0.65,0.24
0.05,-0.55,0.24
0.15,-0.55,0.24
0.25,-0.55,0.24
0.35,-0.55,0.24
0.45,-0.55,0.24
0.55,-0.55,0.24
0.65,-0.55,0.24
0.75,-0.55,0.24
0.85,-0.55,0.24
0.95,-0.55,0.24
0.05,-0.45,0.24
0.15,-0.45,0.24
0.25,-0.45,0.24
0.35,-0.45,0.24
0.45,-0.45,0.24
0.55,-0.45,0.24
0.65,-0.45,0.24
0.75,-0.45,0.24
0.85,-0.45,0.24
0.95,-0.45,0.24
0.05,-0.35,0.24
0.15,-0.35,0.24
0.25,-0.35,0.24
0.35,-0.35,0.24
0.45,-0.35,0.24
0.55,-0.35,0.24
0.65,-0.35,0.24
0.75,-0.35,0.24
0.85,-0.35,0.24
0.95,-0.35,0.24
0.05,-0.25,0.24
0.15,-0.25,0.24
0.25,-0.25,0.24
0.35,-0.25,0.24
0.45,-0.25,0.24
0.55,-0.25,0.24
0.65,-0.25,0.24
0.75,-0.25,0.24
0.85,-0.25,0.24
0.95,-0.25,0.24
0.05,-0.15,0.24
0.15,-0.15,0.24
0.25,-0.15,0.24
0.35,-0.15,0.24
0.45,-0.15,0.24
0.55,-0.15,0.24
0.65,-0.15,0.24
0.75,-0.15,0.24
0.85,-0.15,0.24
0.95,-0.15,0.24
0.05,-0.05,0.24
0.15,-0.05,0.24
0.25,-0.05,0.24
0.35,-0.05,0.24
0.45,-0.05,0.24
0.55,-0.05,0.24
0.65,-0.05,0.24
0.75,-0.05,0.24
0.85,-0.05,0.24
0.95,-0.05,0.24
0.05,0.05,0.24
0.15,0.05,0.24
0.25,0.05,0.24
0.35,0.05,0.24
0.45,0.05,0.24
0.55,0.05,0.24
0.65,0.05,0.24
0.75,0.05,0.24
0.85,0.05,0.24
0.95,0.05,0.24
0.05,0.15,0.24
0.15,0.15,0.24
0.25,0.15,0.24
0.35,0.15,0.24
0.45,0.15,0.24
0.55,0.15,0.24
0.65,0.15,0.24
0.75,0.15,0.24
0.85,0.15,0.24
0.95,0.15,0.24
0.05,0.25,0.24
0.15,0.25,0.24
0.25,0.25,0.24
0.35,0.25,0.24
0.45,0.25,0.24
0.55,0.25,0.24
0.65,0.25,0.24
0.75,0.25,0.24
0.85,0.25,0.24
0.95,0.25,0.24
0.05,0.35,0.24
0.15,0.35,0.24
0.25,0.35,0.24
0.35,0.35,0.24
0.45,0.35,0.24
0.55,0.35,0.24
0.65,0.35,0.24
0.75,0.35,0.24
0.85,0.35,0.24
0.95,0.35,0.24
0.05,0.45,0.24
0.15,0.45,0.24
0.25,0.45,0.24
0.35,0.45,0.24
0.45,0.45,0.24
0.55,0.45,0.24
0.65,0.45,0.24
0.75,0.45,0.24
0.85,0.45,0.24
0.95,0.45,0.24
0.05,0.55,0.24
0.15,0.55,0.24
0.25,0.55,0.24
0.35,0.55,0.24
0.45,0.55,0.24
0.55,0.55,0.24
0.65,0.55,0.24
0.75,0.55,0.24
0.85,0.55,0.24
0.95,0.55,0.24
0.05,0.65,0.24
0.15,0.65,0.24
0.25,0.65,0.24
0.35,0.65,0.24
0.45,0.65,0.24
0.55,0.65,0.24
0.65,0.65,0.24
0.75,0.65,0.24
0.85,0.65,0.24
0.95,0.65,0.24
0.05,0.75,0.24
0.15,0.75,0.24
0.25,0.75,0.24
0.35,0.75,0.24
0.45,0.75,0.24
0.55,0.75,0.24
0.65,0.75,0.24
0.75,0.75,0.24
0.85,0.75,0.24
0.95,0.75,0.24
0.05,0.85,0.24
0.15,0.85,0.24
0.25,0.85,0.24
0.35,0.85,0.24
0.45,0.85,0.24
0.55,0.85,0.24
0.65,0.85,0.24
0.75,0.85,0.24
0.85,0.85,0.24
0.95,0.85,0.24
0.05,0.95,0.24
0.15,0.95,0.24
0.25,0.95,0.24
0.35,0.95,0.24
0.45,0.95,0.24
0.55,0.95,0.24
0.65,0.95,0.24
0.75,0.95,0.24
0.85,0.95,0.24
0.95,0.95,0.24
0.05,-0.95,0.25
0.15,-0.95,0.25
0.25,-0.95,0.25
0.35,-0.95,0.25
0.45,-0.95,0.25
0.55,-0.95,0.25
0.65,-0.95,0.25
0.75,-0.95,0.25
0.85,-0.95,0.25
0.95,-0.95,0.25
0.05,-0.85,0.25
0.15,-0.85,0.25
0.25,-0.85,0.25
0.35,-0.85,0.25
0.45,-0.85,0.25
0.55,-0.85,0.25
0.65,-0.85,0.25
0.75,-0.85,0.25
0.85,-0.85,0.25
0.95,-0.85,0.25
0.05,-0.75,0.25
0.15,-0.75,0.25
0.25,-0.75,0.25
0.35,-0.75,0.25
0.45,-0.75,0.25
0.55,-0.75,0.25
0.65,-0.75,0.25
0.75,-0.75,0.25
0.85,-0.75,0.25
0.95,-0.75,0.25
0.05,-0.65,0.25
0.15,-0.65,0.25
0.25,-0.65,0.25
0.35,-0.65,0.25
0.45,-0.65,0.25
0.55,-0.65,0.25
0.65,-0.65,0.25
0.75,-0.65,0.25
0.85,-0.65,0.25
0.95,-0.65,0.25
0.05,-0.55,0.25
0.15,-0.55,0.25
0.25,-0.55,0.25
0.35,-0.55,0.25
0.45,-0.55,0.25
0.55,-0.55,0.25
0.65,-0.55,0.25
0.75,-0.55,0.25
0.85,-0.55,0.25
0.95,-0.55,0.25
0.05,-0.45,0.25
0.15,-0.45,0.25
0.25,-0.45,0.25
0.35,-0.45,0.25
0.45,-0.45,0.25
0.55,-0.45,0.25
0.65,-0.45,0.25
0.75,-0.45,0.25
0.85,-0.45,0.25
0.95,-0.45,0.25
0.05,-0.35,0.25
0.15,-0.35,0.25
0.25,-0.35,0.25
0.35,-0.35,0.25
0.45,-0.35,0.25
0.55,-0.35,0.25
0.65,-0.35,0.25
0.75,-0.35,0.25
0.85,-0.35,0.25
0.95,-0.35,0.25
0.05,-0.25,0.25
0.15,-0.25,0.25
0.25,-0.25,0.25
0.35,-0.25,0.25
0.45,-0.25,0.25
0.55,-0.25,0.25
0.65,-0.25,0.25
0.75,-0.25,0.25
0.85,-0.25,0.25
0.95,-0.25,0.25
0.05,-0.15,0.25
0.15,-0.15,0.25
0.25,-0.15,0.25
0.35,-0.15,0.25
0.45,-0.15,0.25
0.55,-0.15,0.25
0.65,-0.15,0.25
0.75,-0.15,0.25
0.85,-0.15,0.25
0.95,-0.15,0.25
0.05,-0.05,0.25
0.15,-0.05,0.25
0.25,-0.05,0.25
0.35,-0.05,0.25
0.45,-0.05,0.25
0.55,-0.05,0.25
0.65,-0.05,0.25
0.75,-0.05,0.25
0.85,-0.05,0.25
0.95,-0.05,0.25
0.05,0.05,0.25
0.15,0.05,0.25
0.25,0.05,0.25
0.35,0.05,0.25
0.45,0.05,0.25
0.55,0.05,0.25
0.65,0.05,0.25
0.75,0.05,0.25
0.85,0.05,0.25
0.95,0.05,0.25
0.05,0.15,0.25
0.15,0.15,0.25
0.25,0.15,0.25
0.35,0.15,0.25
0.45,0.15,0.25
0.55,0.15,0.25
0.65,0.15,0.25
0.75,0.15,0.25
0.85,0.15,0.25
0.95,0.15,0.25
0.05,0.25,0.25
0.15,0.25,0.25
0.25,0.25,0.25
0.35,0.25,0.25
0.45,0.25,0.25
0.55,0.25,0.25
0.65,0.25,0.25
0.75,0.25,0.25
0.85,0.25,0.25
0.95,0.25,0.25
0.05,0.35,0.25
0.15,0.35,0.25
0.25,0.35,0.25
0.35,0.35,0.25
0.45,0.35,0.25
0.55,0.35,0.25
0.65,0.35,0.25
0.75,0.35,0.25
0.85,0.35,0.25
0.95,0.35,0.25
0.05,0.45,0.25
0.15,0.45,0.25
0.25,0.45,0.25
0.35,0.45,0.25
0.45,0.45,0.25
0.55,0.45,0.25
0.65,0.45,0.25
0.75,0.45,0.25
0.85,0.45,0.25
0.95,0.45,0.25
0.05,0.55,0.25
0.15,0.55,0.25
0.25,0.55,0.25
0.35,0.55,0.25
0.45,0.55,0.25
0.55,0.55,0.25
0.65,0.55,0.25
0.75,0.55,0.25
0.85,0.55,0.25
0.95,0.55,0.25
0.05,0.65,0.25
0.15,0.65,0.25
0.25,0.65,0.25
0.35,0.65,0.25
0.45,0.65,0.25
0.55,0.65,0.25
0.65,0.65,0.25
0.75,0.65,0.25
0.85,0.65,0.25
0.95,0.65,0.25
0.05,0.75,0.25
0.15,0.75,0.25
0.25,0.75,0.25
0.35,0.75,0.25
0.45,0.75,0.25
0.55,0.75,0.25
0.65,0.75,0.25
0.75,0.75,0.25
0.85,0.75,0.25
0.95,0.75,0.25
0.05,0.85,0.25
0.15,0.85,0.25
0.25,0.85,0.25
0.35,0.85,0.25
0.45,0.85,0.25
0.55,0.85,0.25
0.65,0.85,0.25
0.75,0.85,0.25
0.85,0.85,0.25
0.95,0.85,0.25
0.05,0.95,0.25
0.15,0.95,0.25
0.25,0.95,0.25
0.35,0.95,0.25
0.45,0.95,0.25
0.55,0.95,0.25
0.65,0.95,0.25
0.75,0.95,0.25
0.85,0.95,0.25
0.95,0.95,0.25
0.05,-0.95,0.26
0.15,-0.95,0.26
0.25,-0.95,0.26
0.35,-0.95,0.26
0.45,-0.95,0.26
0.55,-0.95,0.26
0.65,-0.95,0.26
0.75,-0.95,0.26
0.85,-0.95,0.26
0.95,-0.95,0.26
0.05,-0.85,0.26
0.15,-0.85,0.26
0.25,-0.85,0.26
0.35,-0.85,0.26
0.45,-0.85,0.26
0.55,-0.85,0.26
0.65,-0.85,0.26
0.75,-0.85,0.26
0.85,-0.85,0.26
0.95,-0.85,0.26
0.05,-0.75,0.26
0.15,-0.75,0.26
0.25,-0.75,0.26
0.35,-0.75,0.26
0.45,-0.75,0.26
0.55,-0.75,0.26
0.65,-0.75,0.26
0.75,-0.75,0.26
0.85,-0.75,0.26
0.95,-0.75,0.26
0.05,-0.65,0.26
0.15,-0.65,0.26
0.25,-0.65,0.26
0.35,-0.65,0.26
0.45,-0.65,0.26
0.55,-0.65,0.26
0.65,-0.65,0.26
0.75,-0.65,0.26
0.85,-0.65,0.26
0.95,-0.65,0.26
0.05,-0.55,0.26
0.15,-0.55,0.26
0.25,-0.55,0.26
0.35,-0.55,0.26
0.45,-0.55,0.26
0.55,-0.55,0.26
0.65,-0.55,0.26
0.75,-0.55,0.26
0.85,-0.55,0.26
0.95,-0.55,0.26
0.05,-0.45,0.26
0.15,-0.45,0.26
0.25,-0.45,0.26
0.35,-0.45,0.26
0.45,-0.45,0.26
0.55,-0.45,0.26
0.65,-0.45,0.26
0.75,-0.45,0.26
0.85,-0.45,0.26
0.95,-0.45,0.26
0.05,-0.35,0.26
0.15,-0.35,0.26
0.25,-0.35,0.26
0.35,-0.35,0.26
0.45,-0.35,0.26
0.55,-0.35,0.26
0.65,-0.35,0.26
0.75,-0.35,0.26
0.85,-0.35,0.26
0.95,-0.35,0.26
0.05,-0.25,0.26
0.15,-0.25,0.26
0.25,-0.25,0.26
0.35,-0.25,0.26
0.45,-0.25,0.26
0.55,-0.25,0.26
0.65,-0.25,0.26
0.75,-0.25,0.26
0.85,-0.25,0.26
0.95,-0.25,0.26
0.05,-0.15,0.26
0.15,-0.15,0.26
0.25,-0.15,0.26
0.35,-0.15,0.26
0.45,-0.15,0.26
0.55,-0.15,0.26
0.65,-0.15,0.26
0.75,-0.15,0.26
0.85,-0.15,0.26
0.95,-0.15,0.26
0.05,-0.05,0.26
0.15,-0.05,0.26
0.25,-0.05,0.26
0.35,-0.05,0.26
0.45,-0.05,0.26
0.55,-0.05,0.26
0.65,-0.05,0.26
0.75,-0.05,0.26
0.85,-0.05,0.26
0.95,-0.05,0.26
0.05,0.05,0.26
0.15,0.05,0.26
0.25,0.05,0.26
0.35,0.05,0.26
0.45,0.05,0.26
0.55,0.05,0.26
0.65,0.05,0.26
0.75,0.05,0.26
0.85,0.05,0.26
0.95,0.05,0.26
0.05,0.15,0.26
0.15,0.15,0.26
0.25,0.15,0.26
0.35,0.15,0.26
0.45,0.15,0.26
0.55,0.15,0.26
0.65,0.15,0.26
0.75,0.15,0.26
0.85,0.15,0.26
0.95,0.15,0.26
0.05,0.25,0.26
0.15,0.25,0.26
0.25,0.25,0.26
0.35,0.25,0.26
0.45,0.25,0.26
0.55,0.25,0.26
0.65,0.25,0.26
0.75,0.25,0.26
0.85,0.25,0.26
0.95,0.25,0.26
0.05,0.35,0.26
0.15,0.35,0.26
0.25,0.35,0.26
0.35,0.35,0.26
0.45,0.35,0.26
0.55,0.35,0.26
0.65,0.35,0.26
0.75,0.35,0.26
0.85,0.35,0.26
0.95,0.35,0.26
0.05,0.45,0.26
0.15,0.45,0.26
0.25,0.45,0.26
0.35,0.45,0.26
0.45,0.45,0.26
0.55,0.45,0.26
0.65,0.45,0.26
0.75,0.45,0.26
0.85,0.45,0.26
0.95,0.45,0.26
0.05,0.55,0.26
0.15,0.55,0.26
0.25,0.55,0.26
0.35,0.55,0.26
0.45,0.55,0.26
0.55,0.55,0.26
0.65,0.55,0.26
0.75,0.55,0.26
0.85,0.55,0.26
0.95,0.55,0.26
0.05,0.65,0.26
0.15,0.65,0.26
0.25,0.65,0.26
0.35,0.65,0.26
0.45,0.65,0.26
0.55,0.65,0.26
0.65,0.65,0.26
0.75,0.65,0.26
0.85,0.65,0.26
0.95,0.65,0.26
0.05,0.75,0.26
0.15,0.75,0.26
0.25,0.75,0.26
0.35,0.75,0.26
0.45,0.75,0.26
0.55,0.75,0.26
0.65,0.75,0.26
0.75,0.75,0.26
0.85,0.75,0.26
0.95,0.75,0.26
0.05,0.85,0.26
0.15,0.85,0.26
0.25,0.85,0.26
0.35,0.85,0.26
0.45,0.85,0.26
0.55,0.85,0.26
0.65,0.85,0.26
0.75,0.85,0.26
0.85,0.85,0.26
0.95,0.85,0.26
0.05,0.95,0.26
0.15,0.95,0.26
0.25,0.95,0.26
0.35,0.95,0.26
0.45,0.95,0.26
0.55,0.95,0.26
0.65,0.95,0.26
0.75,0.95,0.26
0.85,0.95,0.26
0.95,0.95,0.26
0.05,-0.95,0.27
0.15,-0.95,0.27
0.25,-0.95,0.27
0.35,-0.95,0.27
0.45,-0.95,0.27
0.55,-0.95,0.27
0.65,-0.95,0.27
0.75,-0.95,0.27
0.85,-0.95,0.27
0.95,-0.95,0.27
0.05,-0.85,0.27
0.15,-0.85,0.27
0.25,-0.85,0.27
0.35,-0.85,0.27
0.45,-0.85,0.27
0.55,-0.85,0.27
0.65,-0.85,0.27
0.75,-0.85,0.27
0.85,-0.85,0.27
0.95,-0.85,0.27
0.05,-0.75,0.27
0.15,-0.75,0.27
0.25,-0.75,0.27
0.35,-0.75,0.27
0.45,-0.75,0.27
0.55,-0.75,0.27
0.65,-0.75,0.27
0.75,-0.75,0.27
0.85,-0.75,0.27
0.95,-0.75,0.27
0.05,-0.65,0.27
0.15,-0.65,0.27
0.25,-0.65,0.27
0.35,-0.65,0.27
0.45,-0.65,0.27
0.55,-0.65,0.27
0.65,-0.65,0.27
0.75,-0.65,0.27
0.85,-0.65,0.27
0.95,-0.65,0.27
0.05,-0.55,0.27
0.15,-0.55,0.27
0.25,-0.55,0.27
0.35,-0.55,0.27
0.45,-0.55,0.27
0.55,-0.55,0.27
0.65,-0.55,0.27
0.75,-0.55,0.27
0.85,-0.55,0.27
0.95,-0.55,0.27
0.05,-0.45,0.27
0.15,-0.45,0.27
0.25,-0.45,0.27
0.35,-0.45,0.27
0.45,-0.45,0.27
0.55,-0.45,0.27
0.65,-0.45,0.27
0.75,-0.45,0.27
0.85,-0.45,0.27
0.95,-0.45,0.27
0.05,-0.35,0.27
0.15,-0.35,0.27
0.25,-0.35,0.27
0.35,-0.35,0.27
0.45,-0.35,0.27
0.55,-0.35,0.27
0.65,-0.35,0.27
0.75,-0.35,0.27
0.85,-0.35,0.27
0.95,-0.35,0.27
0.05,-0.25,0.27
0.15,-0.25,0.27
0.25,-0.25,0.27
0.35,-0.25,0.27
0.45,-0.25,0.27
0.55,-0.25,0.27
0.65,-0.25,0.27
0.75,-0.25,0.27
0.85,-0.25,0.27
0.95,-0.25,0.27
0.05,-0.15,0.27
0.15,-0.15,0.27
0.25,-0.15,0.27
0.35,-0.15,0.27
0.45,-0.15,0.27
0.55,-0.15,0.27
0.65,-0.15,0.27
0.75,-0.15,0.27
0.85,-0.15,0.27
0.95,-0.15,0.27
0.05,-0.05,0.27
0.15,-0.05,0.27
0.25,-0.05,0.27
0.35,-0.05,0.27
0.45,-0.05,0.27
0.55,-0.05,0.27
0.65,-0.05,0.27
0.75,-0.05,0.27
0.85,-0.05,0.27
0.95,-0.05,0.27
0.05,0.05,0.27
0.15,0.05,0.27
0.25,0.05,0.27
0.35,0.05,0.27
0.45,0.05,0.27
0.55,0.05,0.27
0.65,0.05,0.27
0.75,0.05,0.27
0.85,0.05,0.27
0.95,0.05,0.27
0.05,0.15,0.27
0.15,0.15,0.27
0.25,0.15,0.27
0.35,0.15,0.27
0.45,0.15,0.27
0.55,0.15,0.27
0.65,0.15,0.27
0.75,0.15,0.27
0.85,0.15,0.27
0.95,0.15,0.27
0.05,0.25,0.27
0.15,0.25,0.27
0.25,0.25,0.27
0.35,0.25,0.27
0.45,0.25,0.27
0.55,0.25,0.27
0.65,0.25,0.27
0.75,0.25,0.27
0.85,0.25,0.27
0.95,0.25,0.27
0.05,0.35,0.27
0.15,0.35,0.27
0.25,0.35,0.27
0.35,0.35,0.27
0.45,0.35,0.27
0.55,0.35,0.27
0.65,0.35,0.27
0.75,0.35,0.27
0.85,0.35,0.27
0.95,0.35,0.27
0.05,0.45,0.27
0.15,0.45,0.27
0.25,0.45,0.27
0.35,0.45,0.27
0.45,0.45,0.27
0.55,0.45,0.27
0.65,0.45,0.27
0.75,0.45,0.27
0.85,0.45,0.27
0.95,0.45,0.27
0.05,0.55,0.27
0.15,0.55,0.27
0.25,0.55,0.27
0.35,0.55,0.27
0.45,0.55,0.27
0.55,0.55,0.27
0.65,0.55,0.27
0.75,0.55,0.27
0.85,0.55,0.27
0.95,0.55,0.27
0.05,0.65,0.27
0.15,0.65,0.27
0.25,0.65,0.27
0.35,0.65,0.27
0.45,0.65,0.27
0.55,0.65,0.27
0.65,0.65,0.27
0.75,0.65,0.27
0.85,0.65,0.27
0.95,0.65,0.27
0.05,0.75,0.27
0.15,0.75,0.27
0.25,0.75,0.27
0.35,0.75,0.27
0.45,0.75,0.27
0.55,0.75,0.27
0.65,0.75,0.27
0.75,0.75,0.27
0.85,0.75,0.27
0.95,0.75,0.27
0.05,0.85,0.27
0.15,0.85,0.27
0.25,0.85,0.27
0.35,0.85,0.27
0.45,0.85,0.27
0.55,0.85,0.27
0.65,0.85,0.27
0.75,0.85,0.27
0.85,0.85,0.27
0.95,0.85,0.27
0.05,0.95,0.27
0.15,0.95,0.27
0.25,0.95,0.27
0.35,0.95,0.27
0.45,0.95,0.27
0.55,0.95,0.27
0.65,0.95,0.27
0.75,0.95,0.27
0.85,0.95,0.27
0.95,0.95,0.27
0.05,-0.95,0.28
0.15,-0.95,0.28
0.25,-0.95,0.28
0.35,-0.95,0.28
0.45,-0.95,0.28
0.55,-0.95,0.28
0.65,-0.95,0.28
0.75,-0.95,0.28
0.85,-0.95,0.28
0.95,-0.95,0.28
0.05,-0.85,0.28
0.15,-0.85,0.28
0.25,-0.85,0.28
0.35,-0.85,0.28
0.45,-0.85,0.28
0.55,-0.85,0.28
0.65,-0.85,0.28
0.75,-0.85,0.28
0.85,-0.85,0.28
0.95,-0.85,0.28
0.05,-0.75,0.28
0.15,-0.75,0.28
0.25,-0.75,0.28
0.35,-0.75,0.28
0.45,-0.75,0.28
0.55,-0.75,0.28
0.65,-0.75,0.28
0.75,-0.75,0.28
0.85,-0.75,0.28
0.95,-0.75,0.28
0.05,-0.65,0.28
0.15,-0.65,0.28
0.25,-0.65,0.28
0.35,-0.65,0.28
0.45,-0.65,0.28
0.55,-0.65,0.28
0.65,-0.65,0.28
0.75,-0.65,0.28
0.85,-0.65,0.28
0.95,-0.65,0.28
0.05,-0.55,0.28
0.15,-0.55,0.28
0.25,-0.55,0.28
0.35,-0.55,0.28
0.45,-0.55,0.28
0.55,-0.55,0.28
0.65,-0.55,0.28
0.75,-0.55,0.28
0.85,-0.55,0.28
0.95,-0.55,0.28
0.05,-0.45,0.28
0.15,-0.45,0.28
0.25,-0.45,0.28
0.35,-0.45,0.28
0.45,-0.45,0.28
0.55,-0.45,0.28
0.65,-0.45,0.28
0.75,-0.45,0.28
0.85,-0.45,0.28
0.95,-0.45,0.28
0.05,-0.35,0.28
0.15,-0.35,0.28
0.25,-0.35,0.28
0.35,-0.35,0.28
0.45,-0.35,0.28
0.55,-0.35,0.28
0.65,-0.35,0.28
0.75,-0.35,0.28
0.85,-0.35,0.28
0.95,-0.35,0.28
0.05,-0.25,0.28
0.15,-0.25,0.28
0.25,-0.25,0.28
0.35,-0.25,0.28
0.45,-0.25,0.28
0.55,-0.25,0.28
0.65,-0.25,0.28
0.75,-0.25,0.28
0.85,-0.25,0.28
0.95,-0.25,0.28
0.05,-0.15,0.28
0.15,-0.15,0.28
0.25,-0.15,0.28
0.35,-0.15,0.28
0.45,-0.15,0.28
0.55,-0.15,0.28
0.65,-0.15,0.28
0.75,-0.15,0.28
0.85,-0.15,0.28
0.95,-0.15,0.28
0.05,-0.05,0.28
0.15,-0.05,0.28
0.25,-0.05,0.28
0.35,-0.05,0.28
0.45,-0.05,0.28
0.55,-0.05,0.28
0.65,-0.05,0.28
0.75,-0.05,0.28
0.85,-0.05,0.28
0.95,-0.05,0.28
0.05,0.05,0.28
0.15,0.05,0.28
0.25,0.05,0.28
0.35,0.05,0.28
0.45,0.05,0.28
0.55,0.05,0.28
0.65,0.05,0.28
0.75,0.05,0.28
0.85,0.05,0.28
0.95,0.05,0.28
0.05,0.15,0.28
0.15,0.15,0.28
0.25,0.15,0.28
0.35,0.15,0.28
0.45,0.15,0.28
0.55,0.15,0.28
0.65,0.15,0.28
0.75,0.15,0.28
0.85,0.15,0.28
0.95,0.15,0.28
0.05,0.25,0.28
0.15,0.25,0.28
0.25,0.25,0.28
0.35,0.25,0.28
0.45,0.25,0.28
0.55,0.25,0.28
0.65,0.25,0.28
0.75,0.25,0.28
0.85,0.25,0.28
0.95,0.25,0.28
0.05,0.35,0.28
0.15,0.35,0.28
0.25,0.35,0.28
0.35,0.35,0.28
0.45,0.35,0.28
0.55,0.35,0.28
0.65,0.35,0.28
0.75,0.35,0.28
0.85,0.35,0.28
0.95,0.35,0.28
0.05,0.45,0.28
0.15,0.45,0.28
0.25,0.45,0.28
0.35,0.45,0.28
0.45,0.45,0.28
0.55,0.45,0.28
0.65,0.45,0.28
0.75,0.45,0.28
0.85,0.45,0.28
0.95,0.45,0.28
0.05,0.55,0.28
0.15,0.55,0.28
0.25,0.55,0.28
0.35,0.55,0.28
0.45,0.55,0.28
0.55,0.55,0.28
0.65,0.55,0.28
0.75,0.55,0.28
0.85,0.55,0.28
0.95,0.55,0.28
0.05,0.65,0.28
0.15,0.65,0.28
0.25,0.65,0.28
0.35,0.65,0.28
0.45,0.65,0.28
0.55,0.65,0.28
0.65,0.65,0.28
0.75,0.65,0.28
0.85,0.65,0.28
0.95,0.65,0.28
0.05,0.75,0.28
0.15,0.75,0.28
0.25,0.75,0.28
0.35,0.75,0.28
0.45,0.75,0.28
0.55,0.75,0.28
0.65,0.75,0.28
0.75,0.75,0.28
0.85,0.75,0.28
0.95,0.75,0.28
0.05,0.85,0.28
0.15,0.85,0.28
0.25,0.85,0.28
0.35,0.85,0.28
0.45,0.85,0.28
0.55,0.85,0.28
0.65,0.85,0.28
0.75,0.85,0.28
0.85,0.85,0.28
0.95,0.85,0.28
0.05,0.95,0.28
0.15,0.95,0.28
0.25,0.95,0.28
0.35,0.95,0.28
0.45,0.95,0.28
0.55,0.95,0.28
0.65,0.95,0.28
0.75,0.95,0.28
0.85,0.95,0.28
0.95,0.95,0.28
0.05,-0.95,0.29
0.15,-0.95,0.29
0.25,-0.95,0.29
0.35,-0.95,0.29
0.45,-0.95,0.29
0.55,-0.95,0.29
0.65,-0.95,0.29
0.75,-0.95,0.29
0.85,-0.95,0.29
0.95,-0.95,0.29
0.05,-0.85,0.29
0.15,-0.85,0.29
0.25,-0.85,0.29
0.35,-0.85,0.29
0.45,-0.85,0.29
0.55,-0.85,0.29
0.65,-0.85,0.29
0.75,-0.85,0.29
0.85,-0.85,0.29
0.95,-0.85,0.29
0.05,-0.75,0.29
0.15,-0.75,0.29
0.25,-0.75,0.29
0.35,-0.75,0.29
0.45,-0.75,0.29
0.55,-0.75,0.29
0.65,-0.75,0.29
0.75,-0.75,0.29
0.85,-0.75,0.29
0.95,-0.75,0.29
0.05,-0.65,0.29
0.15,-0.65,0.29
0.25,-0.65,0.29
0.35,-0.65,0.29
0.45,-0.65,0.29
0.55,-0.65,0.29
0.65,-0.65,0.29
0.75,-0.65,0.29
0.85,-0.65,0.29
0.95,-0.65,0.29
0.05,-0.55,0.29
0.15,-0.55,0.29
0.25,-0.55,0.29
0.35,-0.55,0.29
0.45,-0.55,0.29
0.55,-0.55,0.29
0.65,-0.55,0.29
0.75,-0.55,0.29
0.85,-0.55,0.29
0.95,-0.55,0.29
0.05,-0.45,0.29
0.15,-0.45,0.29
0.25,-0.45,0.29
0.35,-0.45,0.29
0.45,-0.45,0.29
0.55,-0.45,0.29
0.65,-0.45,0.29
0.75,-0.45,0.29
0.85,-0.45,0.29
0.95,-0.45,0.29
0.05,-0.35,0.29
0.15,-0.35,0.29
0.25,-0.35,0.29
0.35,-0.35,0.29
0.45,-0.35,0.29
0.55,-0.35,0.29
0.65,-0.35,0.29
0.75,-0.35,0.29
0.85,-0.35,0.29
0.95,-0.35,0.29
0.05,-0.25,0.29
0.15,-0.25,0.29
0.25,-0.25,0.29
0.35,-0.25,0.29
0.45,-0.25,0.29
0.55,-0.25,0.29
0.65,-0.25,0.29
0.75,-0.25,0.29
0.85,-0.25,0.29
0.95,-0.25,0.29
0.05,-0.15,0.29
0.15,-0.15,0.29
0.25,-0.15,0.29
0.35,-0.15,0.29
0.45,-0.15,0.29
0.55,-0.15,0.29
0.65,-0.15,0.29
0.75,-0.15,0.29
0.85,-0.15,0.29
0.95,-0.15,0.29
0.05,-0.05,0.29
0.15,-0.05,0.29
0.25,-0.05,0.29
0.35,-0.05,0.29
0.45,-0.05,0.29
0.55,-0.05,0.29
0.65,-0.05,0.29
0.75,-0.05,0.29
0.85,-0.05,0.29
0.95,-0.05,0.29
0.05,0.05,0.29
0.15,0.05,0.29
0.25,0.05,0.29
0.35,0.05,0.29
0.45,0.05,0.29
0.55,0.05,0.29
0.65,0.05,0.29
0.75,0.05,0.29
0.85,0.05,0.29
0.95,0.05,0.29
0.05,0.15,0.29
0.15,0.15,0.29
0.25,0.15,0.29
0.35,0.15,0.29
0.45,0.15,0.29
0.55,0.15,0.29
0.65,0.15,0.29
0.75,0.15,0.29
0.85,0.15,0.29
0.95,0.15,0.29
0.05,0.25,0.29
0.15,0.25,0.29
0.25,0.25,0.29
0.35,0.25,0.29
0.45,0.25,0.29
0.55,0.25,0.29
0.65,0.25,0.29
0.75,0.25,0.29
0.85,0.25,0.29
0.95,0.25,0.29
0.05,0.35,0.29
0.15,0.35,0.29
0.25,0.35,0.29
0.35,0.35,0.29
0.45,0.35,0.29
0.55,0.35,0.29
0.65,0.35,0.29
0.75,0.35,0.29
0.85,0.35,0.29
0.95,0.35,0.29
0.05,0.45,0.29
0.15,0.45,0.29
0.25,0.45,0.29
0.35,0.45,0.29
0.45,0.45,0.29
0.55,0.45,0.29
0.65,0.45,0.29
0.75,0.45,0.29
0.85,0.45,0.29
0.95,0.45,0.29
0.05,0.55,0.29
0.15,0.55,0.29
0.25,0.55,0.29
0.35,0.55,0.29
0.45,0.55,0.29
0.55,0.55,0.29
0.65,0.55,0.29
0.75,0.55,0.29
0.85,0.55,0.29
0.95,0.55,0.29
0.05,0.65,0.29
0.15,0.65,0.29
0.25,0.65,0.29
0.35,0.65,0.29
0.45,0.65,0.29
0.55,0.65,0.29
0.65,0.65,0.29
0.75,0.65,0.29
0.85,0.65,0.29
0.95,0.65,0.29
0.05,0.75,0.29
0.15,0.75,0.29
0.25,0.75,0.29
0.35,0.75,0.29
0.45,0.75,0.29
0.55,0.75,0.29
0.65,0.75,0.29
0.75,0.75,0.29
0.85,0.75,0.29
0.95,0.75,0.29
0.05,0.85,0.29
0.15,0.85,0.29
0.25,0.85,0.29
0.35,0.85,0.29
0.45,0.85,0.29
0.55,0.85,0.29
0.65,0.85,0.29
0.75,0.85,0.29
0.85,0.85,0.29
0.95,0.85,0.29
0.05,0.95,0.29
0.15,0.95,0.29
0.25,0.95,0.29
0.35,0.95,0.29
0.45,0.95,0.29
0.55,0.95,0.29
0.65,0.95,0.29
0.75,0.95,0.29
0.85,0.95,0.29
0.95,0.95,0.29
0.05,-0.95,0.3
0.15,-0.95,0.3
0.25,-0.95,0.3
0.35,-0.95,0.3
0.45,-0.95,0.3
0.55,-0.95,0.3
0.65,-0.95,0.3
0.75,-0.95,0.3
0.85,-0.95,0.3
0.95,-0.95,0.3
0.05,-0.85,0.3
0.15,-0.85,0.3
0.25,-0.85,0.3
0.35,-0.85,0.3
0.45,-0.85,0.3
0.55,-0.85,0.3
0.65,-0.85,0.3
0.75,-0.85,0.3
0.85,-0.85,0.3
0.95,-0.85,0.3
0.05,-0.75,0.3
0.15,-0.75,0.3
0.25,-0.75,0.3
0.35,-0.75,0.3
0.45,-0.75,0.3
0.55,-0.75,0.3
0.65,-0.75,0.3
0.75,-0.75,0.3
0.85,-0.75,0.3
0.95,-0.75,0.3
0.05,-0.65,0.3
0.15,-0.65,0.3
0.25,-0.65,0.3
0.35,-0.65,0.3
0.45,-0.65,0.3
0.55,-0.65,0.3
0.65,-0.65,0.3
0.75,-0.65,0.3
0.85,-0.65,0.3
0.95,-0.65,0.3
0.05,-0.55,0.3
0.15,-0.55,0.3
0.25,-0.55,0.3
0.35,-0.55,0.3
0.45,-0.55,0.3
0.55,-0.55,0.3
0.65,-0.55,0.3
0.75,-0.55,0.3
0.85,-0.55,0.3
0.95,-0.55,0.3
0.05,-0.45,0.3
0.15,-0.45,0.3
0.25,-0.45,0.3
0.35,-0.45,0.3
0.45,-0.45,0.3
0.55,-0.45,0.3
0.65,-0.45,0.3
0.75,-0.45,0.3
0.85,-0.45,0.3
0.95,-0.45,0.3
0.05,-0.35,0.3
0.15,-0.35,0.3
0.25,-0.35,0.3
0.35,-0.35,0.3
0.45,-0.35,0.3
0.55,-0.35,0.3
0.65,-0.35,0.3
0.75,-0.35,0.3
0.85,-0.35,0.3
0.95,-0.35,0.3
0.05,-0.25,0.3
0.15,-0.25,0.3
0.25,-0.25,0.3
0.35,-0.25,0.3
0.45,-0.25,0.3
0.55,-0.25,0.3
0.65,-0.25,0.3
0.75,-0.25,0.3
0.85,-0.25,0.3
0.95,-0.25,0.3
0.05,-0.15,0.3
0.15,-0.15,0.3
0.25,-0.15,0.3
0.35,-0.15,0.3
0.45,-0.15,0.3
0.55,-0.15,0.3
0.65,-0.15,0.3
0.75,-0.15,0.3
0.85,-0.15,0.3
0.95,-0.15,0.3
0.05,-0.05,0.3
0.15,-0.05,0.3
0.25,-0.05,0.3
0.35,-0.05,0.3
0.45,-0.05,0.3
0.55,-0.05,0.3
0.65,-0.05,0.3
0.75,-0.05,0.3
0.85,-0.05,0.3
0.95,-0.05,0.3
0.05,0.05,0.3
0.15,0.05,0.3
0.25,0.05,0.3
0.35,0.05,0.3
0.45,0.05,0.3
0.55,0.05,0.3
0.65,0.05,0.3
0.75,0.05,0.3
0.85,0.05,0.3
0.95,0.05,0.3
0.05,0.15,0.3
0.15,0.15,0.3
0.25,0.15,0.3
0.35,0.15,0.3
0.45,0.15,0.3
0.55,0.15,0.3
0.65,0.15,0.3
0.75,0.15,0.3
0.85,0.15,0.3
0.95,0.15,0.3
0.05,0.25,0.3
0.15,0.25,0.3
0.25,0.25,0.3
0.35,0.25,0.3
0.45,0.25,0.3
0.55,0.25,0.3
0.65,0.25,0.3
0.75,0.25,0.3
0.85,0.25,0.3
0.95,0.25,0.3
0.05,0.35,0.3
0.15,0.35,0.3
0.25,0.35,0.3
0.35,0.35,0.3
0.45,0.35,0.3
0.55,0.35,0.3
0.65,0.35,0.3
0.75,0.35,0.3
0.85,0.35,0.3
0.95,0.35,0.3
0.05,0.45,0.3
0.15,0.45,0.3
0.25,0.45,0.3
0.35,0.45,0.3
0.45,0.45,0.3
0.55,0.45,0.3
0.65,0.45,0.3
0.75,0.45,0.3
0.85,0.45,0.3
0.95,0.45,0.3
0.05,0.55,0.3
0.15,0.55,0.3
0.25,0.55,0.3
0.35,0.55,0.3
0.45,0.55,0.3
0.55,0.55,0.3
0.65,0.55,0.3
0.75,0.55,0.3
0.85,0.55,0.3
0.95,0.55,0.3
0.05,0.65,0.3
0.15,0.65,0.3
0.25,0.65,0.3
0.35,0.65,0.3
0.45,0.65,0.3
0.55,0.65,0.3
0.65,0.65,0.3
0.75,0.65,0.3
0.85,0.65,0.3
0.95,0.65,0.3
0.05,0.75,0.3
0.15,0.75,0.3
0.25,0.75,0.3
0.35,0.75,0.3
0.45,0.75,0.3
0.55,0.75,0.3
0.65,0.75,0.3
0.75,0.75,0.3
0.85,0.75,0.3
0.95,0.75,0.3
0.05,0.85,0.3
0.15,0.85,0.3
0.25,0.85,0.3
0.35,0.85,0.3
0.45,0.85,0.3
0.55,0.85,0.3
0.65,0.85,0.3
0.75,0.85,0.3
0.85,0.85,0.3
0.95,0.85,0.3
0.05,0.95,0.3
0.15,0.95,0.3
0.25,0.95,0.3
0.35,0.95,0.3
0.45,0.95,0.3
0.55,0.95,0.3
0.65,0.95,0.3
0.75,0.95,0.3
0.85,0.95,0.3
0.95,0.95,0.3
0.05,-0.95,0.31
0.15,-0.95,0.31
0.25,-0.95,0.31
0.35,-0.95,0.31
0.45,-0.95,0.31
0.55,-0.95,0.31
0.65,-0.95,0.31
0.75,-0.95,0.31
0.85,-0.95,0.31
0.95,-0.95,0.31
0.05,-0.85,0.31
0.15,-0.85,0.31
0.25,-0.85,0.31
0.35,-0.85,0.31
0.45,-0.85,0.31
0.55,-0.85,0.31
0.65,-0.85,0.31
0.75,-0.85,0.31
0.85,-0.85,0.31
0.95,-0.85,0.31
0.05,-0.75,0.31
0.15,-0.75,0.31
0.25,-0.75,0.31
0.35,-0.75,0.31
0.45,-0.75,0.31
0.55,-0.75,0.31
0.65,-0.75,0.31
0.75,-0.75,0.31
0.85,-0.75,0.31
0.95,-0.75,0.31
0.05,-0.65,0.31
0.15,-0.65,0.31
0.25,-0.65,0.31
0.35,-0.65,0.31
0.45,-0.65,0.31
0.55,-0.65,0.31
0.65,-0.65,0.31
0.75,-0.65,0.31
0.85,-0.65,0.31
0.95,-0.65,0.31
0.05,-0.55,0.31
0.15,-0.55,0.31
0.25,-0.55,0.31
0.35,-0.55,0.31
0.45,-0.55,0.31
0.55,-0.55,0.31
0.65,-0.55,0.31
0.75,-0.55,0.31
0.85,-0.55,0.31
0.95,-0.55,0.31
0.05,-0.45,0.31
0.15,-0.45,0.31
0.25,-0.45,0.31
0.35,-0.45,0.31
0.45,-0.45,0.31
0.55,-0.45,0.31
0.65,-0.45,0.31
0.75,-0.45,0.31
0.85,-0.45,0.31
0.95,-0.45,0.31
0.05,-0.35,0.31
0.15,-0.35,0.31
0.25,-0.35,0.31
0.35,-0.35,0.31
0.45,-0.35,0.31
0.55,-0.35,0.31
0.65,-0.35,0.31
0.75,-0.35,0.31
0.85,-0.35,0.31
0.95,-0.35,0.31
0.05,-0.25,0.31
0.15,-0.25,0.31
0.25,-0.25,0.31
0.35,-0.25,0.31
0.45,-0.25,0.31
0.55,-0.25,0.31
0.65,-0.25,0.31
0.75,-0.25,0.31
0.85,-0.25,0.31
0.95,-0.25,0.31
0.05,-0.15,0.31
0.15,-0.15,0.31
0.25,-0.15,0.31
0.35,-0.15,0.31
0.45,-0.15,0.31
0.55,-0.15,0.31
0.65,-0.15,0.31
0.75,-0.15,0.31
0.85,-0.15,0.31
0.95,-0.15,0.31
0.05,-0.05,0.31
0.15,-0.05,0.31
0.25,-0.05,0.31
0.35,-0.05,0.31
0.45,-0.05,0.31
0.55,-0.05,0.31
0.65,-0.05,0.31
0.75,-0.05,0.31
0.85,-0.05,0.31
0.95,-0.05,0.31
0.05,0.05,0.31
0.15,0.05,0.31
0.25,0.05,0.31
0.35,0.05,0.31
0.45,0.05,0.31
0.55,0.05,0.31
0.65,0.05,0.31
0.75,0.05,0.31
0.85,0.05,0.31
0.95,0.05,0.31
0.05,0.15,0.31
0.15,0.15,0.31
0.25,0.15,0.31
0.35,0.15,0.31
0.45,0.15,0.31
0.55,0.15,0.31
0.65,0.15,0.31
0.75,0.15,0.31
0.85,0.15,0.31
0.95,0.15,0.31
0.05,0.25,0.31
0.15,0.25,0.31
0.25,0.25,0.31
0.35,0.25,0.31
0.45,0.25,0.31
0.55,0.25,0.31
0.65,0.25,0.31
0.75,0.25,0.31
0.85,0.25,0.31
0.95,0.25,0.31
0.05,0.35,0.31
0.15,0.35,0.31
0.25,0.35,0.31
0.35,0.35,0.31
0.45,0.35,0.31
0.55,0.35,0.31
0.65,0.35,0.31
0.75,0.35,0.31
0.85,0.35,0.31
0.95,0.35,0.31
0.05,0.45,0.31
0.15,0.45,0.31
0.25,0.45,0.31
0.35,0.45,0.31
0.45,0.45,0.31
0.55,0.45,0.31
0.65,0.45,0.31
0.75,0.45,0.31
0.85,0.45,0.31
0.95,0.45,0.31
0.05,0.55,0.31
0.15,0.55,0.31
0.25,0.55,0.31
0.35,0.55,0.31
0.45,0.55,0.31
0.55,0.55,0.31
0.65,0.55,0.31
0.75,0.55,0.31
0.85,0.55,0.31
0.95,0.55,0.31
0.05,0.65,0.31
0.15,0.65,0.31
0.25,0.65,0.31
0.35,0.65,0.31
0.45,0.65,0.31
0.55,0.65,0.31
0.65,0.65,0.31
0.75,0.65,0.31
0.85,0.65,0.31
0.95,0.65,0.31
0.05,0.75,0.31
0.15,0.75,0.31
0.25,0.75,0.31
0.35,0.75,0.31
0.45,0.75,0.31
0.55,0.75,0.31
0.65,0.75,0.31
0.75,0.75,0.31
0.85,0.75,0.31
0.95,0.75,0.31
0.05,0.85,0.31
0.15,0.85,0.31
0.25,0.85,0.31
0.35,0.85,0.31
0.45,0.85,0.31
0.55,0.85,0.31
0.65,0.85,0.31
0.75,0.85,0.31
0.85,0.85,0.31
0.95,0.85,0.31
0.05,0.95,0.31
0.15,0.95,0.31
0.25,0.95,0.31
0.35,0.95,0.31
0.45,0.95,0.31
0.55,0.95,0.31
0.65,0.95,0.31
0.75,0.95,0.31
0.85,0.95,0.31
0.95,0.95,0.31
0.05,-0.95,0.32
0.15,-0.95,0.32
0.25,-0.95,0.32
0.35,-0.95,0.32
0.45,-0.95,0.32
0.55,-0.95,0.32
0.65,-0.95,0.32
0.75,-0.95,0.32
0.85,-0.95,0.32
0.95,-0.95,0.32
0.05,-0.85,0.32
0.15,-0.85,0.32
0.25,-0.85,0.32
0.35,-0.85,0.32
0.45,-0.85,0.32
0.55,-0.85,0.32
0.65,-0.85,0.32
0.75,-0.85,0.32
0.85,-0.85,0.32
0.95,-0.85,0.32
0.05,-0.75,0.32
0.15,-0.75,0.32
0.25,-0.75,0.32
0.35,-0.75,0.32
0.45,-0.75,0.32
0.55,-0.75,0.32
0.65,-0.75,0.32
0.75,-0.75,0.32
0.85,-0.75,0.32
0.95,-0.75,0.32
0.05,-0.65,0.32
0.15,-0.65,0.32
0.25,-0.65,0.32
0.35,-0.65,0.32
0.45,-0.65,0.32
0.55,-0.65,0.32
0.65,-0.65,0.32
0.75,-0.65,0.32
0.85,-0.65,0.32
0.95,-0.65,0.32
0.05,-0.55,0.32
0.15,-0.55,0.32
0.25,-0.55,0.32
0.35,-0.55,0.32
0.45,-0.55,0.32
0.55,-0.55,0.32
0.65,-0.55,0.32
0.75,-0.55,0.32
0.85,-0.55,0.32
0.95,-0.55,0.32
0.05,-0.45,0.32
0.15,-0.45,0.32
0.25,-0.45,0.32
0.35,-0.45,0.32
0.45,-0.45,0.32
0.55,-0.45,0.32
0.65,-0.45,0.32
0.75,-0.45,0.32
0.85,-0.45,0.32
0.95,-0.45,0.32
0.05,-0.35,0.32
0.15,-0.35,0.32
0.25,-0.35,0.32
0.35,-0.35,0.32
0.45,-0.35,0.32
0.55,-0.35,0.32
0.65,-0.35,0.32
0.75,-0.35,0.32
0.85,-0.35,0.32
0.95,-0.35,0.32
0.05,-0.25,0.32
0.15,-0.25,0.32
0.25,-0.25,0.32
0.35,-0.25,0.32
0.45,-0.25,0.32
0.55,-0.25,0.32
0.65,-0.25,0.32
0.75,-0.25,0.32
0.85,-0.25,0.32
0.95,-0.25,0.32
0.05,-0.15,0.32
0.15,-0.15,0.32
0.25,-0.15,0.32
0.35,-0.15,0.32
0.45,-0.15,0.32
0.55,-0.15,0.32
0.65,-0.15,0.32
0.75,-0.15,0.32
0.85,-0.15,0.32
0.95,-0.15,0.32
0.05,-0.05,0.32
0.15,-0.05,0.32
0.25,-0.05,0.32
0.35,-0.05,0.32
0.45,-0.05,0.32
0.55,-0.05,0.32
0.65,-0.05,0.32
0.75,-0.05,0.32
0.85,-0.05,0.32
0.95,-0.05,0.32
0.05,0.05,0.32
0.15,0.05,0.32
0.25,0.05,0.32
0.35,0.05,0.32
0.45,0.05,0.32
0.55,0.05,0.32
0.65,0.05,0.32
0.75,0.05,0.32
0.85,0.05,0.32
0.95,0.05,0.32
0.05,0.15,0.32
0.15,0.15,0.32
0.25,0.15,0.32
0.35,0.15,0.32
0.45,0.15,0.32
0.55,0.15,0.32
0.65,0.15,0.32
0.75,0.15,0.32
0.85,0.15,0.32
0.95,0.15,0.32
0.05,0.25,0.32
0.15,0.25,0.32
0.25,0.25,0.32
0.35,0.25,0.32
0.45,0.25,0.32
0.55,0.25,0.32
0.65,0.25,0.32
0.75,0.25,0.32
0.85,0.25,0.32
0.95,0.25,0.32
0.05,0.35,0.32
0.15,0.35,0.32
0.25,0.35,0.32
0.35,0.35,0.32
0.45,0.35,0.32
0.55,0.35,0.32
0.65,0.35,0.32
0.75,0.35,0.32
0.85,0.35,0.32
0.95,0.35,0.32
0.05,0.45,0.32
0.15,0.45,0.32
0.25,0.45,0.32
0.35,0.45,0.32
0.45,0.45,0.32
0.55,0.45,0.32
0.65,0.45,0.32
0.75,0.45,0.32
0.85,0.45,0.32
0.95,0.45,0.32
0.05,0.55,0.32
0.15,0.55,0.32
0.25,0.55,0.32
0.35,0.55,0.32
0.45,0.55,0.32
0.55,0.55,0.32
0.65,0.55,0.32
0.75,0.55,0.32
0.85,0.55,0.32
0.95,0.55,0.32
0.05,0.65,0.32
0.15,0.65,0.32
0.25,0.65,0.32
0.35,0.65,0.32
0.45,0.65,0.32
0.55,0.65,0.32
0.65,0.65,0.32
0.75,0.65,0.32
0.85,0.65,0.32
0.95,0.65,0.32
0.05,0.75,0.32
0.15,0.75,0.32
0.25,0.75,0.32
0.35,0.75,0.32
0.45,0.75,0.32
0.55,0.75,0.32
0.65,0.75,0.32
0.75,0.75,0.32
0.85,0.75,0.32
0.95,0.75,0.32
0.05,0.85,0.32
0.15,0.85,0.32
0.25,0.85,0.32
0.35,0.85,0.32
0.45,0.85,0.32
0.55,0.85,0.32
0.65,0.85,0.32
0.75,0.85,0.32
0.85,0.85,0.32
0.95,0.85,0.32
0.05,0.95,0.32
0.15,0.95,0.32
0.25,0.95,0.32
0.35,0.95,0.32
0.45,0.95,0.32
0.55,0.95,0.32
0.65,0.95,0.32
0.75,0.95,0.32
0.85,0.95,0.32
0.95,0.95,0.32
0.05,-0.95,0.33
0.15,-0.95,0.33
0.25,-0.95,0.33
0.35,-0.95,0.33
0.45,-0.95,0.33
0.55,-0.95,0.33
0.65,-0.95,0.33
0.75,-0.95,0.33
0.85,-0.95,0.33
0.95,-0.95,0.33
0.05,-0.85,0.33
0.15,-0.85,0.33
0.25,-0.85,0.33
0.35,-0.85,0.33
0.45,-0.85,0.33
0.55,-0.85,0.33
0.65,-0.85,0.33
0.75,-0.85,0.33
0.85,-0.85,0.33
0.95,-0.85,0.33
0.05,-0.75,0.33
0.15,-0.75,0.33
0.25,-0.75,0.33
0.35,-0.75,0.33
0.45,-0.75,0.33
0.55,-0.75,0.33
0.65,-0.75,0.33
0.75,-0.75,0.33
0.85,-0.75,0.33
0.95,-0.75,0.33
0.05,-0.65,0.33
0.15,-0.65,0.33
0.25,-0.65,0.33
0.35,-0.65,0.33
0.45,-0.65,0.33
0.55,-0.65,0.33
0.65,-0.65,0.33
0.75,-0.65,0.33
0.85,-0.65,0.33
0.95,-0.65,0.33
0.05,-0.55,0.33
0.15,-0.55,0.33
0.25,-0.55,0.33
0.35,-0.55,0.33
0.45,-0.55,0.33
0.55,-0.55,0.33
0.65,-0.55,0.33
0.75,-0.55,0.33
0.85,-0.55,0.33
0.95,-0.55,0.33
0.05,-0.45,0.33
0.15,-0.45,0.33
0.25,-0.45,0.33
0.35,-0.45,0.33
0.45,-0.45,0.33
0.55,-0.45,0.33
0.65,-0.45,0.33
0.75,-0.45,0.33
0.85,-0.45,0.33
0.95,-0.45,0.33
0.05,-0.35,0.33
0.15,-0.35,0.33
0.25,-0.35,0.33
0.35,-0.35,0.33
0.45,-0.35,0.33
0.55,-0.35,0.33
0.65,-0.35,0.33
0.75,-0.35,0.33
0.85,-0.35,0.33
0.95,-0.35,0.33
0.05,-0.25,0.33
0.15,-0.25,0.33
0.25,-0.25,0.33
0.35,-0.25,0.33
0.45,-0.25,0.33
0.55,-0.25,0.33
0.65,-0.25,0.33
0.75,-0.25,0.33
0.85,-0.25,0.33
0.95,-0.25,0.33
0.05,-0.15,0.33
0.15,-0.15,0.33
0.25,-0.15,0.33
0.35,-0.15,0.33
0.45,-0.15,0.33
0.55,-0.15,0.33
0.65,-0.15,0.33
0.75,-0.15,0.33
0.85,-0.15,0.33
0.95,-0.15,0.33
0.05,-0.05,0.33
0.15,-0.05,0.33
0.25,-0.05,0.33
0.35,-0.05,0.33
0.45,-0.05,0.33
0.55,-0.05,0.33
0.65,-0.05,0.33
0.75,-0.05,0.33
0.85,-0.05,0.33
0.95,-0.05,0.33
0.05,0.05,0.33
0.15,0.05,0.33
0.25,0.05,0.33
0.35,0.05,0.33
0.45,0.05,0.33
0.55,0.05,0.33
0.65,0.05,0.33
0.75,0.05,0.33
0.85,0.05,0.33
0.95,0.05,0.33
0.05,0.15,0.33
0.15,0.15,0.33
0.25,0.15,0.33
0.35,0.15,0.33
0.45,0.15,0.33
0.55,0.15,0.33
0.65,0.15,0.33
0.75,0.15,0.33
0.85,0.15,0.33
0.95,0.15,0.33
0.05,0.25,0.33
0.15,0.25,0.33
0.25,0.25,0.33
0.35,0.25,0.33
0.45,0.25,0.33
0.55,0.25,0.33
0.65,0.25,0.33
0.75,0.25,0.33
0.85,0.25,0.33
0.95,0.25,0.33
0.05,0.35,0.33
0.15,0.35,0.33
0.25,0.35,0.33
0.35,0.35,0.33
0.45,0.35,0.33
0.55,0.35,0.33
0.65,0.35,0.33
0.75,0.35,0.33
0.85,0.35,0.33
0.95,0.35,0.33
0.05,0.45,0.33
0.15,0.45,0.33
0.25,0.45,0.33
0.35,0.45,0.33
0.45,0.45,0.33
0.55,0.45,0.33
0.65,0.45,0.33
0.75,0.45,0.33
0.85,0.45,0.33
0.95,0.45,0.33
0.05,0.55,0.33
0.15,0.55,0.33
0.25,0.55,0.33
0.35,0.55,0.33
0.45,0.55,0.33
0.55,0.55,0.33
0.65,0.55,0.33
0.75,0.55,0.33
0.85,0.55,0.33
0.95,0.55,0.33
0.05,0.65,0.33
0.15,0.65,0.33
0.25,0.65,0.33
0.35,0.65,0.33
0.45,0.65,0.33
0.55,0.65,0.33
0.65,0.65,0.33
0.75,0.65,0.33
0.85,0.65,0.33
0.95,0.65,0.33
0.05,0.75,0.33
0.15,0.75,0.33
0.25,0.75,0.33
0.35,0.75,0.33
0.45,0.75,0.33
0.55,0.75,0.33
0.65,0.75,0.33
0.75,0.75,0.33
0.85,0.75,0.33
0.95,0.75,0.33
0.05,0.85,0.33
0.15,0.85,0.33
0.25,0.85,0.33
0.35,0.85,0.33
0.45,0.85,0.33
0.55,0.85,0.33
0.65,0.85,0.33
0.75,0.85,0.33
0.85,0.85,0.33
0.95,0.85,0.33
0.05,0.95,0.33
0.15,0.95,0.33
0.25,0.95,0.33
0.35,0.95,0.33
0.45,0.95,0.33
0.55,0.95,0.33
0.65,0.95,0.33
0.75,0.95,0.33
0.85,0.95,0.33
0.95,0.95,0.33
0.05,-0.95,0.34
0.15,-0.95,0.34
0.25,-0.95,0.34
0.35,-0.95,0.34
0.45,-0.95,0.34
0.55,-0.95,0.34
0.65,-0.95,0.34
0.75,-0.95,0.34
0.85,-0.95,0.34
0.95,-0.95,0.34
0.05,-0.85,0.34
0.15,-0.85,0.34
0.25,-0.85,0.34
0.35,-0.85,0.34
0.45,-0.85,0.34
0.55,-0.85,0.34
0.65,-0.85,0.34
0.75,-0.85,0.34
0.85,-0.85,0.34
0.95,-0.85,0.34
0.05,-0.75,0.34
0.15,-0.75,0.34
0.25,-0.75,0.34
0.35,-0.75,0.34
0.45,-0.75,0.34
0.55,-0.75,0.34
0.65,-0.75,0.34
0.75,-0.75,0.34
0.85,-0.75,0.34
0.95,-0.75,0.34
0.05,-0.65,0.34
0.15,-0.65,0.34
0.25,-0.65,0.34
0.35,-0.65,0.34
0.45,-0.65,0.34
0.55,-0.65,0.34
0.65,-0.65,0.34
0.75,-0.65,0.34
0.85,-0.65,0.34
0.95,-0.65,0.34
0.05,-0.55,0.34
0.15,-0.55,0.34
0.25,-0.55,0.34
0.35,-0.55,0.34
0.45,-0.55,0.34
0.55,-0.55,0.34
0.65,-0.55,0.34
0.75,-0.55,0.34
0.85,-0.55,0.34
0.95,-0.55,0.34
0.05,-0.45,0.34
0.15,-0.45,0.34
0.25,-0.45,0.34
0.35,-0.45,0.34
0.45,-0.45,0.34
0.55,-0.45,0.34
0.65,-0.45,0.34
0.75,-0.45,0.34
0.85,-0.45,0.34
0.95,-0.45,0.34
0.05,-0.35,0.34
0.15,-0.35,0.34
0.25,-0.35,0.34
0.35,-0.35,0.34
0.45,-0.35,0.34
0.55,-0.35,0.34
0.65,-0.35,0.34
0.75,-0.35,0.34
0.85,-0.35,0.34
0.95,-0.35,0.34
0.05,-0.25,0.34
0.15,-0.25,0.34
0.25,-0.25,0.34
0.35,-0.25,0.34
0.45,-0.25,0.34
0.55,-0.25,0.34
0.65,-0.25,0.34
0.75,-0.25,0.34
0.85,-0.25,0.34
0.95,-0.25,0.34
0.05,-0.15,0.34
0.15,-0.15,0.34
0.25,-0.15,0.34
0.35,-0.15,0.34
0.45,-0.15,0.34
0.55,-0.15,0.34
0.65,-0.15,0.34
0.75,-0.15,0.34
0.85,-0.15,0.34
0.95,-0.15,0.34
0.05,-0.05,0.34
0.15,-0.05,0.34
0.25,-0.05,0.34
0.35,-0.05,0.34
0.45,-0.05,0.34
0.55,-0.05,0.34
0.65,-0.05,0.34
0.75,-0.05,0.34
0.85,-0.05,0.34
0.95,-0.05,0.34
0.05,0.05,0.34
0.15,0.05,0.34
0.25,0.05,0.34
0.35,0.05,0.34
0.45,0.05,0.34
0.55,0.05,0.34
0.65,0.05,0.34
0.75,0.05,0.34
0.85,0.05,0.34
0.95,0.05,0.34
0.05,0.15,0.34
0.15,0.15,0.34
0.25,0.15,0.34
0.35,0.15,0.34
0.45,0.15,0.34
0.55,0.15,0.34
0.65,0.15,0.34
0.75,0.15,0.34
0.85,0.15,0.34
0.95,0.15,0.34
0.05,0.25,0.34
0.15,0.25,0.34
0.25,0.25,0.34
0.35,0.25,0.34
0.45,0.25,0.34
0.55,0.25,0.34
0.65,0.25,0.34
0.75,0.25,0.34
0.85,0.25,0.34
0.95,0.25,0.34
0.05,0.35,0.34
0.15,0.35,0.34
0.25,0.35,0.34
0.35,0.35,0.34
0.45,0.35,0.34
0.55,0.35,0.34
0.65,0.35,0.34
0.75,0.35,0.34
0.85,0.35,0.34
0.95,0.35,0.34
0.05,0.45,0.34
0.15,0.45,0.34
0.25,0.45,0.34
0.35,0.45,0.34
0.45,0.45,0.34
0.55,0.45,0.34
0.65,0.45,0.34
0.75,0.45,0.34
0.85,0.45,0.34
0.95,0.45,0.34
0.05,0.55,0.34
0.15,0.55,0.34
0.25,0.55,0.34
0.35,0.55,0.34
0.45,0.55,0.34
0.55,0.55,0.34
0.65,0.55,0.34
0.75,0.55,0.34
0.85,0.55,0.34
0.95,0.55,0.34
0.05,0.65,0.34
0.15,0.65,0.34
0.25,0.65,0.34
0.35,0.65,0.34
0.45,0.65,0.34
0.55,0.65,0.34
0.65,0.65,0.34
0.75,0.65,0.34
0.85,0.65,0.34
0.95,0.65,0.34
0.05,0.75,0.34
0.15,0.75,0.34
0.25,0.75,0.34
0.35,0.75,0.34
0.45,0.75,0.34
0.55,0.75,0.34
0.65,0.75,0.34
0.75,0.75,0.34
0.85,0.75,0.34
0.95,0.75,0.34
0.05,0.85,0.34
0.15,0.85,0.34
0.25,0.85,0.34
0.35,0.85,0.34
0.45,0.85,0.34
0.55,0.85,0.34
0.65,0.85,0.34
0.75,0.85,0.34
0.85,0.85,0.34
0.95,0.85,0.34
0.05,0.95,0.34
0.15,0.95,0.34
0.25,0.95,0.34
0.35,0.95,0.34
0.45,0.95,0.34
0.55,0.95,0.34
0.65,0.95,0.34
0.75,0.95,0.34
0.85,0.95,0.34
0.95,0.95,0.34
0.05,-0.95,0.35
0.15,-0.95,0.35
0.25,-0.95,0.35
0.35,-0.95,0.35
0.45,-0.95,0.35
0.55,-0.95,0.35
0.65,-0.95,0.35
0.75,-0.95,0.35
0.85,-0.95,0.35
0.95,-0.95,0.35
0.05,-0.85,0.35
0.15,-0.85,0.35
0.25,-0.85,0.35
0.35,-0.85,0.35
0.45,-0.85,0.35
0.55,-0.85,0.35
0.65,-0.85,0.35
0.75,-0.85,0.35
0.85,-0.85,0.35
0.95,-0.85,0.35
0.05,-0.75,0.35
0.15,-0.75,0.35
0.25,-0.75,0.35
0.35,-0.75,0.35
0.45,-0.75,0.35
0.55,-0.75,0.35
0.65,-0.75,0.35
0.75,-0.75,0.35
0.85,-0.75,0.35
0.95,-0.75,0.35
0.05,-0.65,0.35
0.15,-0.65,0.35
0.25,-0.65,0.35
0.35,-0.65,0.35
0.45,-0.65,0.35
0.55,-0.65,0.35
0.65,-0.65,0.35
0.75,-0.65,0.35
0.85,-0.65,0.35
0.95,-0.65,0.35
0.05,-0.55,0.35
0.15,-0.55,0.35
0.25,-0.55,0.35
0.35,-0.55,0.35
0.45,-0.55,0.35
0.55,-0.55,0.35
0.65,-0.55,0.35
0.75,-0.55,0.35
0.85,-0.55,0.35
0.95,-0.55,0.35
0.05,-0.45,0.35
0.15,-0.45,0.35
0.25,-0.45,0.35
0.35,-0.45,0.35
0.45,-0.45,0.35
0.55,-0.45,0.35
0.65,-0.45,0.35
0.75,-0.45,0.35
0.85,-0.45,0.35
0.95,-0.45,0.35
0.05,-0.35,0.35
0.15,-0.35,0.35
0.25,-0.35,0.35
0.35,-0.35,0.35
0.45,-0.35,0.35
0.55,-0.35,0.35
0.65,-0.35,0.35
0.75,-0.35,0.35
0.85,-0.35,0.35
0.95,-0.35,0.35
0.05,-0.25,0.35
0.15,-0.25,0.35
0.25,-0.25,0.35
0.35,-0.25,0.35
0.45,-0.25,0.35
0.55,-0.25,0.35
0.65,-0.25,0.35
0.75,-0.25,0.35
0.85,-0.25,0.35
0.95,-0.25,0.35
0.05,-0.15,0.35
0.15,-0.15,0.35
0.25,-0.15,0.35
0.35,-0.15,0.35
0.45,-0.15,0.35
0.55,-0.15,0.35
0.65,-0.15,0.35
0.75,-0.15,0.35
0.85,-0.15,0.35
0.95,-0.15,0.35
0.05,-0.05,0.35
0.15,-0.05,0.35
0.25,-0.05,0.35
0.35,-0.05,0.35
0.45,-0.05,0.35
0.55,-0.05,0.35
0.65,-0.05,0.35
0.75,-0.05,0.35
0.85,-0.05,0.35
0.95,-0.05,0.35
0.05,0.05,0.35
0.15,0.05,0.35
0.25,0.05,0.35
0.35,0.05,0.35
0.45,0.05,0.35
0.55,0.05,0.35
0.65,0.05,0.35
0.75,0.05,0.35
0.85,0.05,0.35
0.95,0.05,0.35
0.05,0.15,0.35
0.15,0.15,0.35
0.25,0.15,0.35
0.35,0.15,0.35
0.45,0.15,0.35
0.55,0.15,0.35
0.65,0.15,0.35
0.75,0.15,0.35
0.85,0.15,0.35
0.95,0.15,0.35
0.05,0.25,0.35
0.15,0.25,0.35
0.25,0.25,0.35
0.35,0.25,0.35
0.45,0.25,0.35
0.55,0.25,0.35
0.65,0.25,0.35
0.75,0.25,0.35
0.85,0.25,0.35
0.95,0.25,0.35
0.05,0.35,0.35
0.15,0.35,0.35
0.25,0.35,0.35
0.35,0.35,0.35
0.45,0.35,0.35
0.55,0.35,0.35
0.65,0.35,0.35
0.75,0.35,0.35
0.85,0.35,0.35
0.95,0.35,0.35
0.05,0.45,0.35
0.15,0.45,0.35
0.25,0.45,0.35
0.35,0.45,0.35
0.45,0.45,0.35
0.55,0.45,0.35
0.65,0.45,0.35
0.75,0.45,0.35
0.85,0.45,0.35
0.95,0.45,0.35
0.05,0.55,0.35
0.15,0.55,0.35
0.25,0.55,0.35
0.35,0.55,0.35
0.45,0.55,0.35
0.55,0.55,0.35
0.65,0.55,0.35
0.75,0.55,0.35
0.85,0.55,0.35
0.95,0.55,0.35
0.05,0.65,0.35
0.15,0.65,0.35
0.25,0.65,0.35
0.35,0.65,0.35
0.45,0.65,0.35
0.55,0.65,0.35
0.65,0.65,0.35
0.75,0.65,0.35
0.85,0.65,0.35
0.95,0.65,0.35
0.05,0.75,0.35
0.15,0.75,0.35
0.25,0.75,0.35
0.35,0.75,0.35
0.45,0.75,0.35
0.55,0.75,0.35
0.65,0.75,0.35
0.75,0.75,0.35
0.85,0.75,0.35
0.95,0.75,0.35
0.05,0.85,0.35
0.15,0.85,0.35
0.25,0.85,0.35
0.35,0.85,0.35
0.45,0.85,0.35
0.55,0.85,0.35
0.65,0.85,0.35
0.75,0.85,0.35
0.85,0.85,0.35
0.95,0.85,0.35
0.05,0.95,0.35
0.15,0.95,0.35
0.25,0.95,0.35
0.35,0.95,0.35
0.45,0.95,0.35
0.55,0.95,0.35
0.65,0.95,0.35
0.75,0.95,0.35
0.85,0.95,0.35
0.95,0.95,0.35
0.05,-0.95,0.36
0.15,-0.95,0.36
0.25,-0.95,0.36
0.35,-0.95,0.36
0.45,-0.95,0.36
0.55,-0.95,0.36
0.65,-0.95,0.36
0.75,-0.95,0.36
0.85,-0.95,0.36
0.95,-0.95,0.36
0.05,-0.85,0.36
0.15,-0.85,0.36
0.25,-0.85,0.36
0.35,-0.85,0.36
0.45,-0.85,0.36
0.55,-0.85,0.36
0.65,-0.85,0.36
0.75,-0.85,0.36
0.85,-0.85,0.36
0.95,-0.85,0.36
0.05,-0.75,0.36
0.15,-0.75,0.36
0.25,-0.75,0.36
0.35,-0.75,0.36
0.45,-0.75,0.36
0.55,-0.75,0.36
0.65,-0.75,0.36
0.75,-0.75,0.36
0.85,-0.75,0.36
0.95,-0.75,0.36
0.05,-0.65,0.36
0.15,-0.65,0.36
0.25,-0.65,0.36
0.35,-0.65,0.36
0.45,-0.65,0.36
0.55,-0.65,0.36
0.65,-0.65,0.36
0.75,-0.65,0.36
0.85,-0.65,0.36
0.95,-0.65,0.36
0.05,-0.55,0.36
0.15,-0.55,0.36
0.25,-0.55,0.36
0.35,-0.55,0.36
0.45,-0.55,0.36
0.55,-0.55,0.36
0.65,-0.55,0.36
0.75,-0.55,0.36
0.85,-0.55,0.36
0.95,-0.55,0.36
0.05,-0.45,0.36
0.15,-0.45,0.36
0.25,-0.45,0.36
0.35,-0.45,0.36
0.45,-0.45,0.36
0.55,-0.45,0.36
0.65,-0.45,0.36
0.75,-0.45,0.36
0.85,-0.45,0.36
0.95,-0.45,0.36
0.05,-0.35,0.36
0.15,-0.35,0.36
0.25,-0.35,0.36
0.35,-0.35,0.36
0.45,-0.35,0.36
0.55,-0.35,0.36
0.65,-0.35,0.36
0.75,-0.35,0.36
0.85,-0.35,0.36
0.95,-0.35,0.36
0.05,-0.25,0.36
0.15,-0.25,0.36
0.25,-0.25,0.36
0.35,-0.25,0.36
0.45,-0.25,0.36
0.55,-0.25,0.36
0.65,-0.25,0.36
0.75,-0.25,0.36
0.85,-0.25,0.36
0.95,-0.25,0.36
0.05,-0.15,0.36
0.15,-0.15,0.36
0.25,-0.15,0.36
0.35,-0.15,0.36
0.45,-0.15,0.36
0.55,-0.15,0.36
0.65,-0.15,0.36
0.75,-0.15,0.36
0.85,-0.15,0.36
0.95,-0.15,0.36
0.05,-0.05,0.36
0.15,-0.05,0.36
0.25,-0.05,0.36
0.35,-0.05,0.36
0.45,-0.05,0.36
0.55,-0.05,0.36
0.65,-0.05,0.36
0.75,-0.05,0.36
0.85,-0.05,0.36
0.95,-0.05,0.36
0.05,0.05,0.36
0.15,0.05,0.36
0.25,0.05,0.36
0.35,0.05,0.36
0.45,0.05,0.36
0.55,0.05,0.36
0.65,0.05,0.36
0.75,0.05,0.36
0.85,0.05,0.36
0.95,0.05,0.36
0.05,0.15,0.36
0.15,0.15,0.36
0.25,0.15,0.36
0.35,0.15,0.36
0.45,0.15,0.36
0.55,0.15,0.36
0.65,0.15,0.36
0.75,0.15,0.36
0.85,0.15,0.36
0.95,0.15,0.36
0.05,0.25,0.36
0.15,0.25,0.36
0.25,0.25,0.36
0.35,0.25,0.36
0.45,0.25,0.36
0.55,0.25,0.36
0.65,0.25,0.36
0.75,0.25,0.36
0.85,0.25,0.36
0.95,0.25,0.36
0.05,0.35,0.36
0.15,0.35,0.36
0.25,0.35,0.36
0.35,0.35,0.36
0.45,0.35,0.36
0.55,0.35,0.36
0.65,0.35,0.36
0.75,0.35,0.36
0.85,0.35,0.36
0.95,0.35,0.36
0.05,0.45,0.36
0.15,0.45,0.36
0.25,0.45,0.36
0.35,0.45,0.36
0.45,0.45,0.36
0.55,0.45,0.36
0.65,0.45,0.36
0.75,0.45,0.36
0.85,0.45,0.36
0.95,0.45,0.36
0.05,0.55,0.36
0.15,0.55,0.36
0.25,0.55,0.36
0.35,0.55,0.36
0.45,0.55,0.36
0.55,0.55,0.36
0.65,0.55,0.36
0.75,0.55,0.36
0.85,0.55,0.36
0.95,0.55,0.36
0.05,0.65,0.36
0.15,0.65,0.36
0.25,0.65,0.36
0.35,0.65,0.36
0.45,0.65,0.36
0.55,0.65,0.36
0.65,0.65,0.36
0.75,0.65,0.36
0.85,0.65,0.36
0.95,0.65,0.36
0.05,0.75,0.36
0.15,0.75,0.36
0.25,0.75,0.36
0.35,0.75,0.36
0.45,0.75,0.36
0.55,0.75,0.36
0.65,0.75,0.36
0.75,0.75,0.36
0.85,0.75,0.36
0.95,0.75,0.36
0.05,0.85,0.36
0.15,0.85,0.36
0.25,0.85,0.36
0.35,0.85,0.36
0.45,0.85,0.36
0.55,0.85,0.36
0.65,0.85,0.36
0.75,0.85,0.36
0.85,0.85,0.36
0.95,0.85,0.36
0.05,0.95,0.36
0.15,0.95,0.36
0.25,0.95,0.36
0.35,0.95,0.36
0.45,0.95,0.36
0.55,0.95,0.36
0.65,0.95,0.36
0.75,0.95,0.36
0.85,0.95,0.36
0.95,0.95,0.36
0.05,-0.95,0.37
0.15,-0.95,0.37
0.25,-0.95,0.37
0.35,-0.95,0.37
0.45,-0.95,0.37
0.55,-0.95,0.37
0.65,-0.95,0.37
0.75,-0.95,0.37
0.85,-0.95,0.37
0.95,-0.95,0.37
0.05,-0.85,0.37
0.15,-0.85,0.37
0.25,-0.85,0.37
0.35,-0.85,0.37
0.45,-0.85,0.37
0.55,-0.85,0.37
0.65,-0.85,0.37
0.75,-0.85,0.37
0.85,-0.85,0.37
0.95,-0.85,0.37
0.05,-0.75,0.37
0.15,-0.75,0.37
0.25,-0.75,0.37
0.35,-0.75,0.37
0.45,-0.75,0.37
0.55,-0.75,0.37
0.65,-0.75,0.37
0.75,-0.75,0.37
0.85,-0.75,0.37
0.95,-0.75,0.37
0.05,-0.65,0.37
0.15,-0.65,0.37
0.25,-0.65,0.37
0.35,-0.65,0.37
0.45,-0.65,0.37
0.55,-0.65,0.37
0.65,-0.65,0.37
0.75,-0.65,0.37
0.85,-0.65,0.37
0.95,-0.65,0.37
0.05,-0.55,0.37
0.15,-0.55,0.37
0.25,-0.55,0.37
0.35,-0.55,0.37
0.45,-0.55,0.37
0.55,-0.55,0.37
0.65,-0.55,0.37
0.75,-0.55,0.37
0.85,-0.55,0.37
0.95,-0.55,0.37
0.05,-0.45,0.37
0.15,-0.45,0.37
0.25,-0.45,0.37
0.35,-0.45,0.37
0.45,-0.45,0.37
0.55,-0.45,0.37
0.65,-0.45,0.37
0.75,-0.45,0.37
0.85,-0.45,0.37
0.95,-0.45,0.37
0.05,-0.35,0.37
0.15,-0.35,0.37
0.25,-0.35,0.37
0.35,-0.35,0.37
0.45,-0.35,0.37
0.55,-0.35,0.37
0.65,-0.35,0.37
0.75,-0.35,0.37
0.85,-0.35,0.37
0.95,-0.35,0.37
0.05,-0.25,0.37
0.15,-0.25,0.37
0.25,-0.25,0.37
0.35,-0.25,0.37
0.45,-0.25,0.37
0.55,-0.25,0.37
0.65,-0.25,0.37
0.75,-0.25,0.37
0.85,-0.25,0.37
0.95,-0.25,0.37
0.05,-0.15,0.37
0.15,-0.15,0.37
0.25,-0.15,0.37
0.35,-0.15,0.37
0.45,-0.15,0.37
0.55,-0.15,0.37
0.65,-0.15,0.37
0.75,-0.15,0.37
0.85,-0.15,0.37
0.95,-0.15,0.37
0.05,-0.05,0.37
0.15,-0.05,0.37
0.25,-0.05,0.37
0.35,-0.05,0.37
0.45,-0.05,0.37
0.55,-0.05,0.37
0.65,-0.05,0.37
0.75,-0.05,0.37
0.85,-0.05,0.37
0.95,-0.05,0.37
0.05,0.05,0.37
0.15,0.05,0.37
0.25,0.05,0.37
0.35,0.05,0.37
0.45,0.05,0.37
0.55,0.05,0.37
0.65,0.05,0.37
0.75,0.05,0.37
0.85,0.05,0.37
0.95,0.05,0.37
0.05,0.15,0.37
0.15,0.15,0.37
0.25,0.15,0.37
0.35,0.15,0.37
0.45,0.15,0.37
0.55,0.15,0.37
0.65,0.15,0.37
0.75,0.15,0.37
0.85,0.15,0.37
0.95,0.15,0.37
0.05,0.25,0.37
0.15,0.25,0.37
0.25,0.25,0.37
0.35,0.25,0.37
0.45,0.25,0.37
0.55,0.25,0.37
0.65,0.25,0.37
0.75,0.25,0.37
0.85,0.25,0.37
0.95,0.25,0.37
0.05,0.35,0.37
0.15,0.35,0.37
0.25,0.35,0.37
0.35,0.35,0.37
0.45,0.35,0.37
0.55,0.35,0.37
0.65,0.35,0.37
0.75,0.35,0.37
0.85,0.35,0.37
0.95,0.35,0.37
0.05,0.45,0.37
0.15,0.45,0.37
0.25,0.45,0.37
0.35,0.45,0.37
0.45,0.45,0.37
0.55,0.45,0.37
0.65,0.45,0.37
0.75,0.45,0.37
0.85,0.45,0.37
0.95,0.45,0.37
0.05,0.55,0.37
0.15,0.55,0.37
0.25,0.55,0.37
0.35,0.55,0.37
0.45,0.55,0.37
0.55,0.55,0.37
0.65,0.55,0.37
0.75,0.55,0.37
0.85,0.55,0.37
0.95,0.55,0.37
0.05,0.65,0.37
0.15,0.65,0.37
0.25,0.65,0.37
0.35,0.65,0.37
0.45,0.65,0.37
0.55,0.65,0.37
0.65,0.65,0.37
0.75,0.65,0.37
0.85,0.65,0.37
0.95,0.65,0.37
0.05,0.75,0.37
0.15,0.75,0.37
0.25,0.75,0.37
0.35,0.75,0.37
0.45,0.75,0.37
0.55,0.75,0.37
0.65,0.75,0.37
0.75,0.75,0.37
0.85,0.75,0.37
0.95,0.75,0.37
0.05,0.85,0.37
0.15,0.85,0.37
0.25,0.85,0.37
0.35,0.85,0.37
0.45,0.85,0.37
0.55,0.85,0.37
0.65,0.85,0.37
0.75,0.85,0.37
0.85,0.85,0.37
0.95,0.85,0.37
0.05,0.95,0.37
0.15,0.95,0.37
0.25,0.95,0.37
0.35,0.95,0.37
0.45,0.95,0.37
0.55,0.95,0.37
0.65,0.95,0.37
0.75,0.95,0.37
0.85,0.95,0.37
0.95,0.95,0.37
0.05,-0.95,0.38
0.15,-0.95,0.38
0.25,-0.95,0.38
0.35,-0.95,0.38
0.45,-0.95,0.38
0.55,-0.95,0.38
0.65,-0.95,0.38
0.75,-0.95,0.38
0.85,-0.95,0.38
0.95,-0.95,0.38
0.05,-0.85,0.38
0.15,-0.85,0.38
0.25,-0.85,0.38
0.35,-0.85,0.38
0.45,-0.85,0.38
0.55,-0.85,0.38
0.65,-0.85,0.38
0.75,-0.85,0.38
0.85,-0.85,0.38
0.95,-0.85,0.38
0.05,-0.75,0.38
0.15,-0.75,0.38
0.25,-0.75,0.38
0.35,-0.75,0.38
0.45,-0.75,0.38
0.55,-0.75,0.38
0.65,-0.75,0.38
0.75,-0.75,0.38
0.85,-0.75,0.38
0.95,-0.75,0.38
0.05,-0.65,0.38
0.15,-0.65,0.38
0.25,-0.65,0.38
0.35,-0.65,0.38
0.45,-0.65,0.38
0.55,-0.65,0.38
0.65,-0.65,0.38
0.75,-0.65,0.38
0.85,-0.65,0.38
0.95,-0.65,0.38
0.05,-0.55,0.38
0.15,-0.55,0.38
0.25,-0.55,0.38
0.35,-0.55,0.38
0.45,-0.55,0.38
0.55,-0.55,0.38
0.65,-0.55,0.38
0.75,-0.55,0.38
0.85,-0.55,0.38
0.95,-0.55,0.38
0.05,-0.45,0.38
0.15,-0.45,0.38
0.25,-0.45,0.38
0.35,-0.45,0.38
0.45,-0.45,0.38
0.55,-0.45,0.38
0.65,-0.45,0.38
0.75,-0.45,0.38
0.85,-0.45,0.38
0.95,-0.45,0.38
0.05,-0.35,0.38
0.15,-0.35,0.38
0.25,-0.35,0.38
0.35,-0.35,0.38
0.45,-0.35,0.38
0.55,-0.35,0.38
0.65,-0.35,0.38
0.75,-0.35,0.38
0.85,-0.35,0.38
0.95,-0.35,0.38
0.05,-0.25,0.38
0.15,-0.25,0.38
0.25,-0.25,0.38
0.35,-0.25,0.38
0.45,-0.25,0.38
0.55,-0.25,0.38
0.65,-0.25,0.38
0.75,-0.25,0.38
0.85,-0.25,0.38
0.95,-0.25,0.38
0.05,-0.15,0.38
0.15,-0.15,0.38
0.25,-0.15,0.38
0.35,-0.15,0.38
0.45,-0.15,0.38
0.55,-0.15,0.38
0.65,-0.15,0.38
0.75,-0.15,0.38
0.85,-0.15,0.38
0.95,-0.15,0.38
0.05,-0.05,0.38
0.15,-0.05,0.38
0.25,-0.05,0.38
0.35,-0.05,0.38
0.45,-0.05,0.38
0.55,-0.05,0.38
0.65,-0.05,0.38
0.75,-0.05,0.38
0.85,-0.05,0.38
0.95,-0.05,0.38
0.05,0.05,0.38
0.15,0.05,0.38
0.25,0.05,0.38
0.35,0.05,0.38
0.45,0.05,0.38
0.55,0.05,0.38
0.65,0.05,0.38
0.75,0.05,0.38
0.85,0.05,0.38
0.95,0.05,0.38
0.05,0.15,0.38
0.15,0.15,0.38
0.25,0.15,0.38
0.35,0.15,0.38
0.45,0.15,0.38
0.55,0.15,0.38
0.65,0.15,0.38
0.75,0.15,0.38
0.85,0.15,0.38
0.95,0.15,0.38
0.05,0.25,0.38
0.15,0.25,0.38
0.25,0.25,0.38
0.35,0.25,0.38
0.45,0.25,0.38
0.55,0.25,0.38
0.65,0.25,0.38
0.75,0.25,0.38
0.85,0.25,0.38
0.95,0.25,0.38
0.05,0.35,0.38
0.15,0.35,0.38
0.25,0.35,0.38
0.35,0.35,0.38
0.45,0.35,0.38
0.55,0.35,0.38
0.65,0.35,0.38
0.75,0.35,0.38
0.85,0.35,0.38
0.95,0.35,0.38
0.05,0.45,0.38
0.15,0.45,0.38
0.25,0.45,0.38
0.35,0.45,0.38
0.45,0.45,0.38
0.55,0.45,0.38
0.65,0.45,0.38
0.75,0.45,0.38
0.85,0.45,0.38
0.95,0.45,0.38
0.05,0.55,0.38
0.15,0.55,0.38
0.25,0.55,0.38
0.35,0.55,0.38
0.45,0.55,0.38
0.55,0.55,0.38
0.65,0.55,0.38
0.75,0.55,0.38
0.85,0.55,0.38
0.95,0.55,0.38
0.05,0.65,0.38
0.15,0.65,0.38
0.25,0.65,0.38
0.35,0.65,0.38
0.45,0.65,0.38
0.55,0.65,0.38
0.65,0.65,0.38
0.75,0.65,0.38
0.85,0.65,0.38
0.95,0.65,0.38
0.05,0.75,0.38
0.15,0.75,0.38
0.25,0.75,0.38
0.35,0.75,0.38
0.45,0.75,0.38
0.55,0.75,0.38
0.65,0.75,0.38
0.75,0.75,0.38
0.85,0.75,0.38
0.95,0.75,0.38
0.05,0.85,0.38
0.15,0.85,0.38
0.25,0.85,0.38
0.35,0.85,0.38
0.45,0.85,0.38
0.55,0.85,0.38
0.65,0.85,0.38
0.75,0.85,0.38
0.85,0.85,0.38
0.95,0.85,0.38
0.05,0.95,0.38
0.15,0.95,0.38
0.25,0.95,0.38
0.35,0.95,0.38
0.45,0.95,0.38
0.55,0.95,0.38
0.65,0.95,0.38
0.75,0.95,0.38
0.85,0.95,0.38
0.95,0.95,0.38
0.05,-0.95,0.39
0.15,-0.95,0.39
0.25,-0.95,0.39
0.35,-0.95,0.39
0.45,-0.95,0.39
0.55,-0.95,0.39
0.65,-0.95,0.39
0.75,-0.95,0.39
0.85,-0.95,0.39
0.95,-0.95,0.39
0.05,-0.85,0.39
0.15,-0.85,0.39
0.25,-0.85,0.39
0.35,-0.85,0.39
0.45,-0.85,0.39
0.55,-0.85,0.39
0.65,-0.85,0.39
0.75,-0.85,0.39
0.85,-0.85,0.39
0.95,-0.85,0.39
0.05,-0.75,0.39
0.15,-0.75,0.39
0.25,-0.75,0.39
0.35,-0.75,0.39
0.45,-0.75,0.39
0.55,-0.75,0.39
0.65,-0.75,0.39
0.75,-0.75,0.39
0.85,-0.75,0.39
0.95,-0.75,0.39
0.05,-0.65,0.39
0.15,-0.65,0.39
0.25,-0.65,0.39
0.35,-0.65,0.39
0.45,-0.65,0.39
0.55,-0.65,0.39
0.65,-0.65,0.39
0.75,-0.65,0.39
0.85,-0.65,0.39
0.95,-0.65,0.39
0.05,-0.55,0.39
0.15,-0.55,0.39
0.25,-0.55,0.39
0.35,-0.55,0.39
0.45,-0.55,0.39
0.55,-0.55,0.39
0.65,-0.55,0.39
0.75,-0.55,0.39
0.85,-0.55,0.39
0.95,-0.55,0.39
0.05,-0.45,0.39
0.15,-0.45,0.39
0.25,-0.45,0.39
0.35,-0.45,0.39
0.45,-0.45,0.39
0.55,-0.45,0.39
0.65,-0.45,0.39
0.75,-0.45,0.39
0.85,-0.45,0.39
0.95,-0.45,0.39
0.05,-0.35,0.39
0.15,-0.35,0.39
0.25,-0.35,0.39
0.35,-0.35,0.39
0.45,-0.35,0.39
0.55,-0.35,0.39
0.65,-0.35,0.39
0.75,-0.35,0.39
0.85,-0.35,0.39
0.95,-0.35,0.39
0.05,-0.25,0.39
0.15,-0.25,0.39
0.25,-0.25,0.39
0.35,-0.25,0.39
0.45,-0.25,0.39
0.55,-0.25,0.39
0.65,-0.25,0.39
0.75,-0.25,0.39
0.85,-0.25,0.39
0.95,-0.25,0.39
0.05,-0.15,0.39
0.15,-0.15,0.39
0.25,-0.15,0.39
0.35,-0.15,0.39
0.45,-0.15,0.39
0.55,-0.15,0.39
0.65,-0.15,0.39
0.75,-0.15,0.39
0.85,-0.15,0.39
0.95,-0.15,0.39
0.05,-0.05,0.39
0.15,-0.05,0.39
0.25,-0.05,0.39
0.35,-0.05,0.39
0.45,-0.05,0.39
0.55,-0.05,0.39
0.65,-0.05,0.39
0.75,-0.05,0.39
0.85,-0.05,0.39
0.95,-0.05,0.39
0.05,0.05,0.39
0.15,0.05,0.39
0.25,0.05,0.39
0.35,0.05,0.39
0.45,0.05,0.39
0.55,0.05,0.39
0.65,0.05,0.39
0.75,0.05,0.39
0.85,0.05,0.39
0.95,0.05,0.39
0.05,0.15,0.39
0.15,0.15,0.39
0.25,0.15,0.39
0.35,0.15,0.39
0.45,0.15,0.39
0.55,0.15,0.39
0.65,0.15,0.39
0.75,0.15,0.39
0.85,0.15,0.39
0.95,0.15,0.39
0.05,0.25,0.39
0.15,0.25,0.39
0.25,0.25,0.39
0.35,0.25,0.39
0.45,0.25,0.39
0.55,0.25,0.39
0.65,0.25,0.39
0.75,0.25,0.39
0.85,0.25,0.39
0.95,0.25,0.39
0.05,0.35,0.39
0.15,0.35,0.39
0.25,0.35,0.39
0.35,0.35,0.39
0.45,0.35,0.39
0.55,0.35,0.39
0.65,0.35,0.39
0.75,0.35,0.39
0.85,0.35,0.39
0.95,0.35,0.39
0.05,0.45,0.39
0.15,0.45,0.39
0.25,0.45,0.39
0.35,0.45,0.39
0.45,0.45,0.39
0.55,0.45,0.39
0.65,0.45,0.39
0.75,0.45,0.39
0.85,0.45,0.39
0.95,0.45,0.39
0.05,0.55,0.39
0.15,0.55,0.39
0.25,0.55,0.39
0.35,0.55,0.39
0.45,0.55,0.39
0.55,0.55,0.39
0.65,0.55,0.39
0.75,0.55,0.39
0.85,0.55,0.39
0.95,0.55,0.39
0.05,0.65,0.39
0.15,0.65,0.39
0.25,0.65,0.39
0.35,0.65,0.39
0.45,0.65,0.39
0.55,0.65,0.39
0.65,0.65,0.39
0.75,0.65,0.39
0.85,0.65,0.39
0.95,0.65,0.39
0.05,0.75,0.39
0.15,0.75,0.39
0.25,0.75,0.39
0.35,0.75,0.39
0.45,0.75,0.39
0.55,0.75,0.39
0.65,0.75,0.39
0.75,0.75,0.39
0.85,0.75,0.39
0.95,0.75,0.39
0.05,0.85,0.39
0.15,0.85,0.39
0.25,0.85,0.39
0.35,0.85,0.39
0.45,0.85,0.39
0.55,0.85,0.39
0.65,0.85,0.39
0.75,0.85,0.39
0.85,0.85,0.39
0.95,0.85,0.39
0.05,0.95,0.39
0.15,0.95,0.39
0.25,0.95,0.39
0.35,0.95,0.39
0.45,0.95,0.39
0.55,0.95,0.39
0.65,0.95,0.39
0.75,0.95,0.39
0.85,0.95,0.39
0.95,0.95,0.39
0.05,-0.95,0.4
0.15,-0.95,0.4
0.25,-0.95,0.4
0.35,-0.95,0.4
0.45,-0.95,0.4
0.55,-0.95,0.4
0.65,-0.95,0.4
0.75,-0.95,0.4
0.85,-0.95,0.4
0.95,-0.95,0.4
0.05,-0.85,0.4
0.15,-0.85,0.4
0.25,-0.85,0.4
0.35,-0.85,0.4
0.45,-0.85,0.4
0.55,-0.85,0.4
0.65,-0.85,0.4
0.75,-0.85,0.4
0.85,-0.85,0.4
0.95,-0.85,0.4
0.05,-0.75,0.4
0.15,-0.75,0.4
0.25,-0.75,0.4
0.35,-0.75,0.4
0.45,-0.75,0.4
0.55,-0.75,0.4
0.65,-0.75,0.4
0.75,-0.75,0.4
0.85,-0.75,0.4
0.95,-0.75,0.4
0.05,-0.65,0.4
0.15,-0.65,0.4
0.25,-0.65,0.4
0.35,-0.65,0.4
0.45,-0.65,0.4
0.55,-0.65,0.4
0.65,-0.65,0.4
0.75,-0.65,0.4
0.85,-0.65,0.4
0.95,-0.65,0.4
0.05,-0.55,0.4
0.15,-0.55,0.4
0.25,-0.55,0.4
0.35,-0.55,0.4
0.45,-0.55,0.4
0.55,-0.55,0.4
0.65,-0.55,0.4
0.75,-0.55,0.4
0.85,-0.55,0.4
0.95,-0.55,0.4
0.05,-0.45,0.4
0.15,-0.45,0.4
0.25,-0.45,0.4
0.35,-0.45,0.4
0.45,-0.45,0.4
0.55,-0.45,0.4
0.65,-0.45,0.4
0.75,-0.45,0.4
0.85,-0.45,0.4
0.95,-0.45,0.4
0.05,-0.35,0.4
0.15,-0.35,0.4
0.25,-0.35,0.4
0.35,-0.35,0.4
0.45,-0.35,0.4
0.55,-0.35,0.4
0.65,-0.35,0.4
0.75,-0.35,0.4
0.85,-0.35,0.4
0.95,-0.35,0.4
0.05,-0.25,0.4
0.15,-0.25,0.4
0.25,-0.25,0.4
0.35,-0.25,0.4
0.45,-0.25,0.4
0.55,-0.25,0.4
0.65,-0.25,0.4
0.75,-0.25,0.4
0.85,-0.25,0.4
0.95,-0.25,0.4
0.05,-0.15,0.4
0.15,-0.15,0.4
0.25,-0.15,0.4
0.35,-0.15,0.4
0.45,-0.15,0.4
0.55,-0.15,0.4
0.65,-0.15,0.4
0.75,-0.15,0.4
0.85,-0.15,0.4
0.95,-0.15,0.4
0.05,-0.05,0.4
0.15,-0.05,0.4
0.25,-0.05,0.4
0.35,-0.05,0.4
0.45,-0.05,0.4
0.55,-0.05,0.4
0.65,-0.05,0.4
0.75,-0.05,0.4
0.85,-0.05,0.4
0.95,-0.05,0.4
0.05,0.05,0.4
0.15,0.05,0.4
0.25,0.05,0.4
0.35,0.05,0.4
0.45,0.05,0.4
0.55,0.05,0.4
0.65,0.05,0.4
0.75,0.05,0.4
0.85,0.05,0.4
0.95,0.05,0.4
0.05,0.15,0.4
0.15,0.15,0.4
0.25,0.15,0.4
0.35,0.15,0.4
0.45,0.15,0.4
0.55,0.15,0.4
0.65,0.15,0.4
0.75,0.15,0.4
0.85,0.15,0.4
0.95,0.15,0.4
0.05,0.25,0.4
0.15,0.25,0.4
0.25,0.25,0.4
0.35,0.25,0.4
0.45,0.25,0.4
0.55,0.25,0.4
0.65,0.25,0.4
0.75,0.25,0.4
0.85,0.25,0.4
0.95,0.25,0.4
0.05,0.35,0.4
0.15,0.35,0.4
0.25,0.35,0.4
0.35,0.35,0.4
0.45,0.35,0.4
0.55,0.35,0.4
0.65,0.35,0.4
0.75,0.35,0.4
0.85,0.35,0.4
0.95,0.35,0.4
0.05,0.45,0.4
0.15,0.45,0.4
0.25,0.45,0.4
0.35,0.45,0.4
0.45,0.45,0.4
0.55,0.45,0.4
0.65,0.45,0.4
0.75,0.45,0.4
0.85,0.45,0.4
0.95,0.45,0.4
0.05,0.55,0.4
0.15,0.55,0.4
0.25,0.55,0.4
0.35,0.55,0.4
0.45,0.55,0.4
0.55,0.55,0.4
0.65,0.55,0.4
0.75,0.55,0.4
0.85,0.55,0.4
0.95,0.55,0.4
0.05,0.65,0.4
0.15,0.65,0.4
0.25,0.65,0.4
0.35,0.65,0.4
0.45,0.65,0.4
0.55,0.65,0.4
0.65,0.65,0.4
0.75,0.65,0.4
0.85,0.65,0.4
0.95,0.65,0.4
0.05,0.75,0.4
0.15,0.75,0.4
0.25,0.75,0.4
0.35,0.75,0.4
0.45,0.75,0.4
0.55,0.75,0.4
0.65,0.75,0.4
0.75,0.75,0.4
0.85,0.75,0.4
0.95,0.75,0.4
0.05,0.85,0.4
0.15,0.85,0.4
0.25,0.85,0.4
0.35,0.85,0.4
0.45,0.85,0.4
0.55,0.85,0.4
0.65,0.85,0.4
0.75,0.85,0.4
0.85,0.85,0.4
0.95,0.85,0.4
0.05,0.95,0.4
0.15,0.95,0.4
0.25,0.95,0.4
0.35,0.95,0.4
0.45,0.95,0.4
0.55,0.95,0.4
0.65,0.95,0.4
0.75,0.95,0.4
0.85,0.95,0.4
0.95,0.95,0.4
0.05,-0.95,0.41
0.15,-0.95,0.41
0.25,-0.95,0.41
0.35,-0.95,0.41
0.45,-0.95,0.41
0.55,-0.95,0.41
0.65,-0.95,0.41
0.75,-0.95,0.41
0.85,-0.95,0.41
0.95,-0.95,0.41
0.05,-0.85,0.41
0.15,-0.85,0.41
0.25,-0.85,0.41
0.35,-0.85,0.41
0.45,-0.85,0.41
0.55,-0.85,0.41
0.65,-0.85,0.41
0.75,-0.85,0.41
0.85,-0.85,0.41
0.95,-0.85,0.41
0.05,-0.75,0.41
0.15,-0.75,0.41
0.25,-0.75,0.41
0.35,-0.75,0.41
0.45,-0.75,0.41
0.55,-0.75,0.41
0.65,-0.75,0.41
0.75,-0.75,0.41
0.85,-0.75,0.41
0.95,-0.75,0.41
0.05,-0.65,0.41
0.15,-0.65,0.41
0.25,-0.65,0.41
0.35,-0.65,0.41
0.45,-0.65,0.41
0.55,-0.65,0.41
0.65,-0.65,0.41
0.75,-0.65,0.41
0.85,-0.65,0.41
0.95,-0.65,0.41
0.05,-0.55,0.41
0.15,-0.55,0.41
0.25,-0.55,0.41
0.35,-0.55,0.41
0.45,-0.55,0.41
0.55,-0.55,0.41
0.65,-0.55,0.41
0.75,-0.55,0.41
0.85,-0.55,0.41
0.95,-0.55,0.41
0.05,-0.45,0.41
0.15,-0.45,0.41
0.25,-0.45,0.41
0.35,-0.45,0.41
0.45,-0.45,0.41
0.55,-0.45,0.41
0.65,-0.45,0.41
0.75,-0.45,0.41
0.85,-0.45,0.41
0.95,-0.45,0.41
0.05,-0.35,0.41
0.15,-0.35,0.41
0.25,-0.35,0.41
0.35,-0.35,0.41
0.45,-0.35,0.41
0.55,-0.35,0.41
0.65,-0.35,0.41
0.75,-0.35,0.41
0.85,-0.35,0.41
0.95,-0.35,0.41
0.05,-0.25,0.41
0.15,-0.25,0.41
0.25,-0.25,0.41
0.35,-0.25,0.41
0.45,-0.25,0.41
0.55,-0.25,0.41
0.65,-0.25,0.41
0.75,-0.25,0.41
0.85,-0.25,0.41
0.95,-0.25,0.41
0.05,-0.15,0.41
0.15,-0.15,0.41
0.25,-0.15,0.41
0.35,-0.15,0.41
0.45,-0.15,0.41
0.55,-0.15,0.41
0.65,-0.15,0.41
0.75,-0.15,0.41
0.85,-0.15,0.41
0.95,-0.15,0.41
0.05,-0.05,0.41
0.15,-0.05,0.41
0.25,-0.05,0.41
0.35,-0.05,0.41
0.45,-0.05,0.41
0.55,-0.05,0.41
0.65,-0.05,0.41
0.75,-0.05,0.41
0.85,-0.05,0.41
0.95,-0.05,0.41
0.05,0.05,0.41
0.15,0.05,0.41
0.25,0.05,0.41
0.35,0.05,0.41
0.45,0.05,0.41
0.55,0.05,0.41
0.65,0.05,0.41
0.75,0.05,0.41
0.85,0.05,0.41
0.95,0.05,0.41
0.05,0.15,0.41
0.15,0.15,0.41
0.25,0.15,0.41
0.35,0.15,0.41
0.45,0.15,0.41
0.55,0.15,0.41
0.65,0.15,0.41
0.75,0.15,0.41
0.85,0.15,0.41
0.95,0.15,0.41
0.05,0.25,0.41
0.15,0.25,0.41
0.25,0.25,0.41
0.35,0.25,0.41
0.45,0.25,0.41
0.55,0.25,0.41
0.65,0.25,0.41
0.75,0.25,0.41
0.85,0.25,0.41
0.95,0.25,0.41
0.05,0.35,0.41
0.15,0.35,0.41
0.25,0.35,0.41
0.35,0.35,0.41
0.45,0.35,0.41
0.55,0.35,0.41
0.65,0.35,0.41
0.75,0.35,0.41
0.85,0.35,0.41
0.95,0.35,0.41
0.05,0.45,0.41
0.15,0.45,0.41
0.25,0.45,0.41
0.35,0.45,0.41
0.45,0.45,0.41
0.55,0.45,0.41
0.65,0.45,0.41
0.75,0.45,0.41
0.85,0.45,0.41
0.95,0.45,0.41
0.05,0.55,0.41
0.15,0.55,0.41
0.25,0.55,0.41
0.35,0.55,0.41
0.45,0.55,0.41
0.55,0.55,0.41
0.65,0.55,0.41
0.75,0.55,0.41
0.85,0.55,0.41
0.95,0.55,0.41
0.05,0.65,0.41
0.15,0.65,0.41
0.25,0.65,0.41
0.35,0.65,0.41
0.45,0.65,0.41
0.55,0.65,0.41
0.65,0.65,0.41
0.75,0.65,0.41
0.85,0.65,0.41
0.95,0.65,0.41
0.05,0.75,0.41
0.15,0.75,0.41
0.25,0.75,0.41
0.35,0.75,0.41
0.45,0.75,0.41
0.55,0.75,0.41
0.65,0.75,0.41
0.75,0.75,0.41
0.85,0.75,0.41
0.95,0.75,0.41
0.05,0.85,0.41
0.15,0.85,0.41
0.25,0.85,0.41
0.35,0.85,0.41
0.45,0.85,0.41
0.55,0.85,0.41
0.65,0.85,0.41
0.75,0.85,0.41
0.85,0.85,0.41
0.95,0.85,0.41
0.05,0.95,0.41
0.15,0.95,0.41
0.25,0.95,0.41
0.35,0.95,0.41
0.45,0.95,0.41
0.55,0.95,0.41
0.65,0.95,0.41
0.75,0.95,0.41
0.85,0.95,0.41
0.95,0.95,0.41
0.05,-0.95,0.42
0.15,-0.95,0.42
0.25,-0.95,0.42
0.35,-0.95,0.42
0.45,-0.95,0.42
0.55,-0.95,0.42
0.65,-0.95,0.42
0.75,-0.95,0.42
0.85,-0.95,0.42
0.95,-0.95,0.42
0.05,-0.85,0.42
0.15,-0.85,0.42
0.25,-0.85,0.42
0.35,-0.85,0.42
0.45,-0.85,0.42
0.55,-0.85,0.42
0.65,-0.85,0.42
0.75,-0.85,0.42
0.85,-0.85,0.42
0.95,-0.85,0.42
0.05,-0.75,0.42
0.15,-0.75,0.42
0.25,-0.75,0.42
0.35,-0.75,0.42
0.45,-0.75,0.42
0.55,-0.75,0.42
0.65,-0.75,0.42
0.75,-0.75,0.42
0.85,-0.75,0.42
0.95,-0.75,0.42
0.05,-0.65,0.42
0.15,-0.65,0.42
0.25,-0.65,0.42
0.35,-0.65,0.42
0.45,-0.65,0.42
0.55,-0.65,0.42
0.65,-0.65,0.42
0.75,-0.65,0.42
0.85,-0.65,0.42
0.95,-0.65,0.42
0.05,-0.55,0.42
0.15,-0.55,0.42
0.25,-0.55,0.42
0.35,-0.55,0.42
0.45,-0.55,0.42
0.55,-0.55,0.42
0.65,-0.55,0.42
0.75,-0.55,0.42
0.85,-0.55,0.42
0.95,-0.55,0.42
0.05,-0.45,0.42
0.15,-0.45,0.42
0.25,-0.45,0.42
0.35,-0.45,0.42
0.45,-0.45,0.42
0.55,-0.45,0.42
0.65,-0.45,0.42
0.75,-0.45,0.42
0.85,-0.45,0.42
0.95,-0.45,0.42
0.05,-0.35,0.42
0.15,-0.35,0.42
0.25,-0.35,0.42
0.35,-0.35,0.42
0.45,-0.35,0.42
0.55,-0.35,0.42
0.65,-0.35,0.42
0.75,-0.35,0.42
0.85,-0.35,0.42
0.95,-0.35,0.42
0.05,-0.25,0.42
0.15,-0.25,0.42
0.25,-0.25,0.42
0.35,-0.25,0.42
0.45,-0.25,0.42
0.55,-0.25,0.42
0.65,-0.25,0.42
0.75,-0.25,0.42
0.85,-0.25,0.42
0.95,-0.25,0.42
0.05,-0.15,0.42
0.15,-0.15,0.42
0.25,-0.15,0.42
0.35,-0.15,0.42
0.45,-0.15,0.42
0.55,-0.15,0.42
0.65,-0.15,0.42
0.75,-0.15,0.42
0.85,-0.15,0.42
0.95,-0.15,0.42
0.05,-0.05,0.42
0.15,-0.05,0.42
0.25,-0.05,0.42
0.35,-0.05,0.42
0.45,-0.05,0.42
0.55,-0.05,0.42
0.65,-0.05,0.42
0.75,-0.05,0.42
0.85,-0.05,0.42
0.95,-0.05,0.42
0.05,0.05,0.42
0.15,0.05,0.42
0.25,0.05,0.42
0.35,0.05,0.42
0.45,0.05,0.42
0.55,0.05,0.42
0.65,0.05,0.42
0.75,0.05,0.42
0.85,0.05,0.42
0.95,0.05,0.42
0.05,0.15,0.42
0.15,0.15,0.42
0.25,0.15,0.42
0.35,0.15,0.42
0.45,0.15,0.42
0.55,0.15,0.42
0.65,0.15,0.42
0.75,0.15,0.42
0.85,0.15,0.42
0.95,0.15,0.42
0.05,0.25,0.42
0.15,0.25,0.42
0.25,0.25,0.42
0.35,0.25,0.42
0.45,0.25,0.42
0.55,0.25,0.42
0.65,0.25,0.42
0.75,0.25,0.42
0.85,0.25,0.42
0.95,0.25,0.42
0.05,0.35,0.42
0.15,0.35,0.42
0.25,0.35,0.42
0.35,0.35,0.42
0.45,0.35,0.42
0.55,0.35,0.42
0.65,0.35,0.42
0.75,0.35,0.42
0.85,0.35,0.42
0.95,0.35,0.42
0.05,0.45,0.42
0.15,0.45,0.42
0.25,0.45,0.42
0.35,0.45,0.42
0.45,0.45,0.42
0.55,0.45,0.42
0.65,0.45,0.42
0.75,0.45,0.42
0.85,0.45,0.42
0.95,0.45,0.42
0.05,0.55,0.42
0.15,0.55,0.42
0.25,0.55,0.42
0.35,0.55,0.42
0.45,0.55,0.42
0.55,0.55,0.42
0.65,0.55,0.42
0.75,0.55,0.42
0.85,0.55,0.42
0.95,0.55,0.42
0.05,0.65,0.42
0.15,0.65,0.42
0.25,0.65,0.42
0.35,0.65,0.42
0.45,0.65,0.42
0.55,0.65,0.42
0.65,0.65,0.42
0.75,0.65,0.42
0.85,0.65,0.42
0.95,0.65,0.42
0.05,0.75,0.42
0.15,0.75,0.42
0.25,0.75,0.42
0.35,0.75,0.42
0.45,0.75,0.42
0.55,0.75,0.42
0.65,0.75,0.42
0.75,0.75,0.42
0.85,0.75,0.42
0.95,0.75,0.42
0.05,0.85,0.42
0.15,0.85,0.42
0.25,0.85,0.42
0.35,0.85,0.42
0.45,0.85,0.42
0.55,0.85,0.42
0.65,0.85,0.42
0.75,0.85,0.42
0.85,0.85,0.42
0.95,0.85,0.42
0.05,0.95,0.42
0.15,0.95,0.42
0.25,0.95,0.42
0.35,0.95,0.42
0.45,0.95,0.42
0.55,0.95,0.42
0.65,0.95,0.42
0.75,0.95,0.42
0.85,0.95,0.42
0.95,0.95,0.42
0.05,-0.95,0.43
0.15,-0.95,0.43
0.25,-0.95,0.43
0.35,-0.95,0.43
0.45,-0.95,0.43
0.55,-0.95,0.43
0.65,-0.95,0.43
0.75,-0.95,0.43
0.85,-0.95,0.43
0.95,-0.95,0.43
0.05,-0.85,0.43
0.15,-0.85,0.43
0.25,-0.85,0.43
0.35,-0.85,0.43
0.45,-0.85,0.43
0.55,-0.85,0.43
0.65,-0.85,0.43
0.75,-0.85,0.43
0.85,-0.85,0.43
0.95,-0.85,0.43
0.05,-0.75,0.43
0.15,-0.75,0.43
0.25,-0.75,0.43
0.35,-0.75,0.43
0.45,-0.75,0.43
0.55,-0.75,0.43
0.65,-0.75,0.43
0.75,-0.75,0.43
0.85,-0.75,0.43
0.95,-0.75,0.43
0.05,-0.65,0.43
0.15,-0.65,0.43
0.25,-0.65,0.43
0.35,-0.65,0.43
0.45,-0.65,0.43
0.55,-0.65,0.43
0.65,-0.65,0.43
0.75,-0.65,0.43
0.85,-0.65,0.43
0.95,-0.65,0.43
0.05,-0.55,0.43
0.15,-0.55,0.43
0.25,-0.55,0.43
0.35,-0.55,0.43
0.45,-0.55,0.43
0.55,-0.55,0.43
0.65,-0.55,0.43
0.75,-0.55,0.43
0.85,-0.55,0.43
0.95,-0.55,0.43
0.05,-0.45,0.43
0.15,-0.45,0.43
0.25,-0.45,0.43
0.35,-0.45,0.43
0.45,-0.45,0.43
0.55,-0.45,0.43
0.65,-0.45,0.43
0.75,-0.45,0.43
0.85,-0.45,0.43
0.95,-0.45,0.43
0.05,-0.35,0.43
0.15,-0.35,0.43
0.25,-0.35,0.43
0.35,-0.35,0.43
0.45,-0.35,0.43
0.55,-0.35,0.43
0.65,-0.35,0.43
0.75,-0.35,0.43
0.85,-0.35,0.43
0.95,-0.35,0.43
0.05,-0.25,0.43
0.15,-0.25,0.43
0.25,-0.25,0.43
0.35,-0.25,0.43
0.45,-0.25,0.43
0.55,-0.25,0.43
0.65,-0.25,0.43
0.75,-0.25,0.43
0.85,-0.25,0.43
0.95,-0.25,0.43
0.05,-0.15,0.43
0.15,-0.15,0.43
0.25,-0.15,0.43
0.35,-0.15,0.43
0.45,-0.15,0.43
0.55,-0.15,0.43
0.65,-0.15,0.43
0.75,-0.15,0.43
0.85,-0.15,0.43
0.95,-0.15,0.43
0.05,-0.05,0.43
0.15,-0.05,0.43
0.25,-0.05,0.43
0.35,-0.05,0.43
0.45,-0.05,0.43
0.55,-0.05,0.43
0.65,-0.05,0.43
0.75,-0.05,0.43
0.85,-0.05,0.43
0.95,-0.05,0.43
0.05,0.05,0.43
0.15,0.05,0.43
0.25,0.05,0.43
0.35,0.05,0.43
0.45,0.05,0.43
0.55,0.05,0.43
0.65,0.05,0.43
0.75,0.05,0.43
0.85,0.05,0.43
0.95,0.05,0.43
0.05,0.15,0.43
0.15,0.15,0.43
0.25,0.15,0.43
0.35,0.15,0.43
0.45,0.15,0.43
0.55,0.15,0.43
0.65,0.15,0.43
0.75,0.15,0.43
0.85,0.15,0.43
0.95,0.15,0.43
0.05,0.25,0.43
0.15,0.25,0.43
0.25,0.25,0.43
0.35,0.25,0.43
0.45,0.25,0.43
0.55,0.25,0.43
0.65,0.25,0.43
0.75,0.25,0.43
0.85,0.25,0.43
0.95,0.25,0.43
0.05,0.35,0.43
0.15,0.35,0.43
0.25,0.35,0.43
0.35,0.35,0.43
0.45,0.35,0.43
0.55,0.35,0.43
0.65,0.35,0.43
0.75,0.35,0.43
0.85,0.35,0.43
0.95,0.35,0.43
0.05,0.45,0.43
0.15,0.45,0.43
0.25,0.45,0.43
0.35,0.45,0.43
0.45,0.45,0.43
0.55,0.45,0.43
0.65,0.45,0.43
0.75,0.45,0.43
0.85,0.45,0.43
0.95,0.45,0.43
0.05,0.55,0.43
0.15,0.55,0.43
0.25,0.55,0.43
0.35,0.55,0.43
0.45,0.55,0.43
0.55,0.55,0.43
0.65,0.55,0.43
0.75,0.55,0.43
0.85,0.55,0.43
0.95,0.55,0.43
0.05,0.65,0.43
0.15,0.65,0.43
0.25,0.65,0.43
0.35,0.65,0.43
0.45,0.65,0.43
0.55,0.65,0.43
0.65,0.65,0.43
0.75,0.65,0.43
0.85,0.65,0.43
0.95,0.65,0.43
0.05,0.75,0.43
0.15,0.75,0.43
0.25,0.75,0.43
0.35,0.75,0.43
0.45,0.75,0.43
0.55,0.75,0.43
0.65,0.75,0.43
0.75,0.75,0.43
0.85,0.75,0.43
0.95,0.75,0.43
0.05,0.85,0.43
0.15,0.85,0.43
0.25,0.85,0.43
0.35,0.85,0.43
0.45,0.85,0.43
0.55,0.85,0.43
0.65,0.85,0.43
0.75,0.85,0.43
0.85,0.85,0.43
0.95,0.85,0.43
0.05,0.95,0.43
0.15,0.95,0.43
0.25,0.95,0.43
0.35,0.95,0.43
0.45,0.95,0.43
0.55,0.95,0.43
0.65,0.95,0.43
0.75,0.95,0.43
0.85,0.95,0.43
0.95,0.95,0.43
0.05,-0.95,0.44
0.15,-0.95,0.44
0.25,-0.95,0.44
0.35,-0.95,0.44
0.45,-0.95,0.44
0.55,-0.95,0.44
0.65,-0.95,0.44
0.75,-0.95,0.44
0.85,-0.95,0.44
0.95,-0.95,0.44
0.05,-0.85,0.44
0.15,-0.85,0.44
0.25,-0.85,0.44
0.35,-0.85,0.44
0.45,-0.85,0.44
0.55,-0.85,0.44
0.65,-0.85,0.44
0.75,-0.85,0.44
0.85,-0.85,0.44
0.95,-0.85,0.44
0.05,-0.75,0.44
0.15,-0.75,0.44
0.25,-0.75,0.44
0.35,-0.75,0.44
0.45,-0.75,0.44
0.55,-0.75,0.44
0.65,-0.75,0.44
0.75,-0.75,0.44
0.85,-0.75,0.44
0.95,-0.75,0.44
0.05,-0.65,0.44
0.15,-0.65,0.44
0.25,-0.65,0.44
0.35,-0.65,0.44
0.45,-0.65,0.44
0.55,-0.65,0.44
0.65,-0.65,0.44
0.75,-0.65,0.44
0.85,-0.65,0.44
0.95,-0.65,0.44
0.05,-0.55,0.44
0.15,-0.55,0.44
0.25,-0.55,0.44
0.35,-0.55,0.44
0.45,-0.55,0.44
0.55,-0.55,0.44
0.65,-0.55,0.44
0.75,-0.55,0.44
0.85,-0.55,0.44
0.95,-0.55,0.44
0.05,-0.45,0.44
0.15,-0.45,0.44
0.25,-0.45,0.44
0.35,-0.45,0.44
0.45,-0.45,0.44
0.55,-0.45,0.44
0.65,-0.45,0.44
0.75,-0.45,0.44
0.85,-0.45,0.44
0.95,-0.45,0.44
0.05,-0.35,0.44
0.15,-0.35,0.44
0.25,-0.35,0.44
0.35,-0.35,0.44
0.45,-0.35,0.44
0.55,-0.35,0.44
0.65,-0.35,0.44
0.75,-0.35,0.44
0.85,-0.35,0.44
0.95,-0.35,0.44
0.05,-0.25,0.44
0.15,-0.25,0.44
0.25,-0.25,0.44
0.35,-0.25,0.44
0.45,-0.25,0.44
0.55,-0.25,0.44
0.65,-0.25,0.44
0.75,-0.25,0.44
0.85,-0.25,0.44
0.95,-0.25,0.44
0.05,-0.15,0.44
0.15,-0.15,0.44
0.25,-0.15,0.44
0.35,-0.15,0.44
0.45,-0.15,0.44
0.55,-0.15,0.44
0.65,-0.15,0.44
0.75,-0.15,0.44
0.85,-0.15,0.44
0.95,-0.15,0.44
0.05,-0.05,0.44
0.15,-0.05,0.44
0.25,-0.05,0.44
0.35,-0.05,0.44
0.45,-0.05,0.44
0.55,-0.05,0.44
0.65,-0.05,0.44
0.75,-0.05,0.44
0.85,-0.05,0.44
0.95,-0.05,0.44
0.05,0.05,0.44
0.15,0.05,0.44
0.25,0.05,0.44
0.35,0.05,0.44
0.45,0.05,0.44
0.55,0.05,0.44
0.65,0.05,0.44
0.75,0.05,0.44
0.85,0.05,0.44
0.95,0.05,0.44
0.05,0.15,0.44
0.15,0.15,0.44
0.25,0.15,0.44
0.35,0.15,0.44
0.45,0.15,0.44
0.55,0.15,0.44
0.65,0.15,0.44
0.75,0.15,0.44
0.85,0.15,0.44
0.95,0.15,0.44
0.05,0.25,0.44
0.15,0.25,0.44
0.25,0.25,0.44
0.35,0.25,0.44
0.45,0.25,0.44
0.55,0.25,0.44
0.65,0.25,0.44
0.75,0.25,0.44
0.85,0.25,0.44
0.95,0.25,0.44
0.05,0.35,0.44
0.15,0.35,0.44
0.25,0.35,0.44
0.35,0.35,0.44
0.45,0.35,0.44
0.55,0.35,0.44
0.65,0.35,0.44
0.75,0.35,0.44
0.85,0.35,0.44
0.95,0.35,0.44
0.05,0.45,0.44
0.15,0.45,0.44
0.25,0.45,0.44
0.35,0.45,0.44
0.45,0.45,0.44
0.55,0.45,0.44
0.65,0.45,0.44
0.75,0.45,0.44
0.85,0.45,0.44
0.95,0.45,0.44
0.05,0.55,0.44
0.15,0.55,0.44
0.25,0.55,0.44
0.35,0.55,0.44
0.45,0.55,0.44
0.55,0.55,0.44
0.65,0.55,0.44
0.75,0.55,0.44
0.85,0.55,0.44
0.95,0.55,0.44
0.05,0.65,0.44
0.15,0.65,0.44
0.25,0.65,0.44
0.35,0.65,0.44
0.45,0.65,0.44
0.55,0.65,0.44
0.65,0.65,0.44
0.75,0.65,0.44
0.85,0.65,0.44
0.95,0.65,0.44
0.05,0.75,0.44
0.15,0.75,0.44
0.25,0.75,0.44
0.35,0.75,0.44
0.45,0.75,0.44
0.55,0.75,0.44
0.65,0.75,0.44
0.75,0.75,0.44
0.85,0.75,0.44
0.95,0.75,0.44
0.05,0.85,0.44
0.15,0.85,0.44
0.25,0.85,0.44
0.35,0.85,0.44
0.45,0.85,0.44
0.55,0.85,0.44
0.65,0.85,0.44
0.75,0.85,0.44
0.85,0.85,0.44
0.95,0.85,0.44
0.05,0.95,0.44
0.15,0.95,0.44
0.25,0.95,0.44
0.35,0.95,0.44
0.45,0.95,0.44
0.55,0.95,0.44
0.65,0.95,0.44
0.75,0.95,0.44
0.85,0.95,0.44
0.95,0.95,0.44
0.05,-0.95,0.45
0.15,-0.95,0.45
0.25,-0.95,0.45
0.35,-0.95,0.45
0.45,-0.95,0.45
0.55,-0.95,0.45
0.65,-0.95,0.45
0.75,-0.95,0.45
0.85,-0.95,0.45
0.95,-0.95,0.45
0.05,-0.85,0.45
0.15,-0.85,0.45
0.25,-0.85,0.45
0.35,-0.85,0.45
0.45,-0.85,0.45
0.55,-0.85,0.45
0.65,-0.85,0.45
0.75,-0.85,0.45
0.85,-0.85,0.45
0.95,-0.85,0.45
0.05,-0.75,0.45
0.15,-0.75,0.45
0.25,-0.75,0.45
0.35,-0.75,0.45
0.45,-0.75,0.45
0.55,-0.75,0.45
0.65,-0.75,0.45
0.75,-0.75,0.45
0.85,-0.75,0.45
0.95,-0.75,0.45
0.05,-0.65,0.45
0.15,-0.65,0.45
0.25,-0.65,0.45
0.35,-0.65,0.45
0.45,-0.65,0.45
0.55,-0.65,0.45
0.65,-0.65,0.45
0.75,-0.65,0.45
0.85,-0.65,0.45
0.95,-0.65,0.45
0.05,-0.55,0.45
0.15,-0.55,0.45
0.25,-0.55,0.45
0.35,-0.55,0.45
0.45,-0.55,0.45
0.55,-0.55,0.45
0.65,-0.55,0.45
0.75,-0.55,0.45
0.85,-0.55,0.45
0.95,-0.55,0.45
0.05,-0.45,0.45
0.15,-0.45,0.45
0.25,-0.45,0.45
0.35,-0.45,0.45
0.45,-0.45,0.45
0.55,-0.45,0.45
0.65,-0.45,0.45
0.75,-0.45,0.45
0.85,-0.45,0.45
0.95,-0.45,0.45
0.05,-0.35,0.45
0.15,-0.35,0.45
0.25,-0.35,0.45
0.35,-0.35,0.45
0.45,-0.35,0.45
0.55,-0.35,0.45
0.65,-0.35,0.45
0.75,-0.35,0.45
0.85,-0.35,0.45
0.95,-0.35,0.45
0.05,-0.25,0.45
0.15,-0.25,0.45
0.25,-0.25,0.45
0.35,-0.25,0.45
0.45,-0.25,0.45
0.55,-0.25,0.45
0.65,-0.25,0.45
0.75,-0.25,0.45
0.85,-0.25,0.45
0.95,-0.25,0.45
0.05,-0.15,0.45
0.15,-0.15,0.45
0.25,-0.15,0.45
0.35,-0.15,0.45
0.45,-0.15,0.45
0.55,-0.15,0.45
0.65,-0.15,0.45
0.75,-0.15,0.45
0.85,-0.15,0.45
0.95,-0.15,0.45
0.05,-0.05,0.45
0.15,-0.05,0.45
0.25,-0.05,0.45
0.35,-0.05,0.45
0.45,-0.05,0.45
0.55,-0.05,0.45
0.65,-0.05,0.45
0.75,-0.05,0.45
0.85,-0.05,0.45
0.95,-0.05,0.45
0.05,0.05,0.45
0.15,0.05,0.45
0.25,0.05,0.45
0.35,0.05,0.45
0.45,0.05,0.45
0.55,0.05,0.45
0.65,0.05,0.45
0.75,0.05,0.45
0.85,0.05,0.45
0.95,0.05,0.45
0.05,0.15,0.45
0.15,0.15,0.45
0.25,0.15,0.45
0.35,0.15,0.45
0.45,0.15,0.45
0.55,0.15,0.45
0.65,0.15,0.45
0.75,0.15,0.45
0.85,0.15,0.45
0.95,0.15,0.45
0.05,0.25,0.45
0.15,0.25,0.45
0.25,0.25,0.45
0.35,0.25,0.45
0.45,0.25,0.45
0.55,0.25,0.45
0.65,0.25,0.45
0.75,0.25,0.45
0.85,0.25,0.45
0.95,0.25,0.45
0.05,0.35,0.45
0.15,0.35,0.45
0.25,0.35,0.45
0.35,0.35,0.45
0.45,0.35,0.45
0.55,0.35,0.45
0.65,0.35,0.45
0.75,0.35,0.45
0.85,0.35,0.45
0.95,0.35,0.45
0.05,0.45,0.45
0.15,0.45,0.45
0.25,0.45,0.45
0.35,0.45,0.45
0.45,0.45,0.45
0.55,0.45,0.45
0.65,0.45,0.45
0.75,0.45,0.45
0.85,0.45,0.45
0.95,0.45,0.45
0.05,0.55,0.45
0.15,0.55,0.45
0.25,0.55,0.45
0.35,0.55,0.45
0.45,0.55,0.45
0.55,0.55,0.45
0.65,0.55,0.45
0.75,0.55,0.45
0.85,0.55,0.45
0.95,0.55,0.45
0.05,0.65,0.45
0.15,0.65,0.45
0.25,0.65,0.45
0.35,0.65,0.45
0.45,0.65,0.45
0.55,0.65,0.45
0.65,0.65,0.45
0.75,0.65,0.45
0.85,0.65,0.45
0.95,0.65,0.45
0.05,0.75,0.45
0.15,0.75,0.45
0.25,0.75,0.45
0.35,0.75,0.45
0.45,0.75,0.45
0.55,0.75,0.45
0.65,0.75,0.45
0.75,0.75,0.45
0.85,0.75,0.45
0.95,0.75,0.45
0.05,0.85,0.45
0.15,0.85,0.45
0.25,0.85,0.45
0.35,0.85,0.45
0.45,0.85,0.45
0.55,0.85,0.45
0.65,0.85,0.45
0.75,0.85,0.45
0.85,0.85,0.45
0.95,0.85,0.45
0.05,0.95,0.45
0.15,0.95,0.45
0.25,0.95,0.45
0.35,0.95,0.45
0.45,0.95,0.45
0.55,0.95,0.45
0.65,0.95,0.45
0.75,0.95,0.45
0.85,0.95,0.45
0.95,0.95,0.45
0.05,-0.95,0.46
0.15,-0.95,0.46
0.25,-0.95,0.46
0.35,-0.95,0.46
0.45,-0.95,0.46
0.55,-0.95,0.46
0.65,-0.95,0.46
0.75,-0.95,0.46
0.85,-0.95,0.46
0.95,-0.95,0.46
0.05,-0.85,0.46
0.15,-0.85,0.46
0.25,-0.85,0.46
0.35,-0.85,0.46
0.45,-0.85,0.46
0.55,-0.85,0.46
0.65,-0.85,0.46
0.75,-0.85,0.46
0.85,-0.85,0.46
0.95,-0.85,0.46
0.05,-0.75,0.46
0.15,-0.75,0.46
0.25,-0.75,0.46
0.35,-0.75,0.46
0.45,-0.75,0.46
0.55,-0.75,0.46
0.65,-0.75,0.46
0.75,-0.75,0.46
0.85,-0.75,0.46
0.95,-0.75,0.46
0.05,-0.65,0.46
0.15,-0.65,0.46
0.25,-0.65,0.46
0.35,-0.65,0.46
0.45,-0.65,0.46
0.55,-0.65,0.46
0.65,-0.65,0.46
0.75,-0.65,0.46
0.85,-0.65,0.46
0.95,-0.65,0.46
0.05,-0.55,0.46
0.15,-0.55,0.46
0.25,-0.55,0.46
0.35,-0.55,0.46
0.45,-0.55,0.46
0.55,-0.55,0.46
0.65,-0.55,0.46
0.75,-0.55,0.46
0.85,-0.55,0.46
0.95,-0.55,0.46
0.05,-0.45,0.46
0.15,-0.45,0.46
0.25,-0.45,0.46
0.35,-0.45,0.46
0.45,-0.45,0.46
0.55,-0.45,0.46
0.65,-0.45,0.46
0.75,-0.45,0.46
0.85,-0.45,0.46
0.95,-0.45,0.46
0.05,-0.35,0.46
0.15,-0.35,0.46
0.25,-0.35,0.46
0.35,-0.35,0.46
0.45,-0.35,0.46
0.55,-0.35,0.46
0.65,-0.35,0.46
0.75,-0.35,0.46
0.85,-0.35,0.46
0.95,-0.35,0.46
0.05,-0.25,0.46
0.15,-0.25,0.46
0.25,-0.25,0.46
0.35,-0.25,0.46
0.45,-0.25,0.46
0.55,-0.25,0.46
0.65,-0.25,0.46
0.75,-0.25,0.46
0.85,-0.25,0.46
0.95,-0.25,0.46
0.05,-0.15,0.46
0.15,-0.15,0.46
0.25,-0.15,0.46
0.35,-0.15,0.46
0.45,-0.15,0.46
0.55,-0.15,0.46
0.65,-0.15,0.46
0.75,-0.15,0.46
0.85,-0.15,0.46
0.95,-0.15,0.46
0.05,-0.05,0.46
0.15,-0.05,0.46
0.25,-0.05,0.46
0.35,-0.05,0.46
0.45,-0.05,0.46
0.55,-0.05,0.46
0.65,-0.05,0.46
0.75,-0.05,0.46
0.85,-0.05,0.46
0.95,-0.05,0.46
0.05,0.05,0.46
0.15,0.05,0.46
0.25,0.05,0.46
0.35,0.05,0.46
0.45,0.05,0.46
0.55,0.05,0.46
0.65,0.05,0.46
0.75,0.05,0.46
0.85,0.05,0.46
0.95,0.05,0.46
0.05,0.15,0.46
0.15,0.15,0.46
0.25,0.15,0.46
0.35,0.15,0.46
0.45,0.15,0.46
0.55,0.15,0.46
0.65,0.15,0.46
0.75,0.15,0.46
0.85,0.15,0.46
0.95,0.15,0.46
0.05,0.25,0.46
0.15,0.25,0.46
0.25,0.25,0.46
0.35,0.25,0.46
0.45,0.25,0.46
0.55,0.25,0.46
0.65,0.25,0.46
0.75,0.25,0.46
0.85,0.25,0.46
0.95,0.25,0.46
0.05,0.35,0.46
0.15,0.35,0.46
0.25,0.35,0.46
0.35,0.35,0.46
0.45,0.35,0.46
0.55,0.35,0.46
0.65,0.35,0.46
0.75,0.35,0.46
0.85,0.35,0.46
0.95,0.35,0.46
0.05,0.45,0.46
0.15,0.45,0.46
0.25,0.45,0.46
0.35,0.45,0.46
0.45,0.45,0.46
0.55,0.45,0.46
0.65,0.45,0.46
0.75,0.45,0.46
0.85,0.45,0.46
0.95,0.45,0.46
0.05,0.55,0.46
0.15,0.55,0.46
0.25,0.55,0.46
0.35,0.55,0.46
0.45,0.55,0.46
0.55,0.55,0.46
0.65,0.55,0.46
0.75,0.55,0.46
0.85,0.55,0.46
0.95,0.55,0.46
0.05,0.65,0.46
0.15,0.65,0.46
0.25,0.65,0.46
0.35,0.65,0.46
0.45,0.65,0.46
0.55,0.65,0.46
0.65,0.65,0.46
0.75,0.65,0.46
0.85,0.65,0.46
0.95,0.65,0.46
0.05,0.75,0.46
0.15,0.75,0.46
0.25,0.75,0.46
0.35,0.75,0.46
0.45,0.75,0.46
0.55,0.75,0.46
0.65,0.75,0.46
0.75,0.75,0.46
0.85,0.75,0.46
0.95,0.75,0.46
0.05,0.85,0.46
0.15,0.85,0.46
0.25,0.85,0.46
0.35,0.85,0.46
0.45,0.85,0.46
0.55,0.85,0.46
0.65,0.85,0.46
0.75,0.85,0.46
0.85,0.85,0.46
0.95,0.85,0.46
0.05,0.95,0.46
0.15,0.95,0.46
0.25,0.95,0.46
0.35,0.95,0.46
0.45,0.95,0.46
0.55,0.95,0.46
0.65,0.95,0.46
0.75,0.95,0.46
0.85,0.95,0.46
0.95,0.95,0.46
0.05,-0.95,0.47
0.15,-0.95,0.47
0.25,-0.95,0.47
0.35,-0.95,0.47
0.45,-0.95,0.47
0.55,-0.95,0.47
0.65,-0.95,0.47
0.75,-0.95,0.47
0.85,-0.95,0.47
0.95,-0.95,0.47
0.05,-0.85,0.47
0.15,-0.85,0.47
0.25,-0.85,0.47
0.35,-0.85,0.47
0.45,-0.85,0.47
0.55,-0.85,0.47
0.65,-0.85,0.47
0.75,-0.85,0.47
0.85,-0.85,0.47
0.95,-0.85,0.47
0.05,-0.75,0.47
0.15,-0.75,0.47
0.25,-0.75,0.47
0.35,-0.75,0.47
0.45,-0.75,0.47
0.55,-0.75,0.47
0.65,-0.75,0.47
0.75,-0.75,0.47
0.85,-0.75,0.47
0.95,-0.75,0.47
0.05,-0.65,0.47
0.15,-0.65,0.47
0.25,-0.65,0.47
0.35,-0.65,0.47
0.45,-0.65,0.47
0.55,-0.65,0.47
0.65,-0.65,0.47
0.75,-0.65,0.47
0.85,-0.65,0.47
0.95,-0.65,0.47
0.05,-0.55,0.47
0.15,-0.55,0.47
0.25,-0.55,0.47
0.35,-0.55,0.47
0.45,-0.55,0.47
0.55,-0.55,0.47
0.65,-0.55,0.47
0.75,-0.55,0.47
0.85,-0.55,0.47
0.95,-0.55,0.47
0.05,-0.45,0.47
0.15,-0.45,0.47
0.25,-0.45,0.47
0.35,-0.45,0.47
0.45,-0.45,0.47
0.55,-0.45,0.47
0.65,-0.45,0.47
0.75,-0.45,0.47
0.85,-0.45,0.47
0.95,-0.45,0.47
0.05,-0.35,0.47
0.15,-0.35,0.47
0.25,-0.35,0.47
0.35,-0.35,0.47
0.45,-0.35,0.47
0.55,-0.35,0.47
0.65,-0.35,0.47
0.75,-0.35,0.47
0.85,-0.35,0.47
0.95,-0.35,0.47
0.05,-0.25,0.47
0.15,-0.25,0.47
0.25,-0.25,0.47
0.35,-0.25,0.47
0.45,-0.25,0.47
0.55,-0.25,0.47
0.65,-0.25,0.47
0.75,-0.25,0.47
0.85,-0.25,0.47
0.95,-0.25,0.47
0.05,-0.15,0.47
0.15,-0.15,0.47
0.25,-0.15,0.47
0.35,-0.15,0.47
0.45,-0.15,0.47
0.55,-0.15,0.47
0.65,-0.15,0.47
0.75,-0.15,0.47
0.85,-0.15,0.47
0.95,-0.15,0.47
0.05,-0.05,0.47
0.15,-0.05,0.47
0.25,-0.05,0.47
0.35,-0.05,0.47
0.45,-0.05,0.47
0.55,-0.05,0.47
0.65,-0.05,0.47
0.75,-0.05,0.47
0.85,-0.05,0.47
0.95,-0.05,0.47
0.05,0.05,0.47
0.15,0.05,0.47
0.25,0.05,0.47
0.35,0.05,0.47
0.45,0.05,0.47
0.55,0.05,0.47
0.65,0.05,0.47
0.75,0.05,0.47
0.85,0.05,0.47
0.95,0.05,0.47
0.05,0.15,0.47
0.15,0.15,0.47
0.25,0.15,0.47
0.35,0.15,0.47
0.45,0.15,0.47
0.55,0.15,0.47
0.65,0.15,0.47
0.75,0.15,0.47
0.85,0.15,0.47
0.95,0.15,0.47
0.05,0.25,0.47
0.15,0.25,0.47
0.25,0.25,0.47
0.35,0.25,0.47
0.45,0.25,0.47
0.55,0.25,0.47
0.65,0.25,0.47
0.75,0.25,0.47
0.85,0.25,0.47
0.95,0.25,0.47
0.05,0.35,0.47
0.15,0.35,0.47
0.25,0.35,0.47
0.35,0.35,0.47
0.45,0.35,0.47
0.55,0.35,0.47
0.65,0.35,0.47
0.75,0.35,0.47
0.85,0.35,0.47
0.95,0.35,0.47
0.05,0.45,0.47
0.15,0.45,0.47
0.25,0.45,0.47
0.35,0.45,0.47
0.45,0.45,0.47
0.55,0.45,0.47
0.65,0.45,0.47
0.75,0.45,0.47
0.85,0.45,0.47
0.95,0.45,0.47
0.05,0.55,0.47
0.15,0.55,0.47
0.25,0.55,0.47
0.35,0.55,0.47
0.45,0.55,0.47
0.55,0.55,0.47
0.65,0.55,0.47
0.75,0.55,0.47
0.85,0.55,0.47
0.95,0.55,0.47
0.05,0.65,0.47
0.15,0.65,0.47
0.25,0.65,0.47
0.35,0.65,0.47
0.45,0.65,0.47
0.55,0.65,0.47
0.65,0.65,0.47
0.75,0.65,0.47
0.85,0.65,0.47
0.95,0.65,0.47
0.05,0.75,0.47
0.15,0.75,0.47
0.25,0.75,0.47
0.35,0.75,0.47
0.45,0.75,0.47
0.55,0.75,0.47
0.65,0.75,0.47
0.75,0.75,0.47
0.85,0.75,0.47
0.95,0.75,0.47
0.05,0.85,0.47
0.15,0.85,0.47
0.25,0.85,0.47
0.35,0.85,0.47
0.45,0.85,0.47
0.55,0.85,0.47
0.65,0.85,0.47
0.75,0.85,0.47
0.85,0.85,0.47
0.95,0.85,0.47
0.05,0.95,0.47
0.15,0.95,0.47
0.25,0.95,0.47
0.35,0.95,0.47
0.45,0.95,0.47
0.55,0.95,0.47
0.65,0.95,0.47
0.75,0.95,0.47
0.85,0.95,0.47
0.95,0.95,0.47
0.05,-0.95,0.48
0.15,-0.95,0.48
0.25,-0.95,0.48
0.35,-0.95,0.48
0.45,-0.95,0.48
0.55,-0.95,0.48
0.65,-0.95,0.48
0.75,-0.95,0.48
0.85,-0.95,0.48
0.95,-0.95,0.48
0.05,-0.85,0.48
0.15,-0.85,0.48
0.25,-0.85,0.48
0.35,-0.85,0.48
0.45,-0.85,0.48
0.55,-0.85,0.48
0.65,-0.85,0.48
0.75,-0.85,0.48
0.85,-0.85,0.48
0.95,-0.85,0.48
0.05,-0.75,0.48
0.15,-0.75,0.48
0.25,-0.75,0.48
0.35,-0.75,0.48
0.45,-0.75,0.48
0.55,-0.75,0.48
0.65,-0.75,0.48
0.75,-0.75,0.48
0.85,-0.75,0.48
0.95,-0.75,0.48
0.05,-0.65,0.48
0.15,-0.65,0.48
0.25,-0.65,0.48
0.35,-0.65,0.48
0.45,-0.65,0.48
0.55,-0.65,0.48
0.65,-0.65,0.48
0.75,-0.65,0.48
0.85,-0.65,0.48
0.95,-0.65,0.48
0.05,-0.55,0.48
0.15,-0.55,0.48
0.25,-0.55,0.48
0.35,-0.55,0.48
0.45,-0.55,0.48
0.55,-0.55,0.48
0.65,-0.55,0.48
0.75,-0.55,0.48
0.85,-0.55,0.48
0.95,-0.55,0.48
0.05,-0.45,0.48
0.15,-0.45,0.48
0.25,-0.45,0.48
0.35,-0.45,0.48
0.45,-0.45,0.48
0.55,-0.45,0.48
0.65,-0.45,0.48
0.75,-0.45,0.48
0.85,-0.45,0.48
0.95,-0.45,0.48
0.05,-0.35,0.48
0.15,-0.35,0.48
0.25,-0.35,0.48
0.35,-0.35,0.48
0.45,-0.35,0.48
0.55,-0.35,0.48
0.65,-0.35,0.48
0.75,-0.35,0.48
0.85,-0.35,0.48
0.95,-0.35,0.48
0.05,-0.25,0.48
0.15,-0.25,0.48
0.25,-0.25,0.48
0.35,-0.25,0.48
0.45,-0.25,0.48
0.55,-0.25,0.48
0.65,-0.25,0.48
0.75,-0.25,0.48
0.85,-0.25,0.48
0.95,-0.25,0.48
0.05,-0.15,0.48
0.15,-0.15,0.48
0.25,-0.15,0.48
0.35,-0.15,0.48
0.45,-0.15,0.48
0.55,-0.15,0.48
0.65,-0.15,0.48
0.75,-0.15,0.48
0.85,-0.15,0.48
0.95,-0.15,0.48
0.05,-0.05,0.48
0.15,-0.05,0.48
0.25,-0.05,0.48
0.35,-0.05,0.48
0.45,-0.05,0.48
0.55,-0.05,0.48
0.65,-0.05,0.48
0.75,-0.05,0.48
0.85,-0.05,0.48
0.95,-0.05,0.48
0.05,0.05,0.48
0.15,0.05,0.48
0.25,0.05,0.48
0.35,0.05,0.48
0.45,0.05,0.48
0.55,0.05,0.48
0.65,0.05,0.48
0.75,0.05,0.48
0.85,0.05,0.48
0.95,0.05,0.48
0.05,0.15,0.48
0.15,0.15,0.48
0.25,0.15,0.48
0.35,0.15,0.48
0.45,0.15,0.48
0.55,0.15,0.48
0.65,0.15,0.48
0.75,0.15,0.48
0.85,0.15,0.48
0.95,0.15,0.48
0.05,0.25,0.48
0.15,0.25,0.48
0.25,0.25,0.48
0.35,0.25,0.48
0.45,0.25,0.48
0.55,0.25,0.48
0.65,0.25,0.48
0.75,0.25,0.48
0.85,0.25,0.48
0.95,0.25,0.48
0.05,0.35,0.48
0.15,0.35,0.48
0.25,0.35,0.48
0.35,0.35,0.48
0.45,0.35,0.48
0.55,0.35,0.48
0.65,0.35,0.48
0.75,0.35,0.48
0.85,0.35,0.48
0.95,0.35,0.48
0.05,0.45,0.48
0.15,0.45,0.48
0.25,0.45,0.48
0.35,0.45,0.48
0.45,0.45,0.48
0.55,0.45,0.48
0.65,0.45,0.48
0.75,0.45,0.48
0.85,0.45,0.48
0.95,0.45,0.48
0.05,0.55,0.48
0.15,0.55,0.48
0.25,0.55,0.48
0.35,0.55,0.48
0.45,0.55,0.48
0.55,0.55,0.48
0.65,0.55,0.48
0.75,0.55,0.48
0.85,0.55,0.48
0.95,0.55,0.48
0.05,0.65,0.48
0.15,0.65,0.48
0.25,0.65,0.48
0.35,0.65,0.48
0.45,0.65,0.48
0.55,0.65,0.48
0.65,0.65,0.48
0.75,0.65,0.48
0.85,0.65,0.48
0.95,0.65,0.48
0.05,0.75,0.48
0.15,0.75,0.48
0.25,0.75,0.48
0.35,0.75,0.48
0.45,0.75,0.48
0.55,0.75,0.48
0.65,0.75,0.48
0.75,0.75,0.48
0.85,0.75,0.48
0.95,0.75,0.48
0.05,0.85,0.48
0.15,0.85,0.48
0.25,0.85,0.48
0.35,0.85,0.48
0.45,0.85,0.48
0.55,0.85,0.48
0.65,0.85,0.48
0.75,0.85,0.48
0.85,0.85,0.48
0.95,0.85,0.48
0.05,0.95,0.48
0.15,0.95,0.48
0.25,0.95,0.48
0.35,0.95,0.48
0.45,0.95,0.48
0.55,0.95,0.48
0.65,0.95,0.48
0.75,0.95,0.48
0.85,0.95,0.48
0.95,0.95,0.48
0.05,-0.95,0.49
0.15,-0.95,0.49
0.25,-0.95,0.49
0.35,-0.95,0.49
0.45,-0.95,0.49
0.55,-0.95,0.49
0.65,-0.95,0.49
0.75,-0.95,0.49
0.85,-0.95,0.49
0.95,-0.95,0.49
0.05,-0.85,0.49
0.15,-0.85,0.49
0.25,-0.85,0.49
0.35,-0.85,0.49
0.45,-0.85,0.49
0.55,-0.85,0.49
0.65,-0.85,0.49
0.75,-0.85,0.49
0.85,-0.85,0.49
0.95,-0.85,0.49
0.05,-0.75,0.49
0.15,-0.75,0.49
0.25,-0.75,0.49
0.35,-0.75,0.49
0.45,-0.75,0.49
0.55,-0.75,0.49
0.65,-0.75,0.49
0.75,-0.75,0.49
0.85,-0.75,0.49
0.95,-0.75,0.49
0.05,-0.65,0.49
0.15,-0.65,0.49
0.25,-0.65,0.49
0.35,-0.65,0.49
0.45,-0.65,0.49
0.55,-0.65,0.49
0.65,-0.65,0.49
0.75,-0.65,0.49
0.85,-0.65,0.49
0.95,-0.65,0.49
0.05,-0.55,0.49
0.15,-0.55,0.49
0.25,-0.55,0.49
0.35,-0.55,0.49
0.45,-0.55,0.49
0.55,-0.55,0.49
0.65,-0.55,0.49
0.75,-0.55,0.49
0.85,-0.55,0.49
0.95,-0.55,0.49
0.05,-0.45,0.49
0.15,-0.45,0.49
0.25,-0.45,0.49
0.35,-0.45,0.49
0.45,-0.45,0.49
0.55,-0.45,0.49
0.65,-0.45,0.49
0.75,-0.45,0.49
0.85,-0.45,0.49
0.95,-0.45,0.49
0.05,-0.35,0.49
0.15,-0.35,0.49
0.25,-0.35,0.49
0.35,-0.35,0.49
0.45,-0.35,0.49
0.55,-0.35,0.49
0.65,-0.35,0.49
0.75,-0.35,0.49
0.85,-0.35,0.49
0.95,-0.35,0.49
0.05,-0.25,0.49
0.15,-0.25,0.49
0.25,-0.25,0.49
0.35,-0.25,0.49
0.45,-0.25,0.49
0.55,-0.25,0.49
0.65,-0.25,0.49
0.75,-0.25,0.49
0.85,-0.25,0.49
0.95,-0.25,0.49
0.05,-0.15,0.49
0.15,-0.15,0.49
0.25,-0.15,0.49
0.35,-0.15,0.49
0.45,-0.15,0.49
0.55,-0.15,0.49
0.65,-0.15,0.49
0.75,-0.15,0.49
0.85,-0.15,0.49
0.95,-0.15,0.49
0.05,-0.05,0.49
0.15,-0.05,0.49
0.25,-0.05,0.49
0.35,-0.05,0.49
0.45,-0.05,0.49
0.55,-0.05,0.49
0.65,-0.05,0.49
0.75,-0.05,0.49
0.85,-0.05,0.49
0.95,-0.05,0.49
0.05,0.05,0.49
0.15,0.05,0.49
0.25,0.05,0.49
0.35,0.05,0.49
0.45,0.05,0.49
0.55,0.05,0.49
0.65,0.05,0.49
0.75,0.05,0.49
0.85,0.05,0.49
0.95,0.05,0.49
0.05,0.15,0.49
0.15,0.15,0.49
0.25,0.15,0.49
0.35,0.15,0.49
0.45,0.15,0.49
0.55,0.15,0.49
0.65,0.15,0.49
0.75,0.15,0.49
0.85,0.15,0.49
0.95,0.15,0.49
0.05,0.25,0.49
0.15,0.25,0.49
0.25,0.25,0.49
0.35,0.25,0.49
0.45,0.25,0.49
0.55,0.25,0.49
0.65,0.25,0.49
0.75,0.25,0.49
0.85,0.25,0.49
0.95,0.25,0.49
0.05,0.35,0.49
0.15,0.35,0.49
0.25,0.35,0.49
0.35,0.35,0.49
0.45,0.35,0.49
0.55,0.35,0.49
0.65,0.35,0.49
0.75,0.35,0.49
0.85,0.35,0.49
0.95,0.35,0.49
0.05,0.45,0.49
0.15,0.45,0.49
0.25,0.45,0.49
0.35,0.45,0.49
0.45,0.45,0.49
0.55,0.45,0.49
0.65,0.45,0.49
0.75,0.45,0.49
0.85,0.45,0.49
0.95,0.45,0.49
0.05,0.55,0.49
0.15,0.55,0.49
0.25,0.55,0.49
0.35,0.55,0.49
0.45,0.55,0.49
0.55,0.55,0.49
0.65,0.55,0.49
0.75,0.55,0.49
0.85,0.55,0.49
0.95,0.55,0.49
0.05,0.65,0.49
0.15,0.65,0.49
0.25,0.65,0.49
0.35,0.65,0.49
0.45,0.65,0.49
0.55,0.65,0.49
0.65,0.65,0.49
0.75,0.65,0.49
0.85,0.65,0.49
0.95,0.65,0.49
0.05,0.75,0.49
0.15,0.75,0.49
0.25,0.75,0.49
0.35,0.75,0.49
0.45,0.75,0.49
0.55,0.75,0.49
0.65,0.75,0.49
0.75,0.75,0.49
0.85,0.75,0.49
0.95,0.75,0.49
0.05,0.85,0.49
0.15,0.85,0.49
0.25,0.85,0.49
0.35,0.85,0.49
0.45,0.85,0.49
0.55,0.85,0.49
0.65,0.85,0.49
0.75,0.85,0.49
0.85,0.85,0.49
0.95,0.85,0.49
0.05,0.95,0.49
0.15,0.95,0.49
0.25,0.95,0.49
0.35,0.95,0.49
0.45,0.95,0.49
0.55,0.95,0.49
0.65,0.95,0.49
0.75,0.95,0.49
0.85,0.95,0.49
0.95,0.95,0.49
0.05,-0.95,0.5
0.15,-0.95,0.5
0.25,-0.95,0.5
0.35,-0.95,0.5
0.45,-0.95,0.5
0.55,-0.95,0.5
0.65,-0.95,0.5
0.75,-0.95,0.5
0.85,-0.95,0.5
0.95,-0.95,0.5
0.05,-0.85,0.5
0.15,-0.85,0.5
0.25,-0.85,0.5
0.35,-0.85,0.5
0.45,-0.85,0.5
0.55,-0.85,0.5
0.65,-0.85,0.5
0.75,-0.85,0.5
0.85,-0.85,0.5
0.95,-0.85,0.5
0.05,-0.75,0.5
0.15,-0.75,0.5
0.25,-0.75,0.5
0.35,-0.75,0.5
0.45,-0.75,0.5
0.55,-0.75,0.5
0.65,-0.75,0.5
0.75,-0.75,0.5
0.85,-0.75,0.5
0.95,-0.75,0.5
0.05,-0.65,0.5
0.15,-0.65,0.5
0.25,-0.65,0.5
0.35,-0.65,0.5
0.45,-0.65,0.5
0.55,-0.65,0.5
0.65,-0.65,0.5
0.75,-0.65,0.5
0.85,-0.65,0.5
0.95,-0.65,0.5
0.05,-0.55,0.5
0.15,-0.55,0.5
0.25,-0.55,0.5
0.35,-0.55,0.5
0.45,-0.55,0.5
0.55,-0.55,0.5
0.65,-0.55,0.5
0.75,-0.55,0.5
0.85,-0.55,0.5
0.95,-0.55,0.5
0.05,-0.45,0.5
0.15,-0.45,0.5
0.25,-0.45,0.5
0.35,-0.45,0.5
0.45,-0.45,0.5
0.55,-0.45,0.5
0.65,-0.45,0.5
0.75,-0.45,0.5
0.85,-0.45,0.5
0.95,-0.45,0.5
0.05,-0.35,0.5
0.15,-0.35,0.5
0.25,-0.35,0.5
0.35,-0.35,0.5
0.45,-0.35,0.5
0.55,-0.35,0.5
0.65,-0.35,0.5
0.75,-0.35,0.5
0.85,-0.35,0.5
0.95,-0.35,0.5
0.05,-0.25,0.5
0.15,-0.25,0.5
0.25,-0.25,0.5
0.35,-0.25,0.5
0.45,-0.25,0.5
0.55,-0.25,0.5
0.65,-0.25,0.5
0.75,-0.25,0.5
0.85,-0.25,0.5
0.95,-0.25,0.5
0.05,-0.15,0.5
0.15,-0.15,0.5
0.25,-0.15,0.5
0.35,-0.15,0.5
0.45,-0.15,0.5
0.55,-0.15,0.5
0.65,-0.15,0.5
0.75,-0.15,0.5
0.85,-0.15,0.5
0.95,-0.15,0.5
0.05,-0.05,0.5
0.15,-0.05,0.5
0.25,-0.05,0.5
0.35,-0.05,0.5
0.45,-0.05,0.5
0.55,-0.05,0.5
0.65,-0.05,0.5
0.75,-0.05,0.5
0.85,-0.05,0.5
0.95,-0.05,0.5
0.05,0.05,0.5
0.15,0.05,0.5
0.25,0.05,0.5
0.35,0.05,0.5
0.45,0.05,0.5
0.55,0.05,0.5
0.65,0.05,0.5
0.75,0.05,0.5
0.85,0.05,0.5
0.95,0.05,0.5
0.05,0.15,0.5
0.15,0.15,0.5
0.25,0.15,0.5
0.35,0.15,0.5
0.45,0.15,0.5
0.55,0.15,0.5
0.65,0.15,0.5
0.75,0.15,0.5
0.85,0.15,0.5
0.95,0.15,0.5
0.05,0.25,0.5
0.15,0.25,0.5
0.25,0.25,0.5
0.35,0.25,0.5
0.45,0.25,0.5
0.55,0.25,0.5
0.65,0.25,0.5
0.75,0.25,0.5
0.85,0.25,0.5
0.95,0.25,0.5
0.05,0.35,0.5
0.15,0.35,0.5
0.25,0.35,0.5
0.35,0.35,0.5
0.45,0.35,0.5
0.55,0.35,0.5
0.65,0.35,0.5
0.75,0.35,0.5
0.85,0.35,0.5
0.95,0.35,0.5
0.05,0.45,0.5
0.15,0.45,0.5
0.25,0.45,0.5
0.35,0.45,0.5
0.45,0.45,0.5
0.55,0.45,0.5
0.65,0.45,0.5
0.75,0.45,0.5
0.85,0.45,0.5
0.95,0.45,0.5
0.05,0.55,0.5
0.15,0.55,0.5
0.25,0.55,0.5
0.35,0.55,0.5
0.45,0.55,0.5
0.55,0.55,0.5
0.65,0.55,0.5
0.75,0.55,0.5
0.85,0.55,0.5
0.95,0.55,0.5
0.05,0.65,0.5
0.15,0.65,0.5
0.25,0.65,0.5
0.35,0.65,0.5
0.45,0.65,0.5
0.55,0.65,0.5
0.65,0.65,0.5
0.75,0.65,0.5
0.85,0.65,0.5
0.95,0.65,0.5
0.05,0.75,0.5
0.15,0.75,0.5
0.25,0.75,0.5
0.35,0.75,0.5
0.45,0.75,0.5
0.55,0.75,0.5
0.65,0.75,0.5
0.75,0.75,0.5
0.85,0.75,0.5
0.95,0.75,0.5
0.05,0.85,0.5
0.15,0.85,0.5
0.25,0.85,0.5
0.35,0.85,0.5
0.45,0.85,0.5
0.55,0.85,0.5
0.65,0.85,0.5
0.75,0.85,0.5
0.85,0.85,0.5
0.95,0.85,0.5
0.05,0.95,0.5
0.15,0.95,0.5
0.25,0.95,0.5
0.35,0.95,0.5
0.45,0.95,0.5
0.55,0.95,0.5
0.65,0.95,0.5
0.75,0.95,0.5
0.85,0.95,0.5
0.95,0.95,0.5
0.05,-0.95,0.51
0.15,-0.95,0.51
0.25,-0.95,0.51
0.35,-0.95,0.51
0.45,-0.95,0.51
0.55,-0.95,0.51
0.65,-0.95,0.51
0.75,-0.95,0.51
0.85,-0.95,0.51
0.95,-0.95,0.51
0.05,-0.85,0.51
0.15,-0.85,0.51
0.25,-0.85,0.51
0.35,-0.85,0.51
0.45,-0.85,0.51
0.55,-0.85,0.51
0.65,-0.85,0.51
0.75,-0.85,0.51
0.85,-0.85,0.51
0.95,-0.85,0.51
0.05,-0.75,0.51
0.15,-0.75,0.51
0.25,-0.75,0.51
0.35,-0.75,0.51
0.45,-0.75,0.51
0.55,-0.75,0.51
0.65,-0.75,0.51
0.75,-0.75,0.51
0.85,-0.75,0.51
0.95,-0.75,0.51
0.05,-0.65,0.51
0.15,-0.65,0.51
0.25,-0.65,0.51
0.35,-0.65,0.51
0.45,-0.65,0.51
0.55,-0.65,0.51
0.65,-0.65,0.51
0.75,-0.65,0.51
0.85,-0.65,0.51
0.95,-0.65,0.51
0.05,-0.55,0.51
0.15,-0.55,0.51
0.25,-0.55,0.51
0.35,-0.55,0.51
0.45,-0.55,0.51
0.55,-0.55,0.51
0.65,-0.55,0.51
0.75,-0.55,0.51
0.85,-0.55,0.51
0.95,-0.55,0.51
0.05,-0.45,0.51
0.15,-0.45,0.51
0.25,-0.45,0.51
0.35,-0.45,0.51
0.45,-0.45,0.51
0.55,-0.45,0.51
0.65,-0.45,0.51
0.75,-0.45,0.51
0.85,-0.45,0.51
0.95,-0.45,0.51
0.05,-0.35,0.51
0.15,-0.35,0.51
0.25,-0.35,0.51
0.35,-0.35,0.51
0.45,-0.35,0.51
0.55,-0.35,0.51
0.65,-0.35,0.51
0.75,-0.35,0.51
0.85,-0.35,0.51
0.95,-0.35,0.51
0.05,-0.25,0.51
0.15,-0.25,0.51
0.25,-0.25,0.51
0.35,-0.25,0.51
0.45,-0.25,0.51
0.55,-0.25,0.51
0.65,-0.25,0.51
0.75,-0.25,0.51
0.85,-0.25,0.51
0.95,-0.25,0.51
0.05,-0.15,0.51
0.15,-0.15,0.51
0.25,-0.15,0.51
0.35,-0.15,0.51
0.45,-0.15,0.51
0.55,-0.15,0.51
0.65,-0.15,0.51
0.75,-0.15,0.51
0.85,-0.15,0.51
0.95,-0.15,0.51
0.05,-0.05,0.51
0.15,-0.05,0.51
0.25,-0.05,0.51
0.35,-0.05,0.51
0.45,-0.05,0.51
0.55,-0.05,0.51
0.65,-0.05,0.51
0.75,-0.05,0.51
0.85,-0.05,0.51
0.95,-0.05,0.51
0.05,0.05,0.51
0.15,0.05,0.51
0.25,0.05,0.51
0.35,0.05,0.51
0.45,0.05,0.51
0.55,0.05,0.51
0.65,0.05,0.51
0.75,0.05,0.51
0.85,0.05,0.51
0.95,0.05,0.51
0.05,0.15,0.51
0.15,0.15,0.51
0.25,0.15,0.51
0.35,0.15,0.51
0.45,0.15,0.51
0.55,0.15,0.51
0.65,0.15,0.51
0.75,0.15,0.51
0.85,0.15,0.51
0.95,0.15,0.51
0.05,0.25,0.51
0.15,0.25,0.51
0.25,0.25,0.51
0.35,0.25,0.51
0.45,0.25,0.51
0.55,0.25,0.51
0.65,0.25,0.51
0.75,0.25,0.51
0.85,0.25,0.51
0.95,0.25,0.51
0.05,0.35,0.51
0.15,0.35,0.51
0.25,0.35,0.51
0.35,0.35,0.51
0.45,0.35,0.51
0.55,0.35,0.51
0.65,0.35,0.51
0.75,0.35,0.51
0.85,0.35,0.51
0.95,0.35,0.51
0.05,0.45,0.51
0.15,0.45,0.51
0.25,0.45,0.51
0.35,0.45,0.51
0.45,0.45,0.51
0.55,0.45,0.51
0.65,0.45,0.51
0.75,0.45,0.51
0.85,0.45,0.51
0.95,0.45,0.51
0.05,0.55,0.51
0.15,0.55,0.51
0.25,0.55,0.51
0.35,0.55,0.51
0.45,0.55,0.51
0.55,0.55,0.51
0.65,0.55,0.51
0.75,0.55,0.51
0.85,0.55,0.51
0.95,0.55,0.51
0.05,0.65,0.51
0.15,0.65,0.51
0.25,0.65,0.51
0.35,0.65,0.51
0.45,0.65,0.51
0.55,0.65,0.51
0.65,0.65,0.51
0.75,0.65,0.51
0.85,0.65,0.51
0.95,0.65,0.51
0.05,0.75,0.51
0.15,0.75,0.51
0.25,0.75,0.51
0.35,0.75,0.51
0.45,0.75,0.51
0.55,0.75,0.51
0.65,0.75,0.51
0.75,0.75,0.51
0.85,0.75,0.51
0.95,0.75,0.51
0.05,0.85,0.51
0.15,0.85,0.51
0.25,0.85,0.51
0.35,0.85,0.51
0.45,0.85,0.51
0.55,0.85,0.51
0.65,0.85,0.51
0.75,0.85,0.51
0.85,0.85,0.51
0.95,0.85,0.51
0.05,0.95,0.51
0.15,0.95,0.51
0.25,0.95,0.51
0.35,0.95,0.51
0.45,0.95,0.51
0.55,0.95,0.51
0.65,0.95,0.51
0.75,0.95,0.51
0.85,0.95,0.51
0.95,0.95,0.51
0.05,-0.95,0.52
0.15,-0.95,0.52
0.25,-0.95,0.52
0.35,-0.95,0.52
0.45,-0.95,0.52
0.55,-0.95,0.52
0.65,-0.95,0.52
0.75,-0.95,0.52
0.85,-0.95,0.52
0.95,-0.95,0.52
0.05,-0.85,0.52
0.15,-0.85,0.52
0.25,-0.85,0.52
0.35,-0.85,0.52
0.45,-0.85,0.52
0.55,-0.85,0.52
0.65,-0.85,0.52
0.75,-0.85,0.52
0.85,-0.85,0.52
0.95,-0.85,0.52
0.05,-0.75,0.52
0.15,-0.75,0.52
0.25,-0.75,0.52
0.35,-0.75,0.52
0.45,-0.75,0.52
0.55,-0.75,0.52
0.65,-0.75,0.52
0.75,-0.75,0.52
0.85,-0.75,0.52
0.95,-0.75,0.52
0.05,-0.65,0.52
0.15,-0.65,0.52
0.25,-0.65,0.52
0.35,-0.65,0.52
0.45,-0.65,0.52
0.55,-0.65,0.52
0.65,-0.65,0.52
0.75,-0.65,0.52
0.85,-0.65,0.52
0.95,-0.65,0.52
0.05,-0.55,0.52
0.15,-0.55,0.52
0.25,-0.55,0.52
0.35,-0.55,0.52
0.45,-0.55,0.52
0.55,-0.55,0.52
0.65,-0.55,0.52
0.75,-0.55,0.52
0.85,-0.55,0.52
0.95,-0.55,0.52
0.05,-0.45,0.52
0.15,-0.45,0.52
0.25,-0.45,0.52
0.35,-0.45,0.52
0.45,-0.45,0.52
0.55,-0.45,0.52
0.65,-0.45,0.52
0.75,-0.45,0.52
0.85,-0.45,0.52
0.95,-0.45,0.52
0.05,-0.35,0.52
0.15,-0.35,0.52
0.25,-0.35,0.52
0.35,-0.35,0.52
0.45,-0.35,0.52
0.55,-0.35,0.52
0.65,-0.35,0.52
0.75,-0.35,0.52
0.85,-0.35,0.52
0.95,-0.35,0.52
0.05,-0.25,0.52
0.15,-0.25,0.52
0.25,-0.25,0.52
0.35,-0.25,0.52
0.45,-0.25,0.52
0.55,-0.25,0.52
0.65,-0.25,0.52
0.75,-0.25,0.52
0.85,-0.25,0.52
0.95,-0.25,0.52
0.05,-0.15,0.52
0.15,-0.15,0.52
0.25,-0.15,0.52
0.35,-0.15,0.52
0.45,-0.15,0.52
0.55,-0.15,0.52
0.65,-0.15,0.52
0.75,-0.15,0.52
0.85,-0.15,0.52
0.95,-0.15,0.52
0.05,-0.05,0.52
0.15,-0.05,0.52
0.25,-0.05,0.52
0.35,-0.05,0.52
0.45,-0.05,0.52
0.55,-0.05,0.52
0.65,-0.05,0.52
0.75,-0.05,0.52
0.85,-0.05,0.52
0.95,-0.05,0.52
0.05,0.05,0.52
0.15,0.05,0.52
0.25,0.05,0.52
0.35,0.05,0.52
0.45,0.05,0.52
0.55,0.05,0.52
0.65,0.05,0.52
0.75,0.05,0.52
0.85,0.05,0.52
0.95,0.05,0.52
0.05,0.15,0.52
0.15,0.15,0.52
0.25,0.15,0.52
0.35,0.15,0.52
0.45,0.15,0.52
0.55,0.15,0.52
0.65,0.15,0.52
0.75,0.15,0.52
0.85,0.15,0.52
0.95,0.15,0.52
0.05,0.25,0.52
0.15,0.25,0.52
0.25,0.25,0.52
0.35,0.25,0.52
0.45,0.25,0.52
0.55,0.25,0.52
0.65,0.25,0.52
0.75,0.25,0.52
0.85,0.25,0.52
0.95,0.25,0.52
0.05,0.35,0.52
0.15,0.35,0.52
0.25,0.35,0.52
0.35,0.35,0.52
0.45,0.35,0.52
0.55,0.35,0.52
0.65,0.35,0.52
0.75,0.35,0.52
0.85,0.35,0.52
0.95,0.35,0.52
0.05,0.45,0.52
0.15,0.45,0.52
0.25,0.45,0.52
0.35,0.45,0.52
0.45,0.45,0.52
0.55,0.45,0.52
0.65,0.45,0.52
0.75,0.45,0.52
0.85,0.45,0.52
0.95,0.45,0.52
0.05,0.55,0.52
0.15,0.55,0.52
0.25,0.55,0.52
0.35,0.55,0.52
0.45,0.55,0.52
0.55,0.55,0.52
0.65,0.55,0.52
0.75,0.55,0.52
0.85,0.55,0.52
0.95,0.55,0.52
0.05,0.65,0.52
0.15,0.65,0.52
0.25,0.65,0.52
0.35,0.65,0.52
0.45,0.65,0.52
0.55,0.65,0.52
0.65,0.65,0.52
0.75,0.65,0.52
0.85,0.65,0.52
0.95,0.65,0.52
0.05,0.75,0.52
0.15,0.75,0.52
0.25,0.75,0.52
0.35,0.75,0.52
0.45,0.75,0.52
0.55,0.75,0.52
0.65,0.75,0.52
0.75,0.75,0.52
0.85,0.75,0.52
0.95,0.75,0.52
0.05,0.85,0.52
0.15,0.85,0.52
0.25,0.85,0.52
0.35,0.85,0.52
0.45,0.85,0.52
0.55,0.85,0.52
0.65,0.85,0.52
0.75,0.85,0.52
0.85,0.85,0.52
0.95,0.85,0.52
0.05,0.95,0.52
0.15,0.95,0.52
0.25,0.95,0.52
0.35,0.95,0.52
0.45,0.95,0.52
0.55,0.95,0.52
0.65,0.95,0.52
0.75,0.95,0.52
0.85,0.95,0.52
0.95,0.95,0.52
0.05,-0.95,0.53
0.15,-0.95,0.53
0.25,-0.95,0.53
0.35,-0.95,0.53
0.45,-0.95,0.53
0.55,-0.95,0.53
0.65,-0.95,0.53
0.75,-0.95,0.53
0.85,-0.95,0.53
0.95,-0.95,0.53
0.05,-0.85,0.53
0.15,-0.85,0.53
0.25,-0.85,0.53
0.35,-0.85,0.53
0.45,-0.85,0.53
0.55,-0.85,0.53
0.65,-0.85,0.53
0.75,-0.85,0.53
0.85,-0.85,0.53
0.95,-0.85,0.53
0.05,-0.75,0.53
0.15,-0.75,0.53
0.25,-0.75,0.53
0.35,-0.75,0.53
0.45,-0.75,0.53
0.55,-0.75,0.53
0.65,-0.75,0.53
0.75,-0.75,0.53
0.85,-0.75,0.53
0.95,-0.75,0.53
0.05,-0.65,0.53
0.15,-0.65,0.53
0.25,-0.65,0.53
0.35,-0.65,0.53
0.45,-0.65,0.53
0.55,-0.65,0.53
0.65,-0.65,0.53
0.75,-0.65,0.53
0.85,-0.65,0.53
0.95,-0.65,0.53
0.05,-0.55,0.53
0.15,-0.55,0.53
0.25,-0.55,0.53
0.35,-0.55,0.53
0.45,-0.55,0.53
0.55,-0.55,0.53
0.65,-0.55,0.53
0.75,-0.55,0.53
0.85,-0.55,0.53
0.95,-0.55,0.53
0.05,-0.45,0.53
0.15,-0.45,0.53
0.25,-0.45,0.53
0.35,-0.45,0.53
0.45,-0.45,0.53
0.55,-0.45,0.53
0.65,-0.45,0.53
0.75,-0.45,0.53
0.85,-0.45,0.53
0.95,-0.45,0.53
0.05,-0.35,0.53
0.15,-0.35,0.53
0.25,-0.35,0.53
0.35,-0.35,0.53
0.45,-0.35,0.53
0.55,-0.35,0.53
0.65,-0.35,0.53
0.75,-0.35,0.53
0.85,-0.35,0.53
0.95,-0.35,0.53
0.05,-0.25,0.53
0.15,-0.25,0.53
0.25,-0.25,0.53
0.35,-0.25,0.53
0.45,-0.25,0.53
0.55,-0.25,0.53
0.65,-0.25,0.53
0.75,-0.25,0.53
0.85,-0.25,0.53
0.95,-0.25,0.53
0.05,-0.15,0.53
0.15,-0.15,0.53
0.25,-0.15,0.53
0.35,-0.15,0.53
0.45,-0.15,0.53
0.55,-0.15,0.53
0.65,-0.15,0.53
0.75,-0.15,0.53
0.85,-0.15,0.53
0.95,-0.15,0.53
0.05,-0.05,0.53
0.15,-0.05,0.53
0.25,-0.05,0.53
0.35,-0.05,0.53
0.45,-0.05,0.53
0.55,-0.05,0.53
0.65,-0.05,0.53
0.75,-0.05,0.53
0.85,-0.05,0.53
0.95,-0.05,0.53
0.05,0.05,0.53
0.15,0.05,0.53
0.25,0.05,0.53
0.35,0.05,0.53
0.45,0.05,0.53
0.55,0.05,0.53
0.65,0.05,0.53
0.75,0.05,0.53
0.85,0.05,0.53
0.95,0.05,0.53
0.05,0.15,0.53
0.15,0.15,0.53
0.25,0.15,0.53
0.35,0.15,0.53
0.45,0.15,0.53
0.55,0.15,0.53
0.65,0.15,0.53
0.75,0.15,0.53
0.85,0.15,0.53
0.95,0.15,0.53
0.05,0.25,0.53
0.15,0.25,0.53
0.25,0.25,0.53
0.35,0.25,0.53
0.45,0.25,0.53
0.55,0.25,0.53
0.65,0.25,0.53
0.75,0.25,0.53
0.85,0.25,0.53
0.95,0.25,0.53
0.05,0.35,0.53
0.15,0.35,0.53
0.25,0.35,0.53
0.35,0.35,0.53
0.45,0.35,0.53
0.55,0.35,0.53
0.65,0.35,0.53
0.75,0.35,0.53
0.85,0.35,0.53
0.95,0.35,0.53
0.05,0.45,0.53
0.15,0.45,0.53
0.25,0.45,0.53
0.35,0.45,0.53
0.45,0.45,0.53
0.55,0.45,0.53
0.65,0.45,0.53
0.75,0.45,0.53
0.85,0.45,0.53
0.95,0.45,0.53
0.05,0.55,0.53
0.15,0.55,0.53
0.25,0.55,0.53
0.35,0.55,0.53
0.45,0.55,0.53
0.55,0.55,0.53
0.65,0.55,0.53
0.75,0.55,0.53
0.85,0.55,0.53
0.95,0.55,0.53
0.05,0.65,0.53
0.15,0.65,0.53
0.25,0.65,0.53
0.35,0.65,0.53
0.45,0.65,0.53
0.55,0.65,0.53
0.65,0.65,0.53
0.75,0.65,0.53
0.85,0.65,0.53
0.95,0.65,0.53
0.05,0.75,0.53
0.15,0.75,0.53
0.25,0.75,0.53
0.35,0.75,0.53
0.45,0.75,0.53
0.55,0.75,0.53
0.65,0.75,0.53
0.75,0.75,0.53
0.85,0.75,0.53
0.95,0.75,0.53
0.05,0.85,0.53
0.15,0.85,0.53
0.25,0.85,0.53
0.35,0.85,0.53
0.45,0.85,0.53
0.55,0.85,0.53
0.65,0.85,0.53
0.75,0.85,0.53
0.85,0.85,0.53
0.95,0.85,0.53
0.05,0.95,0.53
0.15,0.95,0.53
0.25,0.95,0.53
0.35,0.95,0.53
0.45,0.95,0.53
0.55,0.95,0.53
0.65,0.95,0.53
0.75,0.95,0.53
0.85,0.95,0.53
0.95,0.95,0.53
0.05,-0.95,0.54
0.15,-0.95,0.54
0.25,-0.95,0.54
0.35,-0.95,0.54
0.45,-0.95,0.54
0.55,-0.95,0.54
0.65,-0.95,0.54
0.75,-0.95,0.54
0.85,-0.95,0.54
0.95,-0.95,0.54
0.05,-0.85,0.54
0.15,-0.85,0.54
0.25,-0.85,0.54
0.35,-0.85,0.54
0.45,-0.85,0.54
0.55,-0.85,0.54
0.65,-0.85,0.54
0.75,-0.85,0.54
0.85,-0.85,0.54
0.95,-0.85,0.54
0.05,-0.75,0.54
0.15,-0.75,0.54
0.25,-0.75,0.54
0.35,-0.75,0.54
0.45,-0.75,0.54
0.55,-0.75,0.54
0.65,-0.75,0.54
0.75,-0.75,0.54
0.85,-0.75,0.54
0.95,-0.75,0.54
0.05,-0.65,0.54
0.15,-0.65,0.54
0.25,-0.65,0.54
0.35,-0.65,0.54
0.45,-0.65,0.54
0.55,-0.65,0.54
0.65,-0.65,0.54
0.75,-0.65,0.54
0.85,-0.65,0.54
0.95,-0.65,0.54
0.05,-0.55,0.54
0.15,-0.55,0.54
0.25,-0.55,0.54
0.35,-0.55,0.54
0.45,-0.55,0.54
0.55,-0.55,0.54
0.65,-0.55,0.54
0.75,-0.55,0.54
0.85,-0.55,0.54
0.95,-0.55,0.54
0.05,-0.45,0.54
0.15,-0.45,0.54
0.25,-0.45,0.54
0.35,-0.45,0.54
0.45,-0.45,0.54
0.55,-0.45,0.54
0.65,-0.45,0.54
0.75,-0.45,0.54
0.85,-0.45,0.54
0.95,-0.45,0.54
0.05,-0.35,0.54
0.15,-0.35,0.54
0.25,-0.35,0.54
0.35,-0.35,0.54
0.45,-0.35,0.54
0.55,-0.35,0.54
0.65,-0.35,0.54
0.75,-0.35,0.54
0.85,-0.35,0.54
0.95,-0.35,0.54
0.05,-0.25,0.54
0.15,-0.25,0.54
0.25,-0.25,0.54
0.35,-0.25,0.54
0.45,-0.25,0.54
0.55,-0.25,0.54
0.65,-0.25,0.54
0.75,-0.25,0.54
0.85,-0.25,0.54
0.95,-0.25,0.54
0.05,-0.15,0.54
0.15,-0.15,0.54
0.25,-0.15,0.54
0.35,-0.15,0.54
0.45,-0.15,0.54
0.55,-0.15,0.54
0.65,-0.15,0.54
0.75,-0.15,0.54
0.85,-0.15,0.54
0.95,-0.15,0.54
0.05,-0.05,0.54
0.15,-0.05,0.54
0.25,-0.05,0.54
0.35,-0.05,0.54
0.45,-0.05,0.54
0.55,-0.05,0.54
0.65,-0.05,0.54
0.75,-0.05,0.54
0.85,-0.05,0.54
0.95,-0.05,0.54
0.05,0.05,0.54
0.15,0.05,0.54
0.25,0.05,0.54
0.35,0.05,0.54
0.45,0.05,0.54
0.55,0.05,0.54
0.65,0.05,0.54
0.75,0.05,0.54
0.85,0.05,0.54
0.95,0.05,0.54
0.05,0.15,0.54
0.15,0.15,0.54
0.25,0.15,0.54
0.35,0.15,0.54
0.45,0.15,0.54
0.55,0.15,0.54
0.65,0.15,0.54
0.75,0.15,0.54
0.85,0.15,0.54
0.95,0.15,0.54
0.05,0.25,0.54
0.15,0.25,0.54
0.25,0.25,0.54
0.35,0.25,0.54
0.45,0.25,0.54
0.55,0.25,0.54
0.65,0.25,0.54
0.75,0.25,0.54
0.85,0.25,0.54
0.95,0.25,0.54
0.05,0.35,0.54
0.15,0.35,0.54
0.25,0.35,0.54
0.35,0.35,0.54
0.45,0.35,0.54
0.55,0.35,0.54
0.65,0.35,0.54
0.75,0.35,0.54
0.85,0.35,0.54
0.95,0.35,0.54
0.05,0.45,0.54
0.15,0.45,0.54
0.25,0.45,0.54
0.35,0.45,0.54
0.45,0.45,0.54
0.55,0.45,0.54
0.65,0.45,0.54
0.75,0.45,0.54
0.85,0.45,0.54
0.95,0.45,0.54
0.05,0.55,0.54
0.15,0.55,0.54
0.25,0.55,0.54
0.35,0.55,0.54
0.45,0.55,0.54
0.55,0.55,0.54
0.65,0.55,0.54
0.75,0.55,0.54
0.85,0.55,0.54
0.95,0.55,0.54
0.05,0.65,0.54
0.15,0.65,0.54
0.25,0.65,0.54
0.35,0.65,0.54
0.45,0.65,0.54
0.55,0.65,0.54
0.65,0.65,0.54
0.75,0.65,0.54
0.85,0.65,0.54
0.95,0.65,0.54
0.05,0.75,0.54
0.15,0.75,0.54
0.25,0.75,0.54
0.35,0.75,0.54
0.45,0.75,0.54
0.55,0.75,0.54
0.65,0.75,0.54
0.75,0.75,0.54
0.85,0.75,0.54
0.95,0.75,0.54
0.05,0.85,0.54
0.15,0.85,0.54
0.25,0.85,0.54
0.35,0.85,0.54
0.45,0.85,0.54
0.55,0.85,0.54
0.65,0.85,0.54
0.75,0.85,0.54
0.85,0.85,0.54
0.95,0.85,0.54
0.05,0.95,0.54
0.15,0.95,0.54
0.25,0.95,0.54
0.35,0.95,0.54
0.45,0.95,0.54
0.55,0.95,0.54
0.65,0.95,0.54
0.75,0.95,0.54
0.85,0.95,0.54
0.95,0.95,0.54
0.05,-0.95,0.55
0.15,-0.95,0.55
0.25,-0.95,0.55
0.35,-0.95,0.55
0.45,-0.95,0.55
0.55,-0.95,0.55
0.65,-0.95,0.55
0.75,-0.95,0.55
0.85,-0.95,0.55
0.95,-0.95,0.55
0.05,-0.85,0.55
0.15,-0.85,0.55
0.25,-0.85,0.55
0.35,-0.85,0.55
0.45,-0.85,0.55
0.55,-0.85,0.55
0.65,-0.85,0.55
0.75,-0.85,0.55
0.85,-0.85,0.55
0.95,-0.85,0.55
0.05,-0.75,0.55
0.15,-0.75,0.55
0.25,-0.75,0.55
0.35,-0.75,0.55
0.45,-0.75,0.55
0.55,-0.75,0.55
0.65,-0.75,0.55
0.75,-0.75,0.55
0.85,-0.75,0.55
0.95,-0.75,0.55
0.05,-0.65,0.55
0.15,-0.65,0.55
0.25,-0.65,0.55
0.35,-0.65,0.55
0.45,-0.65,0.55
0.55,-0.65,0.55
0.65,-0.65,0.55
0.75,-0.65,0.55
0.85,-0.65,0.55
0.95,-0.65,0.55
0.05,-0.55,0.55
0.15,-0.55,0.55
0.25,-0.55,0.55
0.35,-0.55,0.55
0.45,-0.55,0.55
0.55,-0.55,0.55
0.65,-0.55,0.55
0.75,-0.55,0.55
0.85,-0.55,0.55
0.95,-0.55,0.55
0.05,-0.45,0.55
0.15,-0.45,0.55
0.25,-0.45,0.55
0.35,-0.45,0.55
0.45,-0.45,0.55
0.55,-0.45,0.55
0.65,-0.45,0.55
0.75,-0.45,0.55
0.85,-0.45,0.55
0.95,-0.45,0.55
0.05,-0.35,0.55
0.15,-0.35,0.55
0.25,-0.35,0.55
0.35,-0.35,0.55
0.45,-0.35,0.55
0.55,-0.35,0.55
0.65,-0.35,0.55
0.75,-0.35,0.55
0.85,-0.35,0.55
0.95,-0.35,0.55
0.05,-0.25,0.55
0.15,-0.25,0.55
0.25,-0.25,0.55
0.35,-0.25,0.55
0.45,-0.25,0.55
0.55,-0.25,0.55
0.65,-0.25,0.55
0.75,-0.25,0.55
0.85,-0.25,0.55
0.95,-0.25,0.55
0.05,-0.15,0.55
0.15,-0.15,0.55
0.25,-0.15,0.55
0.35,-0.15,0.55
0.45,-0.15,0.55
0.55,-0.15,0.55
0.65,-0.15,0.55
0.75,-0.15,0.55
0.85,-0.15,0.55
0.95,-0.15,0.55
0.05,-0.05,0.55
0.15,-0.05,0.55
0.25,-0.05,0.55
0.35,-0.05,0.55
0.45,-0.05,0.55
0.55,-0.05,0.55
0.65,-0.05,0.55
0.75,-0.05,0.55
0.85,-0.05,0.55
0.95,-0.05,0.55
0.05,0.05,0.55
0.15,0.05,0.55
0.25,0.05,0.55
0.35,0.05,0.55
0.45,0.05,0.55
0.55,0.05,0.55
0.65,0.05,0.55
0.75,0.05,0.55
0.85,0.05,0.55
0.95,0.05,0.55
0.05,0.15,0.55
0.15,0.15,0.55
0.25,0.15,0.55
0.35,0.15,0.55
0.45,0.15,0.55
0.55,0.15,0.55
0.65,0.15,0.55
0.75,0.15,0.55
0.85,0.15,0.55
0.95,0.15,0.55
0.05,0.25,0.55
0.15,0.25,0.55
0.25,0.25,0.55
0.35,0.25,0.55
0.45,0.25,0.55
0.55,0.25,0.55
0.65,0.25,0.55
0.75,0.25,0.55
0.85,0.25,0.55
0.95,0.25,0.55
0.05,0.35,0.55
0.15,0.35,0.55
0.25,0.35,0.55
0.35,0.35,0.55
0.45,0.35,0.55
0.55,0.35,0.55
0.65,0.35,0.55
0.75,0.35,0.55
0.85,0.35,0.55
0.95,0.35,0.55
0.05,0.45,0.55
0.15,0.45,0.55
0.25,0.45,0.55
0.35,0.45,0.55
0.45,0.45,0.55
0.55,0.45,0.55
0.65,0.45,0.55
0.75,0.45,0.55
0.85,0.45,0.55
0.95,0.45,0.55
0.05,0.55,0.55
0.15,0.55,0.55
0.25,0.55,0.55
0.35,0.55,0.55
0.45,0.55,0.55
0.55,0.55,0.55
0.65,0.55,0.55
0.75,0.55,0.55
0.85,0.55,0.55
0.95,0.55,0.55
0.05,0.65,0.55
0.15,0.65,0.55
0.25,0.65,0.55
0.35,0.65,0.55
0.45,0.65,0.55
0.55,0.65,0.55
0.65,0.65,0.55
0.75,0.65,0.55
0.85,0.65,0.55
0.95,0.65,0.55
0.05,0.75,0.55
0.15,0.75,0.55
0.25,0.75,0.55
0.35,0.75,0.55
0.45,0.75,0.55
0.55,0.75,0.55
0.65,0.75,0.55
0.75,0.75,0.55
0.85,0.75,0.55
0.95,0.75,0.55
0.05,0.85,0.55
0.15,0.85,0.55
0.25,0.85,0.55
0.35,0.85,0.55
0.45,0.85,0.55
0.55,0.85,0.55
0.65,0.85,0.55
0.75,0.85,0.55
0.85,0.85,0.55
0.95,0.85,0.55
0.05,0.95,0.55
0.15,0.95,0.55
0.25,0.95,0.55
0.35,0.95,0.55
0.45,0.95,0.55
0.55,0.95,0.55
0.65,0.95,0.55
0.75,0.95,0.55
0.85,0.95,0.55
0.95,0.95,0.55
0.05,-0.95,0.56
0.15,-0.95,0.56
0.25,-0.95,0.56
0.35,-0.95,0.56
0.45,-0.95,0.56
0.55,-0.95,0.56
0.65,-0.95,0.56
0.75,-0.95,0.56
0.85,-0.95,0.56
0.95,-0.95,0.56
0.05,-0.85,0.56
0.15,-0.85,0.56
0.25,-0.85,0.56
0.35,-0.85,0.56
0.45,-0.85,0.56
0.55,-0.85,0.56
0.65,-0.85,0.56
0.75,-0.85,0.56
0.85,-0.85,0.56
0.95,-0.85,0.56
0.05,-0.75,0.56
0.15,-0.75,0.56
0.25,-0.75,0.56
0.35,-0.75,0.56
0.45,-0.75,0.56
0.55,-0.75,0.56
0.65,-0.75,0.56
0.75,-0.75,0.56
0.85,-0.75,0.56
0.95,-0.75,0.56
0.05,-0.65,0.56
0.15,-0.65,0.56
0.25,-0.65,0.56
0.35,-0.65,0.56
0.45,-0.65,0.56
0.55,-0.65,0.56
0.65,-0.65,0.56
0.75,-0.65,0.56
0.85,-0.65,0.56
0.95,-0.65,0.56
0.05,-0.55,0.56
0.15,-0.55,0.56
0.25,-0.55,0.56
0.35,-0.55,0.56
0.45,-0.55,0.56
0.55,-0.55,0.56
0.65,-0.55,0.56
0.75,-0.55,0.56
0.85,-0.55,0.56
0.95,-0.55,0.56
0.05,-0.45,0.56
0.15,-0.45,0.56
0.25,-0.45,0.56
0.35,-0.45,0.56
0.45,-0.45,0.56
0.55,-0.45,0.56
0.65,-0.45,0.56
0.75,-0.45,0.56
0.85,-0.45,0.56
0.95,-0.45,0.56
0.05,-0.35,0.56
0.15,-0.35,0.56
0.25,-0.35,0.56
0.35,-0.35,0.56
0.45,-0.35,0.56
0.55,-0.35,0.56
0.65,-0.35,0.56
0.75,-0.35,0.56
0.85,-0.35,0.56
0.95,-0.35,0.56
0.05,-0.25,0.56
0.15,-0.25,0.56
0.25,-0.25,0.56
0.35,-0.25,0.56
0.45,-0.25,0.56
0.55,-0.25,0.56
0.65,-0.25,0.56
0.75,-0.25,0.56
0.85,-0.25,0.56
0.95,-0.25,0.56
0.05,-0.15,0.56
0.15,-0.15,0.56
0.25,-0.15,0.56
0.35,-0.15,0.56
0.45,-0.15,0.56
0.55,-0.15,0.56
0.65,-0.15,0.56
0.75,-0.15,0.56
0.85,-0.15,0.56
0.95,-0.15,0.56
0.05,-0.05,0.56
0.15,-0.05,0.56
0.25,-0.05,0.56
0.35,-0.05,0.56
0.45,-0.05,0.56
0.55,-0.05,0.56
0.65,-0.05,0.56
0.75,-0.05,0.56
0.85,-0.05,0.56
0.95,-0.05,0.56
0.05,0.05,0.56
0.15,0.05,0.56
0.25,0.05,0.56
0.35,0.05,0.56
0.45,0.05,0.56
0.55,0.05,0.56
0.65,0.05,0.56
0.75,0.05,0.56
0.85,0.05,0.56
0.95,0.05,0.56
0.05,0.15,0.56
0.15,0.15,0.56
0.25,0.15,0.56
0.35,0.15,0.56
0.45,0.15,0.56
0.55,0.15,0.56
0.65,0.15,0.56
0.75,0.15,0.56
0.85,0.15,0.56
0.95,0.15,0.56
0.05,0.25,0.56
0.15,0.25,0.56
0.25,0.25,0.56
0.35,0.25,0.56
0.45,0.25,0.56
0.55,0.25,0.56
0.65,0.25,0.56
0.75,0.25,0.56
0.85,0.25,0.56
0.95,0.25,0.56
0.05,0.35,0.56
0.15,0.35,0.56
0.25,0.35,0.56
0.35,0.35,0.56
0.45,0.35,0.56
0.55,0.35,0.56
0.65,0.35,0.56
0.75,0.35,0.56
0.85,0.35,0.56
0.95,0.35,0.56
0.05,0.45,0.56
0.15,0.45,0.56
0.25,0.45,0.56
0.35,0.45,0.56
0.45,0.45,0.56
0.55,0.45,0.56
0.65,0.45,0.56
0.75,0.45,0.56
0.85,0.45,0.56
0.95,0.45,0.56
0.05,0.55,0.56
0.15,0.55,0.56
0.25,0.55,0.56
0.35,0.55,0.56
0.45,0.55,0.56
0.55,0.55,0.56
0.65,0.55,0.56
0.75,0.55,0.56
0.85,0.55,0.56
0.95,0.55,0.56
0.05,0.65,0.56
0.15,0.65,0.56
0.25,0.65,0.56
0.35,0.65,0.56
0.45,0.65,0.56
0.55,0.65,0.56
0.65,0.65,0.56
0.75,0.65,0.56
0.85,0.65,0.56
0.95,0.65,0.56
0.05,0.75,0.56
0.15,0.75,0.56
0.25,0.75,0.56
0.35,0.75,0.56
0.45,0.75,0.56
0.55,0.75,0.56
0.65,0.75,0.56
0.75,0.75,0.56
0.85,0.75,0.56
0.95,0.75,0.56
0.05,0.85,0.56
0.15,0.85,0.56
0.25,0.85,0.56
0.35,0.85,0.56
0.45,0.85,0.56
0.55,0.85,0.56
0.65,0.85,0.56
0.75,0.85,0.56
0.85,0.85,0.56
0.95,0.85,0.56
0.05,0.95,0.56
0.15,0.95,0.56
0.25,0.95,0.56
0.35,0.95,0.56
0.45,0.95,0.56
0.55,0.95,0.56
0.65,0.95,0.56
0.75,0.95,0.56
0.85,0.95,0.56
0.95,0.95,0.56
0.05,-0.95,0.57
0.15,-0.95,0.57
0.25,-0.95,0.57
0.35,-0.95,0.57
0.45,-0.95,0.57
0.55,-0.95,0.57
0.65,-0.95,0.57
0.75,-0.95,0.57
0.85,-0.95,0.57
0.95,-0.95,0.57
0.05,-0.85,0.57
0.15,-0.85,0.57
0.25,-0.85,0.57
0.35,-0.85,0.57
0.45,-0.85,0.57
0.55,-0.85,0.57
0.65,-0.85,0.57
0.75,-0.85,0.57
0.85,-0.85,0.57
0.95,-0.85,0.57
0.05,-0.75,0.57
0.15,-0.75,0.57
0.25,-0.75,0.57
0.35,-0.75,0.57
0.45,-0.75,0.57
0.55,-0.75,0.57
0.65,-0.75,0.57
0.75,-0.75,0.57
0.85,-0.75,0.57
0.95,-0.75,0.57
0.05,-0.65,0.57
0.15,-0.65,0.57
0.25,-0.65,0.57
0.35,-0.65,0.57
0.45,-0.65,0.57
0.55,-0.65,0.57
0.65,-0.65,0.57
0.75,-0.65,0.57
0.85,-0.65,0.57
0.95,-0.65,0.57
0.05,-0.55,0.57
0.15,-0.55,0.57
0.25,-0.55,0.57
0.35,-0.55,0.57
0.45,-0.55,0.57
0.55,-0.55,0.57
0.65,-0.55,0.57
0.75,-0.55,0.57
0.85,-0.55,0.57
0.95,-0.55,0.57
0.05,-0.45,0.57
0.15,-0.45,0.57
0.25,-0.45,0.57
0.35,-0.45,0.57
0.45,-0.45,0.57
0.55,-0.45,0.57
0.65,-0.45,0.57
0.75,-0.45,0.57
0.85,-0.45,0.57
0.95,-0.45,0.57
0.05,-0.35,0.57
0.15,-0.35,0.57
0.25,-0.35,0.57
0.35,-0.35,0.57
0.45,-0.35,0.57
0.55,-0.35,0.57
0.65,-0.35,0.57
0.75,-0.35,0.57
0.85,-0.35,0.57
0.95,-0.35,0.57
0.05,-0.25,0.57
0.15,-0.25,0.57
0.25,-0.25,0.57
0.35,-0.25,0.57
0.45,-0.25,0.57
0.55,-0.25,0.57
0.65,-0.25,0.57
0.75,-0.25,0.57
0.85,-0.25,0.57
0.95,-0.25,0.57
0.05,-0.15,0.57
0.15,-0.15,0.57
0.25,-0.15,0.57
0.35,-0.15,0.57
0.45,-0.15,0.57
0.55,-0.15,0.57
0.65,-0.15,0.57
0.75,-0.15,0.57
0.85,-0.15,0.57
0.95,-0.15,0.57
0.05,-0.05,0.57
0.15,-0.05,0.57
0.25,-0.05,0.57
0.35,-0.05,0.57
0.45,-0.05,0.57
0.55,-0.05,0.57
0.65,-0.05,0.57
0.75,-0.05,0.57
0.85,-0.05,0.57
0.95,-0.05,0.57
0.05,0.05,0.57
0.15,0.05,0.57
0.25,0.05,0.57
0.35,0.05,0.57
0.45,0.05,0.57
0.55,0.05,0.57
0.65,0.05,0.57
0.75,0.05,0.57
0.85,0.05,0.57
0.95,0.05,0.57
0.05,0.15,0.57
0.15,0.15,0.57
0.25,0.15,0.57
0.35,0.15,0.57
0.45,0.15,0.57
0.55,0.15,0.57
0.65,0.15,0.57
0.75,0.15,0.57
0.85,0.15,0.57
0.95,0.15,0.57
0.05,0.25,0.57
0.15,0.25,0.57
0.25,0.25,0.57
0.35,0.25,0.57
0.45,0.25,0.57
0.55,0.25,0.57
0.65,0.25,0.57
0.75,0.25,0.57
0.85,0.25,0.57
0.95,0.25,0.57
0.05,0.35,0.57
0.15,0.35,0.57
0.25,0.35,0.57
0.35,0.35,0.57
0.45,0.35,0.57
0.55,0.35,0.57
0.65,0.35,0.57
0.75,0.35,0.57
0.85,0.35,0.57
0.95,0.35,0.57
0.05,0.45,0.57
0.15,0.45,0.57
0.25,0.45,0.57
0.35,0.45,0.57
0.45,0.45,0.57
0.55,0.45,0.57
0.65,0.45,0.57
0.75,0.45,0.57
0.85,0.45,0.57
0.95,0.45,0.57
0.05,0.55,0.57
0.15,0.55,0.57
0.25,0.55,0.57
0.35,0.55,0.57
0.45,0.55,0.57
0.55,0.55,0.57
0.65,0.55,0.57
0.75,0.55,0.57
0.85,0.55,0.57
0.95,0.55,0.57
0.05,0.65,0.57
0.15,0.65,0.57
0.25,0.65,0.57
0.35,0.65,0.57
0.45,0.65,0.57
0.55,0.65,0.57
0.65,0.65,0.57
0.75,0.65,0.57
0.85,0.65,0.57
0.95,0.65,0.57
0.05,0.75,0.57
0.15,0.75,0.57
0.25,0.75,0.57
0.35,0.75,0.57
0.45,0.75,0.57
0.55,0.75,0.57
0.65,0.75,0.57
0.75,0.75,0.57
0.85,0.75,0.57
0.95,0.75,0.57
0.05,0.85,0.57
0.15,0.85,0.57
0.25,0.85,0.57
0.35,0.85,0.57
0.45,0.85,0.57
0.55,0.85,0.57
0.65,0.85,0.57
0.75,0.85,0.57
0.85,0.85,0.57
0.95,0.85,0.57
0.05,0.95,0.57
0.15,0.95,0.57
0.25,0.95,0.57
0.35,0.95,0.57
0.45,0.95,0.57
0.55,0.95,0.57
0.65,0.95,0.57
0.75,0.95,0.57
0.85,0.95,0.57
0.95,0.95,0.57
0.05,-0.95,0.58
0.15,-0.95,0.58
0.25,-0.95,0.58
0.35,-0.95,0.58
0.45,-0.95,0.58
0.55,-0.95,0.58
0.65,-0.95,0.58
0.75,-0.95,0.58
0.85,-0.95,0.58
0.95,-0.95,0.58
0.05,-0.85,0.58
0.15,-0.85,0.58
0.25,-0.85,0.58
0.35,-0.85,0.58
0.45,-0.85,0.58
0.55,-0.85,0.58
0.65,-0.85,0.58
0.75,-0.85,0.58
0.85,-0.85,0.58
0.95,-0.85,0.58
0.05,-0.75,0.58
0.15,-0.75,0.58
0.25,-0.75,0.58
0.35,-0.75,0.58
0.45,-0.75,0.58
0.55,-0.75,0.58
0.65,-0.75,0.58
0.75,-0.75,0.58
0.85,-0.75,0.58
0.95,-0.75,0.58
0.05,-0.65,0.58
0.15,-0.65,0.58
0.25,-0.65,0.58
0.35,-0.65,0.58
0.45,-0.65,0.58
0.55,-0.65,0.58
0.65,-0.65,0.58
0.75,-0.65,0.58
0.85,-0.65,0.58
0.95,-0.65,0.58
0.05,-0.55,0.58
0.15,-0.55,0.58
0.25,-0.55,0.58
0.35,-0.55,0.58
0.45,-0.55,0.58
0.55,-0.55,0.58
0.65,-0.55,0.58
0.75,-0.55,0.58
0.85,-0.55,0.58
0.95,-0.55,0.58
0.05,-0.45,0.58
0.15,-0.45,0.58
0.25,-0.45,0.58
0.35,-0.45,0.58
0.45,-0.45,0.58
0.55,-0.45,0.58
0.65,-0.45,0.58
0.75,-0.45,0.58
0.85,-0.45,0.58
0.95,-0.45,0.58
0.05,-0.35,0.58
0.15,-0.35,0.58
0.25,-0.35,0.58
0.35,-0.35,0.58
0.45,-0.35,0.58
0.55,-0.35,0.58
0.65,-0.35,0.58
0.75,-0.35,0.58
0.85,-0.35,0.58
0.95,-0.35,0.58
0.05,-0.25,0.58
0.15,-0.25,0.58
0.25,-0.25,0.58
0.35,-0.25,0.58
0.45,-0.25,0.58
0.55,-0.25,0.58
0.65,-0.25,0.58
0.75,-0.25,0.58
0.85,-0.25,0.58
0.95,-0.25,0.58
0.05,-0.15,0.58
0.15,-0.15,0.58
0.25,-0.15,0.58
0.35,-0.15,0.58
0.45,-0.15,0.58
0.55,-0.15,0.58
0.65,-0.15,0.58
0.75,-0.15,0.58
0.85,-0.15,0.58
0.95,-0.15,0.58
0.05,-0.05,0.58
0.15,-0.05,0.58
0.25,-0.05,0.58
0.35,-0.05,0.58
0.45,-0.05,0.58
0.55,-0.05,0.58
0.65,-0.05,0.58
0.75,-0.05,0.58
0.85,-0.05,0.58
0.95,-0.05,0.58
0.05,0.05,0.58
0.15,0.05,0.58
0.25,0.05,0.58
0.35,0.05,0.58
0.45,0.05,0.58
0.55,0.05,0.58
0.65,0.05,0.58
0.75,0.05,0.58
0.85,0.05,0.58
0.95,0.05,0.58
0.05,0.15,0.58
0.15,0.15,0.58
0.25,0.15,0.58
0.35,0.15,0.58
0.45,0.15,0.58
0.55,0.15,0.58
0.65,0.15,0.58
0.75,0.15,0.58
0.85,0.15,0.58
0.95,0.15,0.58
0.05,0.25,0.58
0.15,0.25,0.58
0.25,0.25,0.58
0.35,0.25,0.58
0.45,0.25,0.58
0.55,0.25,0.58
0.65,0.25,0.58
0.75,0.25,0.58
0.85,0.25,0.58
0.95,0.25,0.58
0.05,0.35,0.58
0.15,0.35,0.58
0.25,0.35,0.58
0.35,0.35,0.58
0.45,0.35,0.58
0.55,0.35,0.58
0.65,0.35,0.58
0.75,0.35,0.58
0.85,0.35,0.58
0.95,0.35,0.58
0.05,0.45,0.58
0.15,0.45,0.58
0.25,0.45,0.58
0.35,0.45,0.58
0.45,0.45,0.58
0.55,0.45,0.58
0.65,0.45,0.58
0.75,0.45,0.58
0.85,0.45,0.58
0.95,0.45,0.58
0.05,0.55,0.58
0.15,0.55,0.58
0.25,0.55,0.58
0.35,0.55,0.58
0.45,0.55,0.58
0.55,0.55,0.58
0.65,0.55,0.58
0.75,0.55,0.58
0.85,0.55,0.58
0.95,0.55,0.58
0.05,0.65,0.58
0.15,0.65,0.58
0.25,0.65,0.58
0.35,0.65,0.58
0.45,0.65,0.58
0.55,0.65,0.58
0.65,0.65,0.58
0.75,0.65,0.58
0.85,0.65,0.58
0.95,0.65,0.58
0.05,0.75,0.58
0.15,0.75,0.58
0.25,0.75,0.58
0.35,0.75,0.58
0.45,0.75,0.58
0.55,0.75,0.58
0.65,0.75,0.58
0.75,0.75,0.58
0.85,0.75,0.58
0.95,0.75,0.58
0.05,0.85,0.58
0.15,0.85,0.58
0.25,0.85,0.58
0.35,0.85,0.58
0.45,0.85,0.58
0.55,0.85,0.58
0.65,0.85,0.58
0.75,0.85,0.58
0.85,0.85,0.58
0.95,0.85,0.58
0.05,0.95,0.58
0.15,0.95,0.58
0.25,0.95,0.58
0.35,0.95,0.58
0.45,0.95,0.58
0.55,0.95,0.58
0.65,0.95,0.58
0.75,0.95,0.58
0.85,0.95,0.58
0.95,0.95,0.58
0.05,-0.95,0.59
0.15,-0.95,0.59
0.25,-0.95,0.59
0.35,-0.95,0.59
0.45,-0.95,0.59
0.55,-0.95,0.59
0.65,-0.95,0.59
0.75,-0.95,0.59
0.85,-0.95,0.59
0.95,-0.95,0.59
0.05,-0.85,0.59
0.15,-0.85,0.59
0.25,-0.85,0.59
0.35,-0.85,0.59
0.45,-0.85,0.59
0.55,-0.85,0.59
0.65,-0.85,0.59
0.75,-0.85,0.59
0.85,-0.85,0.59
0.95,-0.85,0.59
0.05,-0.75,0.59
0.15,-0.75,0.59
0.25,-0.75,0.59
0.35,-0.75,0.59
0.45,-0.75,0.59
0.55,-0.75,0.59
0.65,-0.75,0.59
0.75,-0.75,0.59
0.85,-0.75,0.59
0.95,-0.75,0.59
0.05,-0.65,0.59
0.15,-0.65,0.59
0.25,-0.65,0.59
0.35,-0.65,0.59
0.45,-0.65,0.59
0.55,-0.65,0.59
0.65,-0.65,0.59
0.75,-0.65,0.59
0.85,-0.65,0.59
0.95,-0.65,0.59
0.05,-0.55,0.59
0.15,-0.55,0.59
0.25,-0.55,0.59
0.35,-0.55,0.59
0.45,-0.55,0.59
0.55,-0.55,0.59
0.65,-0.55,0.59
0.75,-0.55,0.59
0.85,-0.55,0.59
0.95,-0.55,0.59
0.05,-0.45,0.59
0.15,-0.45,0.59
0.25,-0.45,0.59
0.35,-0.45,0.59
0.45,-0.45,0.59
0.55,-0.45,0.59
0.65,-0.45,0.59
0.75,-0.45,0.59
0.85,-0.45,0.59
0.95,-0.45,0.59
0.05,-0.35,0.59
0.15,-0.35,0.59
0.25,-0.35,0.59
0.35,-0.35,0.59
0.45,-0.35,0.59
0.55,-0.35,0.59
0.65,-0.35,0.59
0.75,-0.35,0.59
0.85,-0.35,0.59
0.95,-0.35,0.59
0.05,-0.25,0.59
0.15,-0.25,0.59
0.25,-0.25,0.59
0.35,-0.25,0.59
0.45,-0.25,0.59
0.55,-0.25,0.59
0.65,-0.25,0.59
0.75,-0.25,0.59
0.85,-0.25,0.59
0.95,-0.25,0.59
0.05,-0.15,0.59
0.15,-0.15,0.59
0.25,-0.15,0.59
0.35,-0.15,0.59
0.45,-0.15,0.59
0.55,-0.15,0.59
0.65,-0.15,0.59
0.75,-0.15,0.59
0.85,-0.15,0.59
0.95,-0.15,0.59
0.05,-0.05,0.59
0.15,-0.05,0.59
0.25,-0.05,0.59
0.35,-0.05,0.59
0.45,-0.05,0.59
0.55,-0.05,0.59
0.65,-0.05,0.59
0.75,-0.05,0.59
0.85,-0.05,0.59
0.95,-0.05,0.59
0.05,0.05,0.59
0.15,0.05,0.59
0.25,0.05,0.59
0.35,0.05,0.59
0.45,0.05,0.59
0.55,0.05,0.59
0.65,0.05,0.59
0.75,0.05,0.59
0.85,0.05,0.59
0.95,0.05,0.59
0.05,0.15,0.59
0.15,0.15,0.59
0.25,0.15,0.59
0.35,0.15,0.59
0.45,0.15,0.59
0.55,0.15,0.59
0.65,0.15,0.59
0.75,0.15,0.59
0.85,0.15,0.59
0.95,0.15,0.59
0.05,0.25,0.59
0.15,0.25,0.59
0.25,0.25,0.59
0.35,0.25,0.59
0.45,0.25,0.59
0.55,0.25,0.59
0.65,0.25,0.59
0.75,0.25,0.59
0.85,0.25,0.59
0.95,0.25,0.59
0.05,0.35,0.59
0.15,0.35,0.59
0.25,0.35,0.59
0.35,0.35,0.59
0.45,0.35,0.59
0.55,0.35,0.59
0.65,0.35,0.59
0.75,0.35,0.59
0.85,0.35,0.59
0.95,0.35,0.59
0.05,0.45,0.59
0.15,0.45,0.59
0.25,0.45,0.59
0.35,0.45,0.59
0.45,0.45,0.59
0.55,0.45,0.59
0.65,0.45,0.59
0.75,0.45,0.59
0.85,0.45,0.59
0.95,0.45,0.59
0.05,0.55,0.59
0.15,0.55,0.59
0.25,0.55,0.59
0.35,0.55,0.59
0.45,0.55,0.59
0.55,0.55,0.59
0.65,0.55,0.59
0.75,0.55,0.59
0.85,0.55,0.59
0.95,0.55,0.59
0.05,0.65,0.59
0.15,0.65,0.59
0.25,0.65,0.59
0.35,0.65,0.59
0.45,0.65,0.59
0.55,0.65,0.59
0.65,0.65,0.59
0.75,0.65,0.59
0.85,0.65,0.59
0.95,0.65,0.59
0.05,0.75,0.59
0.15,0.75,0.59
0.25,0.75,0.59
0.35,0.75,0.59
0.45,0.75,0.59
0.55,0.75,0.59
0.65,0.75,0.59
0.75,0.75,0.59
0.85,0.75,0.59
0.95,0.75,0.59
0.05,0.85,0.59
0.15,0.85,0.59
0.25,0.85,0.59
0.35,0.85,0.59
0.45,0.85,0.59
0.55,0.85,0.59
0.65,0.85,0.59
0.75,0.85,0.59
0.85,0.85,0.59
0.95,0.85,0.59
0.05,0.95,0.59
0.15,0.95,0.59
0.25,0.95,0.59
0.35,0.95,0.59
0.45,0.95,0.59
0.55,0.95,0.59
0.65,0.95,0.59
0.75,0.95,0.59
0.85,0.95,0.59
0.95,0.95,0.59
0.05,-0.95,0.6
0.15,-0.95,0.6
0.25,-0.95,0.6
0.35,-0.95,0.6
0.45,-0.95,0.6
0.55,-0.95,0.6
0.65,-0.95,0.6
0.75,-0.95,0.6
0.85,-0.95,0.6
0.95,-0.95,0.6
0.05,-0.85,0.6
0.15,-0.85,0.6
0.25,-0.85,0.6
0.35,-0.85,0.6
0.45,-0.85,0.6
0.55,-0.85,0.6
0.65,-0.85,0.6
0.75,-0.85,0.6
0.85,-0.85,0.6
0.95,-0.85,0.6
0.05,-0.75,0.6
0.15,-0.75,0.6
0.25,-0.75,0.6
0.35,-0.75,0.6
0.45,-0.75,0.6
0.55,-0.75,0.6
0.65,-0.75,0.6
0.75,-0.75,0.6
0.85,-0.75,0.6
0.95,-0.75,0.6
0.05,-0.65,0.6
0.15,-0.65,0.6
0.25,-0.65,0.6
0.35,-0.65,0.6
0.45,-0.65,0.6
0.55,-0.65,0.6
0.65,-0.65,0.6
0.75,-0.65,0.6
0.85,-0.65,0.6
0.95,-0.65,0.6
0.05,-0.55,0.6
0.15,-0.55,0.6
0.25,-0.55,0.6
0.35,-0.55,0.6
0.45,-0.55,0.6
0.55,-0.55,0.6
0.65,-0.55,0.6
0.75,-0.55,0.6
0.85,-0.55,0.6
0.95,-0.55,0.6
0.05,-0.45,0.6
0.15,-0.45,0.6
0.25,-0.45,0.6
0.35,-0.45,0.6
0.45,-0.45,0.6
0.55,-0.45,0.6
0.65,-0.45,0.6
0.75,-0.45,0.6
0.85,-0.45,0.6
0.95,-0.45,0.6
0.05,-0.35,0.6
0.15,-0.35,0.6
0.25,-0.35,0.6
0.35,-0.35,0.6
0.45,-0.35,0.6
0.55,-0.35,0.6
0.65,-0.35,0.6
0.75,-0.35,0.6
0.85,-0.35,0.6
0.95,-0.35,0.6
0.05,-0.25,0.6
0.15,-0.25,0.6
0.25,-0.25,0.6
0.35,-0.25,0.6
0.45,-0.25,0.6
0.55,-0.25,0.6
0.65,-0.25,0.6
0.75,-0.25,0.6
0.85,-0.25,0.6
0.95,-0.25,0.6
0.05,-0.15,0.6
0.15,-0.15,0.6
0.25,-0.15,0.6
0.35,-0.15,0.6
0.45,-0.15,0.6
0.55,-0.15,0.6
0.65,-0.15,0.6
0.75,-0.15,0.6
0.85,-0.15,0.6
0.95,-0.15,0.6
0.05,-0.05,0.6
0.15,-0.05,0.6
0.25,-0.05,0.6
0.35,-0.05,0.6
0.45,-0.05,0.6
0.55,-0.05,0.6
0.65,-0.05,0.6
0.75,-0.05,0.6
0.85,-0.05,0.6
0.95,-0.05,0.6
0.05,0.05,0.6
0.15,0.05,0.6
0.25,0.05,0.6
0.35,0.05,0.6
0.45,0.05,0.6
0.55,0.05,0.6
0.65,0.05,0.6
0.75,0.05,0.6
0.85,0.05,0.6
0.95,0.05,0.6
0.05,0.15,0.6
0.15,0.15,0.6
0.25,0.15,0.6
0.35,0.15,0.6
0.45,0.15,0.6
0.55,0.15,0.6
0.65,0.15,0.6
0.75,0.15,0.6
0.85,0.15,0.6
0.95,0.15,0.6
0.05,0.25,0.6
0.15,0.25,0.6
0.25,0.25,0.6
0.35,0.25,0.6
0.45,0.25,0.6
0.55,0.25,0.6
0.65,0.25,0.6
0.75,0.25,0.6
0.85,0.25,0.6
0.95,0.25,0.6
0.05,0.35,0.6
0.15,0.35,0.6
0.25,0.35,0.6
0.35,0.35,0.6
0.45,0.35,0.6
0.55,0.35,0.6
0.65,0.35,0.6
0.75,0.35,0.6
0.85,0.35,0.6
0.95,0.35,0.6
0.05,0.45,0.6
0.15,0.45,0.6
0.25,0.45,0.6
0.35,0.45,0.6
0.45,0.45,0.6
0.55,0.45,0.6
0.65,0.45,0.6
0.75,0.45,0.6
0.85,0.45,0.6
0.95,0.45,0.6
0.05,0.55,0.6
0.15,0.55,0.6
0.25,0.55,0.6
0.35,0.55,0.6
0.45,0.55,0.6
0.55,0.55,0.6
0.65,0.55,0.6
0.75,0.55,0.6
0.85,0.55,0.6
0.95,0.55,0.6
0.05,0.65,0.6
0.15,0.65,0.6
0.25,0.65,0.6
0.35,0.65,0.6
0.45,0.65,0.6
0.55,0.65,0.6
0.65,0.65,0.6
0.75,0.65,0.6
0.85,0.65,0.6
0.95,0.65,0.6
0.05,0.75,0.6
0.15,0.75,0.6
0.25,0.75,0.6
0.35,0.75,0.6
0.45,0.75,0.6
0.55,0.75,0.6
0.65,0.75,0.6
0.75,0.75,0.6
0.85,0.75,0.6
0.95,0.75,0.6
0.05,0.85,0.6
0.15,0.85,0.6
0.25,0.85,0.6
0.35,0.85,0.6
0.45,0.85,0.6
0.55,0.85,0.6
0.65,0.85,0.6
0.75,0.85,0.6
0.85,0.85,0.6
0.95,0.85,0.6
0.05,0.95,0.6
0.15,0.95,0.6
0.25,0.95,0.6
0.35,0.95,0.6
0.45,0.95,0.6
0.55,0.95,0.6
0.65,0.95,0.6
0.75,0.95,0.6
0.85,0.95,0.6
0.95,0.95,0.6
0.05,-0.95,0.61
0.15,-0.95,0.61
0.25,-0.95,0.61
0.35,-0.95,0.61
0.45,-0.95,0.61
0.55,-0.95,0.61
0.65,-0.95,0.61
0.75,-0.95,0.61
0.85,-0.95,0.61
0.95,-0.95,0.61
0.05,-0.85,0.61
0.15,-0.85,0.61
0.25,-0.85,0.61
0.35,-0.85,0.61
0.45,-0.85,0.61
0.55,-0.85,0.61
0.65,-0.85,0.61
0.75,-0.85,0.61
0.85,-0.85,0.61
0.95,-0.85,0.61
0.05,-0.75,0.61
0.15,-0.75,0.61
0.25,-0.75,0.61
0.35,-0.75,0.61
0.45,-0.75,0.61
0.55,-0.75,0.61
0.65,-0.75,0.61
0.75,-0.75,0.61
0.85,-0.75,0.61
0.95,-0.75,0.61
0.05,-0.65,0.61
0.15,-0.65,0.61
0.25,-0.65,0.61
0.35,-0.65,0.61
0.45,-0.65,0.61
0.55,-0.65,0.61
0.65,-0.65,0.61
0.75,-0.65,0.61
0.85,-0.65,0.61
0.95,-0.65,0.61
0.05,-0.55,0.61
0.15,-0.55,0.61
0.25,-0.55,0.61
0.35,-0.55,0.61
0.45,-0.55,0.61
0.55,-0.55,0.61
0.65,-0.55,0.61
0.75,-0.55,0.61
0.85,-0.55,0.61
0.95,-0.55,0.61
0.05,-0.45,0.61
0.15,-0.45,0.61
0.25,-0.45,0.61
0.35,-0.45,0.61
0.45,-0.45,0.61
0.55,-0.45,0.61
0.65,-0.45,0.61
0.75,-0.45,0.61
0.85,-0.45,0.61
0.95,-0.45,0.61
0.05,-0.35,0.61
0.15,-0.35,0.61
0.25,-0.35,0.61
0.35,-0.35,0.61
0.45,-0.35,0.61
0.55,-0.35,0.61
0.65,-0.35,0.61
0.75,-0.35,0.61
0.85,-0.35,0.61
0.95,-0.35,0.61
0.05,-0.25,0.61
0.15,-0.25,0.61
0.25,-0.25,0.61
0.35,-0.25,0.61
0.45,-0.25,0.61
0.55,-0.25,0.61
0.65,-0.25,0.61
0.75,-0.25,0.61
0.85,-0.25,0.61
0.95,-0.25,0.61
0.05,-0.15,0.61
0.15,-0.15,0.61
0.25,-0.15,0.61
0.35,-0.15,0.61
0.45,-0.15,0.61
0.55,-0.15,0.61
0.65,-0.15,0.61
0.75,-0.15,0.61
0.85,-0.15,0.61
0.95,-0.15,0.61
0.05,-0.05,0.61
0.15,-0.05,0.61
0.25,-0.05,0.61
0.35,-0.05,0.61
0.45,-0.05,0.61
0.55,-0.05,0.61
0.65,-0.05,0.61
0.75,-0.05,0.61
0.85,-0.05,0.61
0.95,-0.05,0.61
0.05,0.05,0.61
0.15,0.05,0.61
0.25,0.05,0.61
0.35,0.05,0.61
0.45,0.05,0.61
0.55,0.05,0.61
0.65,0.05,0.61
0.75,0.05,0.61
0.85,0.05,0.61
0.95,0.05,0.61
0.05,0.15,0.61
0.15,0.15,0.61
0.25,0.15,0.61
0.35,0.15,0.61
0.45,0.15,0.61
0.55,0.15,0.61
0.65,0.15,0.61
0.75,0.15,0.61
0.85,0.15,0.61
0.95,0.15,0.61
0.05,0.25,0.61
0.15,0.25,0.61
0.25,0.25,0.61
0.35,0.25,0.61
0.45,0.25,0.61
0.55,0.25,0.61
0.65,0.25,0.61
0.75,0.25,0.61
0.85,0.25,0.61
0.95,0.25,0.61
0.05,0.35,0.61
0.15,0.35,0.61
0.25,0.35,0.61
0.35,0.35,0.61
0.45,0.35,0.61
0.55,0.35,0.61
0.65,0.35,0.61
0.75,0.35,0.61
0.85,0.35,0.61
0.95,0.35,0.61
0.05,0.45,0.61
0.15,0.45,0.61
0.25,0.45,0.61
0.35,0.45,0.61
0.45,0.45,0.61
0.55,0.45,0.61
0.65,0.45,0.61
0.75,0.45,0.61
0.85,0.45,0.61
0.95,0.45,0.61
0.05,0.55,0.61
0.15,0.55,0.61
0.25,0.55,0.61
0.35,0.55,0.61
0.45,0.55,0.61
0.55,0.55,0.61
0.65,0.55,0.61
0.75,0.55,0.61
0.85,0.55,0.61
0.95,0.55,0.61
0.05,0.65,0.61
0.15,0.65,0.61
0.25,0.65,0.61
0.35,0.65,0.61
0.45,0.65,0.61
0.55,0.65,0.61
0.65,0.65,0.61
0.75,0.65,0.61
0.85,0.65,0.61
0.95,0.65,0.61
0.05,0.75,0.61
0.15,0.75,0.61
0.25,0.75,0.61
0.35,0.75,0.61
0.45,0.75,0.61
0.55,0.75,0.61
0.65,0.75,0.61
0.75,0.75,0.61
0.85,0.75,0.61
0.95,0.75,0.61
0.05,0.85,0.61
0.15,0.85,0.61
0.25,0.85,0.61
0.35,0.85,0.61
0.45,0.85,0.61
0.55,0.85,0.61
0.65,0.85,0.61
0.75,0.85,0.61
0.85,0.85,0.61
0.95,0.85,0.61
0.05,0.95,0.61
0.15,0.95,0.61
0.25,0.95,0.61
0.35,0.95,0.61
0.45,0.95,0.61
0.55,0.95,0.61
0.65,0.95,0.61
0.75,0.95,0.61
0.85,0.95,0.61
0.95,0.95,0.61
0.05,-0.95,0.62
0.15,-0.95,0.62
0.25,-0.95,0.62
0.35,-0.95,0.62
0.45,-0.95,0.62
0.55,-0.95,0.62
0.65,-0.95,0.62
0.75,-0.95,0.62
0.85,-0.95,0.62
0.95,-0.95,0.62
0.05,-0.85,0.62
0.15,-0.85,0.62
0.25,-0.85,0.62
0.35,-0.85,0.62
0.45,-0.85,0.62
0.55,-0.85,0.62
0.65,-0.85,0.62
0.75,-0.85,0.62
0.85,-0.85,0.62
0.95,-0.85,0.62
0.05,-0.75,0.62
0.15,-0.75,0.62
0.25,-0.75,0.62
0.35,-0.75,0.62
0.45,-0.75,0.62
0.55,-0.75,0.62
0.65,-0.75,0.62
0.75,-0.75,0.62
0.85,-0.75,0.62
0.95,-0.75,0.62
0.05,-0.65,0.62
0.15,-0.65,0.62
0.25,-0.65,0.62
0.35,-0.65,0.62
0.45,-0.65,0.62
0.55,-0.65,0.62
0.65,-0.65,0.62
0.75,-0.65,0.62
0.85,-0.65,0.62
0.95,-0.65,0.62
0.05,-0.55,0.62
0.15,-0.55,0.62
0.25,-0.55,0.62
0.35,-0.55,0.62
0.45,-0.55,0.62
0.55,-0.55,0.62
0.65,-0.55,0.62
0.75,-0.55,0.62
0.85,-0.55,0.62
0.95,-0.55,0.62
0.05,-0.45,0.62
0.15,-0.45,0.62
0.25,-0.45,0.62
0.35,-0.45,0.62
0.45,-0.45,0.62
0.55,-0.45,0.62
0.65,-0.45,0.62
0.75,-0.45,0.62
0.85,-0.45,0.62
0.95,-0.45,0.62
0.05,-0.35,0.62
0.15,-0.35,0.62
0.25,-0.35,0.62
0.35,-0.35,0.62
0.45,-0.35,0.62
0.55,-0.35,0.62
0.65,-0.35,0.62
0.75,-0.35,0.62
0.85,-0.35,0.62
0.95,-0.35,0.62
0.05,-0.25,0.62
0.15,-0.25,0.62
0.25,-0.25,0.62
0.35,-0.25,0.62
0.45,-0.25,0.62
0.55,-0.25,0.62
0.65,-0.25,0.62
0.75,-0.25,0.62
0.85,-0.25,0.62
0.95,-0.25,0.62
0.05,-0.15,0.62
0.15,-0.15,0.62
0.25,-0.15,0.62
0.35,-0.15,0.62
0.45,-0.15,0.62
0.55,-0.15,0.62
0.65,-0.15,0.62
0.75,-0.15,0.62
0.85,-0.15,0.62
0.95,-0.15,0.62
0.05,-0.05,0.62
0.15,-0.05,0.62
0.25,-0.05,0.62
0.35,-0.05,0.62
0.45,-0.05,0.62
0.55,-0.05,0.62
0.65,-0.05,0.62
0.75,-0.05,0.62
0.85,-0.05,0.62
0.95,-0.05,0.62
0.05,0.05,0.62
0.15,0.05,0.62
0.25,0.05,0.62
0.35,0.05,0.62
0.45,0.05,0.62
0.55,0.05,0.62
0.65,0.05,0.62
0.75,0.05,0.62
0.85,0.05,0.62
0.95,0.05,0.62
0.05,0.15,0.62
0.15,0.15,0.62
0.25,0.15,0.62
0.35,0.15,0.62
0.45,0.15,0.62
0.55,0.15,0.62
0.65,0.15,0.62
0.75,0.15,0.62
0.85,0.15,0.62
0.95,0.15,0.62
0.05,0.25,0.62
0.15,0.25,0.62
0.25,0.25,0.62
0.35,0.25,0.62
0.45,0.25,0.62
0.55,0.25,0.62
0.65,0.25,0.62
0.75,0.25,0.62
0.85,0.25,0.62
0.95,0.25,0.62
0.05,0.35,0.62
0.15,0.35,0.62
0.25,0.35,0.62
0.35,0.35,0.62
0.45,0.35,0.62
0.55,0.35,0.62
0.65,0.35,0.62
0.75,0.35,0.62
0.85,0.35,0.62
0.95,0.35,0.62
0.05,0.45,0.62
0.15,0.45,0.62
0.25,0.45,0.62
0.35,0.45,0.62
0.45,0.45,0.62
0.55,0.45,0.62
0.65,0.45,0.62
0.75,0.45,0.62
0.85,0.45,0.62
0.95,0.45,0.62
0.05,0.55,0.62
0.15,0.55,0.62
0.25,0.55,0.62
0.35,0.55,0.62
0.45,0.55,0.62
0.55,0.55,0.62
0.65,0.55,0.62
0.75,0.55,0.62
0.85,0.55,0.62
0.95,0.55,0.62
0.05,0.65,0.62
0.15,0.65,0.62
0.25,0.65,0.62
0.35,0.65,0.62
0.45,0.65,0.62
0.55,0.65,0.62
0.65,0.65,0.62
0.75,0.65,0.62
0.85,0.65,0.62
0.95,0.65,0.62
0.05,0.75,0.62
0.15,0.75,0.62
0.25,0.75,0.62
0.35,0.75,0.62
0.45,0.75,0.62
0.55,0.75,0.62
0.65,0.75,0.62
0.75,0.75,0.62
0.85,0.75,0.62
0.95,0.75,0.62
0.05,0.85,0.62
0.15,0.85,0.62
0.25,0.85,0.62
0.35,0.85,0.62
0.45,0.85,0.62
0.55,0.85,0.62
0.65,0.85,0.62
0.75,0.85,0.62
0.85,0.85,0.62
0.95,0.85,0.62
0.05,0.95,0.62
0.15,0.95,0.62
0.25,0.95,0.62
0.35,0.95,0.62
0.45,0.95,0.62
0.55,0.95,0.62
0.65,0.95,0.62
0.75,0.95,0.62
0.85,0.95,0.62
0.95,0.95,0.62
0.05,-0.95,0.63
0.15,-0.95,0.63
0.25,-0.95,0.63
0.35,-0.95,0.63
0.45,-0.95,0.63
0.55,-0.95,0.63
0.65,-0.95,0.63
0.75,-0.95,0.63
0.85,-0.95,0.63
0.95,-0.95,0.63
0.05,-0.85,0.63
0.15,-0.85,0.63
0.25,-0.85,0.63
0.35,-0.85,0.63
0.45,-0.85,0.63
0.55,-0.85,0.63
0.65,-0.85,0.63
0.75,-0.85,0.63
0.85,-0.85,0.63
0.95,-0.85,0.63
0.05,-0.75,0.63
0.15,-0.75,0.63
0.25,-0.75,0.63
0.35,-0.75,0.63
0.45,-0.75,0.63
0.55,-0.75,0.63
0.65,-0.75,0.63
0.75,-0.75,0.63
0.85,-0.75,0.63
0.95,-0.75,0.63
0.05,-0.65,0.63
0.15,-0.65,0.63
0.25,-0.65,0.63
0.35,-0.65,0.63
0.45,-0.65,0.63
0.55,-0.65,0.63
0.65,-0.65,0.63
0.75,-0.65,0.63
0.85,-0.65,0.63
0.95,-0.65,0.63
0.05,-0.55,0.63
0.15,-0.55,0.63
0.25,-0.55,0.63
0.35,-0.55,0.63
0.45,-0.55,0.63
0.55,-0.55,0.63
0.65,-0.55,0.63
0.75,-0.55,0.63
0.85,-0.55,0.63
0.95,-0.55,0.63
0.05,-0.45,0.63
0.15,-0.45,0.63
0.25,-0.45,0.63
0.35,-0.45,0.63
0.45,-0.45,0.63
0.55,-0.45,0.63
0.65,-0.45,0.63
0.75,-0.45,0.63
0.85,-0.45,0.63
0.95,-0.45,0.63
0.05,-0.35,0.63
0.15,-0.35,0.63
0.25,-0.35,0.63
0.35,-0.35,0.63
0.45,-0.35,0.63
0.55,-0.35,0.63
0.65,-0.35,0.63
0.75,-0.35,0.63
0.85,-0.35,0.63
0.95,-0.35,0.63
0.05,-0.25,0.63
0.15,-0.25,0.63
0.25,-0.25,0.63
0.35,-0.25,0.63
0.45,-0.25,0.63
0.55,-0.25,0.63
0.65,-0.25,0.63
0.75,-0.25,0.63
0.85,-0.25,0.63
0.95,-0.25,0.63
0.05,-0.15,0.63
0.15,-0.15,0.63
0.25,-0.15,0.63
0.35,-0.15,0.63
0.45,-0.15,0.63
0.55,-0.15,0.63
0.65,-0.15,0.63
0.75,-0.15,0.63
0.85,-0.15,0.63
0.95,-0.15,0.63
0.05,-0.05,0.63
0.15,-0.05,0.63
0.25,-0.05,0.63
0.35,-0.05,0.63
0.45,-0.05,0.63
0.55,-0.05,0.63
0.65,-0.05,0.63
0.75,-0.05,0.63
0.85,-0.05,0.63
0.95,-0.05,0.63
0.05,0.05,0.63
0.15,0.05,0.63
0.25,0.05,0.63
0.35,0.05,0.63
0.45,0.05,0.63
0.55,0.05,0.63
0.65,0.05,0.63
0.75,0.05,0.63
0.85,0.05,0.63
0.95,0.05,0.63
0.05,0.15,0.63
0.15,0.15,0.63
0.25,0.15,0.63
0.35,0.15,0.63
0.45,0.15,0.63
0.55,0.15,0.63
0.65,0.15,0.63
0.75,0.15,0.63
0.85,0.15,0.63
0.95,0.15,0.63
0.05,0.25,0.63
0.15,0.25,0.63
0.25,0.25,0.63
0.35,0.25,0.63
0.45,0.25,0.63
0.55,0.25,0.63
0.65,0.25,0.63
0.75,0.25,0.63
0.85,0.25,0.63
0.95,0.25,0.63
0.05,0.35,0.63
0.15,0.35,0.63
0.25,0.35,0.63
0.35,0.35,0.63
0.45,0.35,0.63
0.55,0.35,0.63
0.65,0.35,0.63
0.75,0.35,0.63
0.85,0.35,0.63
0.95,0.35,0.63
0.05,0.45,0.63
0.15,0.45,0.63
0.25,0.45,0.63
0.35,0.45,0.63
0.45,0.45,0.63
0.55,0.45,0.63
0.65,0.45,0.63
0.75,0.45,0.63
0.85,0.45,0.63
0.95,0.45,0.63
0.05,0.55,0.63
0.15,0.55,0.63
0.25,0.55,0.63
0.35,0.55,0.63
0.45,0.55,0.63
0.55,0.55,0.63
0.65,0.55,0.63
0.75,0.55,0.63
0.85,0.55,0.63
0.95,0.55,0.63
0.05,0.65,0.63
0.15,0.65,0.63
0.25,0.65,0.63
0.35,0.65,0.63
0.45,0.65,0.63
0.55,0.65,0.63
0.65,0.65,0.63
0.75,0.65,0.63
0.85,0.65,0.63
0.95,0.65,0.63
0.05,0.75,0.63
0.15,0.75,0.63
0.25,0.75,0.63
0.35,0.75,0.63
0.45,0.75,0.63
0.55,0.75,0.63
0.65,0.75,0.63
0.75,0.75,0.63
0.85,0.75,0.63
0.95,0.75,0.63
0.05,0.85,0.63
0.15,0.85,0.63
0.25,0.85,0.63
0.35,0.85,0.63
0.45,0.85,0.63
0.55,0.85,0.63
0.65,0.85,0.63
0.75,0.85,0.63
0.85,0.85,0.63
0.95,0.85,0.63
0.05,0.95,0.63
0.15,0.95,0.63
0.25,0.95,0.63
0.35,0.95,0.63
0.45,0.95,0.63
0.55,0.95,0.63
0.65,0.95,0.63
0.75,0.95,0.63
0.85,0.95,0.63
0.95,0.95,0.63
0.05,-0.95,0.64
0.15,-0.95,0.64
0.25,-0.95,0.64
0.35,-0.95,0.64
0.45,-0.95,0.64
0.55,-0.95,0.64
0.65,-0.95,0.64
0.75,-0.95,0.64
0.85,-0.95,0.64
0.95,-0.95,0.64
0.05,-0.85,0.64
0.15,-0.85,0.64
0.25,-0.85,0.64
0.35,-0.85,0.64
0.45,-0.85,0.64
0.55,-0.85,0.64
0.65,-0.85,0.64
0.75,-0.85,0.64
0.85,-0.85,0.64
0.95,-0.85,0.64
0.05,-0.75,0.64
0.15,-0.75,0.64
0.25,-0.75,0.64
0.35,-0.75,0.64
0.45,-0.75,0.64
0.55,-0.75,0.64
0.65,-0.75,0.64
0.75,-0.75,0.64
0.85,-0.75,0.64
0.95,-0.75,0.64
0.05,-0.65,0.64
0.15,-0.65,0.64
0.25,-0.65,0.64
0.35,-0.65,0.64
0.45,-0.65,0.64
0.55,-0.65,0.64
0.65,-0.65,0.64
0.75,-0.65,0.64
0.85,-0.65,0.64
0.95,-0.65,0.64
0.05,-0.55,0.64
0.15,-0.55,0.64
0.25,-0.55,0.64
0.35,-0.55,0.64
0.45,-0.55,0.64
0.55,-0.55,0.64
0.65,-0.55,0.64
0.75,-0.55,0.64
0.85,-0.55,0.64
0.95,-0.55,0.64
0.05,-0.45,0.64
0.15,-0.45,0.64
0.25,-0.45,0.64
0.35,-0.45,0.64
0.45,-0.45,0.64
0.55,-0.45,0.64
0.65,-0.45,0.64
0.75,-0.45,0.64
0.85,-0.45,0.64
0.95,-0.45,0.64
0.05,-0.35,0.64
0.15,-0.35,0.64
0.25,-0.35,0.64
0.35,-0.35,0.64
0.45,-0.35,0.64
0.55,-0.35,0.64
0.65,-0.35,0.64
0.75,-0.35,0.64
0.85,-0.35,0.64
0.95,-0.35,0.64
0.05,-0.25,0.64
0.15,-0.25,0.64
0.25,-0.25,0.64
0.35,-0.25,0.64
0.45,-0.25,0.64
0.55,-0.25,0.64
0.65,-0.25,0.64
0.75,-0.25,0.64
0.85,-0.25,0.64
0.95,-0.25,0.64
0.05,-0.15,0.64
0.15,-0.15,0.64
0.25,-0.15,0.64
0.35,-0.15,0.64
0.45,-0.15,0.64
0.55,-0.15,0.64
0.65,-0.15,0.64
0.75,-0.15,0.64
0.85,-0.15,0.64
0.95,-0.15,0.64
0.05,-0.05,0.64
0.15,-0.05,0.64
0.25,-0.05,0.64
0.35,-0.05,0.64
0.45,-0.05,0.64
0.55,-0.05,0.64
0.65,-0.05,0.64
0.75,-0.05,0.64
0.85,-0.05,0.64
0.95,-0.05,0.64
0.05,0.05,0.64
0.15,0.05,0.64
0.25,0.05,0.64
0.35,0.05,0.64
0.45,0.05,0.64
0.55,0.05,0.64
0.65,0.05,0.64
0.75,0.05,0.64
0.85,0.05,0.64
0.95,0.05,0.64
0.05,0.15,0.64
0.15,0.15,0.64
0.25,0.15,0.64
0.35,0.15,0.64
0.45,0.15,0.64
0.55,0.15,0.64
0.65,0.15,0.64
0.75,0.15,0.64
0.85,0.15,0.64
0.95,0.15,0.64
0.05,0.25,0.64
0.15,0.25,0.64
0.25,0.25,0.64
0.35,0.25,0.64
0.45,0.25,0.64
0.55,0.25,0.64
0.65,0.25,0.64
0.75,0.25,0.64
0.85,0.25,0.64
0.95,0.25,0.64
0.05,0.35,0.64
0.15,0.35,0.64
0.25,0.35,0.64
0.35,0.35,0.64
0.45,0.35,0.64
0.55,0.35,0.64
0.65,0.35,0.64
0.75,0.35,0.64
0.85,0.35,0.64
0.95,0.35,0.64
0.05,0.45,0.64
0.15,0.45,0.64
0.25,0.45,0.64
0.35,0.45,0.64
0.45,0.45,0.64
0.55,0.45,0.64
0.65,0.45,0.64
0.75,0.45,0.64
0.85,0.45,0.64
0.95,0.45,0.64
0.05,0.55,0.64
0.15,0.55,0.64
0.25,0.55,0.64
0.35,0.55,0.64
0.45,0.55,0.64
0.55,0.55,0.64
0.65,0.55,0.64
0.75,0.55,0.64
0.85,0.55,0.64
0.95,0.55,0.64
0.05,0.65,0.64
0.15,0.65,0.64
0.25,0.65,0.64
0.35,0.65,0.64
0.45,0.65,0.64
0.55,0.65,0.64
0.65,0.65,0.64
0.75,0.65,0.64
0.85,0.65,0.64
0.95,0.65,0.64
0.05,0.75,0.64
0.15,0.75,0.64
0.25,0.75,0.64
0.35,0.75,0.64
0.45,0.75,0.64
0.55,0.75,0.64
0.65,0.75,0.64
0.75,0.75,0.64
0.85,0.75,0.64
0.95,0.75,0.64
0.05,0.85,0.64
0.15,0.85,0.64
0.25,0.85,0.64
0.35,0.85,0.64
0.45,0.85,0.64
0.55,0.85,0.64
0.65,0.85,0.64
0.75,0.85,0.64
0.85,0.85,0.64
0.95,0.85,0.64
0.05,0.95,0.64
0.15,0.95,0.64
0.25,0.95,0.64
0.35,0.95,0.64
0.45,0.95,0.64
0.55,0.95,0.64
0.65,0.95,0.64
0.75,0.95,0.64
0.85,0.95,0.64
0.95,0.95,0.64
0.05,-0.95,0.65
0.15,-0.95,0.65
0.25,-0.95,0.65
0.35,-0.95,0.65
0.45,-0.95,0.65
0.55,-0.95,0.65
0.65,-0.95,0.65
0.75,-0.95,0.65
0.85,-0.95,0.65
0.95,-0.95,0.65
0.05,-0.85,0.65
0.15,-0.85,0.65
0.25,-0.85,0.65
0.35,-0.85,0.65
0.45,-0.85,0.65
0.55,-0.85,0.65
0.65,-0.85,0.65
0.75,-0.85,0.65
0.85,-0.85,0.65
0.95,-0.85,0.65
0.05,-0.75,0.65
0.15,-0.75,0.65
0.25,-0.75,0.65
0.35,-0.75,0.65
0.45,-0.75,0.65
0.55,-0.75,0.65
0.65,-0.75,0.65
0.75,-0.75,0.65
0.85,-0.75,0.65
0.95,-0.75,0.65
0.05,-0.65,0.65
0.15,-0.65,0.65
0.25,-0.65,0.65
0.35,-0.65,0.65
0.45,-0.65,0.65
0.55,-0.65,0.65
0.65,-0.65,0.65
0.75,-0.65,0.65
0.85,-0.65,0.65
0.95,-0.65,0.65
0.05,-0.55,0.65
0.15,-0.55,0.65
0.25,-0.55,0.65
0.35,-0.55,0.65
0.45,-0.55,0.65
0.55,-0.55,0.65
0.65,-0.55,0.65
0.75,-0.55,0.65
0.85,-0.55,0.65
0.95,-0.55,0.65
0.05,-0.45,0.65
0.15,-0.45,0.65
0.25,-0.45,0.65
0.35,-0.45,0.65
0.45,-0.45,0.65
0.55,-0.45,0.65
0.65,-0.45,0.65
0.75,-0.45,0.65
0.85,-0.45,0.65
0.95,-0.45,0.65
0.05,-0.35,0.65
0.15,-0.35,0.65
0.25,-0.35,0.65
0.35,-0.35,0.65
0.45,-0.35,0.65
0.55,-0.35,0.65
0.65,-0.35,0.65
0.75,-0.35,0.65
0.85,-0.35,0.65
0.95,-0.35,0.65
0.05,-0.25,0.65
0.15,-0.25,0.65
0.25,-0.25,0.65
0.35,-0.25,0.65
0.45,-0.25,0.65
0.55,-0.25,0.65
0.65,-0.25,0.65
0.75,-0.25,0.65
0.85,-0.25,0.65
0.95,-0.25,0.65
0.05,-0.15,0.65
0.15,-0.15,0.65
0.25,-0.15,0.65
0.35,-0.15,0.65
0.45,-0.15,0.65
0.55,-0.15,0.65
0.65,-0.15,0.65
0.75,-0.15,0.65
0.85,-0.15,0.65
0.95,-0.15,0.65
0.05,-0.05,0.65
0.15,-0.05,0.65
0.25,-0.05,0.65
0.35,-0.05,0.65
0.45,-0.05,0.65
0.55,-0.05,0.65
0.65,-0.05,0.65
0.75,-0.05,0.65
0.85,-0.05,0.65
0.95,-0.05,0.65
0.05,0.05,0.65
0.15,0.05,0.65
0.25,0.05,0.65
0.35,0.05,0.65
0.45,0.05,0.65
0.55,0.05,0.65
0.65,0.05,0.65
0.75,0.05,0.65
0.85,0.05,0.65
0.95,0.05,0.65
0.05,0.15,0.65
0.15,0.15,0.65
0.25,0.15,0.65
0.35,0.15,0.65
0.45,0.15,0.65
0.55,0.15,0.65
0.65,0.15,0.65
0.75,0.15,0.65
0.85,0.15,0.65
0.95,0.15,0.65
0.05,0.25,0.65
0.15,0.25,0.65
0.25,0.25,0.65
0.35,0.25,0.65
0.45,0.25,0.65
0.55,0.25,0.65
0.65,0.25,0.65
0.75,0.25,0.65
0.85,0.25,0.65
0.95,0.25,0.65
0.05,0.35,0.65
0.15,0.35,0.65
0.25,0.35,0.65
0.35,0.35,0.65
0.45,0.35,0.65
0.55,0.35,0.65
0.65,0.35,0.65
0.75,0.35,0.65
0.85,0.35,0.65
0.95,0.35,0.65
0.05,0.45,0.65
0.15,0.45,0.65
0.25,0.45,0.65
0.35,0.45,0.65
0.45,0.45,0.65
0.55,0.45,0.65
0.65,0.45,0.65
0.75,0.45,0.65
0.85,0.45,0.65
0.95,0.45,0.65
0.05,0.55,0.65
0.15,0.55,0.65
0.25,0.55,0.65
0.35,0.55,0.65
0.45,0.55,0.65
0.55,0.55,0.65
0.65,0.55,0.65
0.75,0.55,0.65
0.85,0.55,0.65
0.95,0.55,0.65
0.05,0.65,0.65
0.15,0.65,0.65
0.25,0.65,0.65
0.35,0.65,0.65
0.45,0.65,0.65
0.55,0.65,0.65
0.65,0.65,0.65
0.75,0.65,0.65
0.85,0.65,0.65
0.95,0.65,0.65
0.05,0.75,0.65
0.15,0.75,0.65
0.25,0.75,0.65
0.35,0.75,0.65
0.45,0.75,0.65
0.55,0.75,0.65
0.65,0.75,0.65
0.75,0.75,0.65
0.85,0.75,0.65
0.95,0.75,0.65
0.05,0.85,0.65
0.15,0.85,0.65
0.25,0.85,0.65
0.35,0.85,0.65
0.45,0.85,0.65
0.55,0.85,0.65
0.65,0.85,0.65
0.75,0.85,0.65
0.85,0.85,0.65
0.95,0.85,0.65
0.05,0.95,0.65
0.15,0.95,0.65
0.25,0.95,0.65
0.35,0.95,0.65
0.45,0.95,0.65
0.55,0.95,0.65
0.65,0.95,0.65
0.75,0.95,0.65
0.85,0.95,0.65
0.95,0.95,0.65
0.05,-0.95,0.66
0.15,-0.95,0.66
0.25,-0.95,0.66
0.35,-0.95,0.66
0.45,-0.95,0.66
0.55,-0.95,0.66
0.65,-0.95,0.66
0.75,-0.95,0.66
0.85,-0.95,0.66
0.95,-0.95,0.66
0.05,-0.85,0.66
0.15,-0.85,0.66
0.25,-0.85,0.66
0.35,-0.85,0.66
0.45,-0.85,0.66
0.55,-0.85,0.66
0.65,-0.85,0.66
0.75,-0.85,0.66
0.85,-0.85,0.66
0.95,-0.85,0.66
0.05,-0.75,0.66
0.15,-0.75,0.66
0.25,-0.75,0.66
0.35,-0.75,0.66
0.45,-0.75,0.66
0.55,-0.75,0.66
0.65,-0.75,0.66
0.75,-0.75,0.66
0.85,-0.75,0.66
0.95,-0.75,0.66
0.05,-0.65,0.66
0.15,-0.65,0.66
0.25,-0.65,0.66
0.35,-0.65,0.66
0.45,-0.65,0.66
0.55,-0.65,0.66
0.65,-0.65,0.66
0.75,-0.65,0.66
0.85,-0.65,0.66
0.95,-0.65,0.66
0.05,-0.55,0.66
0.15,-0.55,0.66
0.25,-0.55,0.66
0.35,-0.55,0.66
0.45,-0.55,0.66
0.55,-0.55,0.66
0.65,-0.55,0.66
0.75,-0.55,0.66
0.85,-0.55,0.66
0.95,-0.55,0.66
0.05,-0.45,0.66
0.15,-0.45,0.66
0.25,-0.45,0.66
0.35,-0.45,0.66
0.45,-0.45,0.66
0.55,-0.45,0.66
0.65,-0.45,0.66
0.75,-0.45,0.66
0.85,-0.45,0.66
0.95,-0.45,0.66
0.05,-0.35,0.66
0.15,-0.35,0.66
0.25,-0.35,0.66
0.35,-0.35,0.66
0.45,-0.35,0.66
0.55,-0.35,0.66
0.65,-0.35,0.66
0.75,-0.35,0.66
0.85,-0.35,0.66
0.95,-0.35,0.66
0.05,-0.25,0.66
0.15,-0.25,0.66
0.25,-0.25,0.66
0.35,-0.25,0.66
0.45,-0.25,0.66
0.55,-0.25,0.66
0.65,-0.25,0.66
0.75,-0.25,0.66
0.85,-0.25,0.66
0.95,-0.25,0.66
0.05,-0.15,0.66
0.15,-0.15,0.66
0.25,-0.15,0.66
0.35,-0.15,0.66
0.45,-0.15,0.66
0.55,-0.15,0.66
0.65,-0.15,0.66
0.75,-0.15,0.66
0.85,-0.15,0.66
0.95,-0.15,0.66
0.05,-0.05,0.66
0.15,-0.05,0.66
0.25,-0.05,0.66
0.35,-0.05,0.66
0.45,-0.05,0.66
0.55,-0.05,0.66
0.65,-0.05,0.66
0.75,-0.05,0.66
0.85,-0.05,0.66
0.95,-0.05,0.66
0.05,0.05,0.66
0.15,0.05,0.66
0.25,0.05,0.66
0.35,0.05,0.66
0.45,0.05,0.66
0.55,0.05,0.66
0.65,0.05,0.66
0.75,0.05,0.66
0.85,0.05,0.66
0.95,0.05,0.66
0.05,0.15,0.66
0.15,0.15,0.66
0.25,0.15,0.66
0.35,0.15,0.66
0.45,0.15,0.66
0.55,0.15,0.66
0.65,0.15,0.66
0.75,0.15,0.66
0.85,0.15,0.66
0.95,0.15,0.66
0.05,0.25,0.66
0.15,0.25,0.66
0.25,0.25,0.66
0.35,0.25,0.66
0.45,0.25,0.66
0.55,0.25,0.66
0.65,0.25,0.66
0.75,0.25,0.66
0.85,0.25,0.66
0.95,0.25,0.66
0.05,0.35,0.66
0.15,0.35,0.66
0.25,0.35,0.66
0.35,0.35,0.66
0.45,0.35,0.66
0.55,0.35,0.66
0.65,0.35,0.66
0.75,0.35,0.66
0.85,0.35,0.66
0.95,0.35,0.66
0.05,0.45,0.66
0.15,0.45,0.66
0.25,0.45,0.66
0.35,0.45,0.66
0.45,0.45,0.66
0.55,0.45,0.66
0.65,0.45,0.66
0.75,0.45,0.66
0.85,0.45,0.66
0.95,0.45,0.66
0.05,0.55,0.66
0.15,0.55,0.66
0.25,0.55,0.66
0.35,0.55,0.66
0.45,0.55,0.66
0.55,0.55,0.66
0.65,0.55,0.66
0.75,0.55,0.66
0.85,0.55,0.66
0.95,0.55,0.66
0.05,0.65,0.66
0.15,0.65,0.66
0.25,0.65,0.66
0.35,0.65,0.66
0.45,0.65,0.66
0.55,0.65,0.66
0.65,0.65,0.66
0.75,0.65,0.66
0.85,0.65,0.66
0.95,0.65,0.66
0.05,0.75,0.66
0.15,0.75,0.66
0.25,0.75,0.66
0.35,0.75,0.66
0.45,0.75,0.66
0.55,0.75,0.66
0.65,0.75,0.66
0.75,0.75,0.66
0.85,0.75,0.66
0.95,0.75,0.66
0.05,0.85,0.66
0.15,0.85,0.66
0.25,0.85,0.66
0.35,0.85,0.66
0.45,0.85,0.66
0.55,0.85,0.66
0.65,0.85,0.66
0.75,0.85,0.66
0.85,0.85,0.66
0.95,0.85,0.66
0.05,0.95,0.66
0.15,0.95,0.66
0.25,0.95,0.66
0.35,0.95,0.66
0.45,0.95,0.66
0.55,0.95,0.66
0.65,0.95,0.66
0.75,0.95,0.66
0.85,0.95,0.66
0.95,0.95,0.66
0.05,-0.95,0.67
0.15,-0.95,0.67
0.25,-0.95,0.67
0.35,-0.95,0.67
0.45,-0.95,0.67
0.55,-0.95,0.67
0.65,-0.95,0.67
0.75,-0.95,0.67
0.85,-0.95,0.67
0.95,-0.95,0.67
0.05,-0.85,0.67
0.15,-0.85,0.67
0.25,-0.85,0.67
0.35,-0.85,0.67
0.45,-0.85,0.67
0.55,-0.85,0.67
0.65,-0.85,0.67
0.75,-0.85,0.67
0.85,-0.85,0.67
0.95,-0.85,0.67
0.05,-0.75,0.67
0.15,-0.75,0.67
0.25,-0.75,0.67
0.35,-0.75,0.67
0.45,-0.75,0.67
0.55,-0.75,0.67
0.65,-0.75,0.67
0.75,-0.75,0.67
0.85,-0.75,0.67
0.95,-0.75,0.67
0.05,-0.65,0.67
0.15,-0.65,0.67
0.25,-0.65,0.67
0.35,-0.65,0.67
0.45,-0.65,0.67
0.55,-0.65,0.67
0.65,-0.65,0.67
0.75,-0.65,0.67
0.85,-0.65,0.67
0.95,-0.65,0.67
0.05,-0.55,0.67
0.15,-0.55,0.67
0.25,-0.55,0.67
0.35,-0.55,0.67
0.45,-0.55,0.67
0.55,-0.55,0.67
0.65,-0.55,0.67
0.75,-0.55,0.67
0.85,-0.55,0.67
0.95,-0.55,0.67
0.05,-0.45,0.67
0.15,-0.45,0.67
0.25,-0.45,0.67
0.35,-0.45,0.67
0.45,-0.45,0.67
0.55,-0.45,0.67
0.65,-0.45,0.67
0.75,-0.45,0.67
0.85,-0.45,0.67
0.95,-0.45,0.67
0.05,-0.35,0.67
0.15,-0.35,0.67
0.25,-0.35,0.67
0.35,-0.35,0.67
0.45,-0.35,0.67
0.55,-0.35,0.67
0.65,-0.35,0.67
0.75,-0.35,0.67
0.85,-0.35,0.67
0.95,-0.35,0.67
0.05,-0.25,0.67
0.15,-0.25,0.67
0.25,-0.25,0.67
0.35,-0.25,0.67
0.45,-0.25,0.67
0.55,-0.25,0.67
0.65,-0.25,0.67
0.75,-0.25,0.67
0.85,-0.25,0.67
0.95,-0.25,0.67
0.05,-0.15,0.67
0.15,-0.15,0.67
0.25,-0.15,0.67
0.35,-0.15,0.67
0.45,-0.15,0.67
0.55,-0.15,0.67
0.65,-0.15,0.67
0.75,-0.15,0.67
0.85,-0.15,0.67
0.95,-0.15,0.67
0.05,-0.05,0.67
0.15,-0.05,0.67
0.25,-0.05,0.67
0.35,-0.05,0.67
0.45,-0.05,0.67
0.55,-0.05,0.67
0.65,-0.05,0.67
0.75,-0.05,0.67
0.85,-0.05,0.67
0.95,-0.05,0.67
0.05,0.05,0.67
0.15,0.05,0.67
0.25,0.05,0.67
0.35,0.05,0.67
0.45,0.05,0.67
0.55,0.05,0.67
0.65,0.05,0.67
0.75,0.05,0.67
0.85,0.05,0.67
0.95,0.05,0.67
0.05,0.15,0.67
0.15,0.15,0.67
0.25,0.15,0.67
0.35,0.15,0.67
0.45,0.15,0.67
0.55,0.15,0.67
0.65,0.15,0.67
0.75,0.15,0.67
0.85,0.15,0.67
0.95,0.15,0.67
0.05,0.25,0.67
0.15,0.25,0.67
0.25,0.25,0.67
0.35,0.25,0.67
0.45,0.25,0.67
0.55,0.25,0.67
0.65,0.25,0.67
0.75,0.25,0.67
0.85,0.25,0.67
0.95,0.25,0.67
0.05,0.35,0.67
0.15,0.35,0.67
0.25,0.35,0.67
0.35,0.35,0.67
0.45,0.35,0.67
0.55,0.35,0.67
0.65,0.35,0.67
0.75,0.35,0.67
0.85,0.35,0.67
0.95,0.35,0.67
0.05,0.45,0.67
0.15,0.45,0.67
0.25,0.45,0.67
0.35,0.45,0.67
0.45,0.45,0.67
0.55,0.45,0.67
0.65,0.45,0.67
0.75,0.45,0.67
0.85,0.45,0.67
0.95,0.45,0.67
0.05,0.55,0.67
0.15,0.55,0.67
0.25,0.55,0.67
0.35,0.55,0.67
0.45,0.55,0.67
0.55,0.55,0.67
0.65,0.55,0.67
0.75,0.55,0.67
0.85,0.55,0.67
0.95,0.55,0.67
0.05,0.65,0.67
0.15,0.65,0.67
0.25,0.65,0.67
0.35,0.65,0.67
0.45,0.65,0.67
0.55,0.65,0.67
0.65,0.65,0.67
0.75,0.65,0.67
0.85,0.65,0.67
0.95,0.65,0.67
0.05,0.75,0.67
0.15,0.75,0.67
0.25,0.75,0.67
0.35,0.75,0.67
0.45,0.75,0.67
0.55,0.75,0.67
0.65,0.75,0.67
0.75,0.75,0.67
0.85,0.75,0.67
0.95,0.75,0.67
0.05,0.85,0.67
0.15,0.85,0.67
0.25,0.85,0.67
0.35,0.85,0.67
0.45,0.85,0.67
0.55,0.85,0.67
0.65,0.85,0.67
0.75,0.85,0.67
0.85,0.85,0.67
0.95,0.85,0.67
0.05,0.95,0.67
0.15,0.95,0.67
0.25,0.95,0.67
0.35,0.95,0.67
0.45,0.95,0.67
0.55,0.95,0.67
0.65,0.95,0.67
0.75,0.95,0.67
0.85,0.95,0.67
0.95,0.95,0.67
0.05,-0.95,0.68
0.15,-0.95,0.68
0.25,-0.95,0.68
0.35,-0.95,0.68
0.45,-0.95,0.68
0.55,-0.95,0.68
0.65,-0.95,0.68
0.75,-0.95,0.68
0.85,-0.95,0.68
0.95,-0.95,0.68
0.05,-0.85,0.68
0.15,-0.85,0.68
0.25,-0.85,0.68
0.35,-0.85,0.68
0.45,-0.85,0.68
0.55,-0.85,0.68
0.65,-0.85,0.68
0.75,-0.85,0.68
0.85,-0.85,0.68
0.95,-0.85,0.68
0.05,-0.75,0.68
0.15,-0.75,0.68
0.25,-0.75,0.68
0.35,-0.75,0.68
0.45,-0.75,0.68
0.55,-0.75,0.68
0.65,-0.75,0.68
0.75,-0.75,0.68
0.85,-0.75,0.68
0.95,-0.75,0.68
0.05,-0.65,0.68
0.15,-0.65,0.68
0.25,-0.65,0.68
0.35,-0.65,0.68
0.45,-0.65,0.68
0.55,-0.65,0.68
0.65,-0.65,0.68
0.75,-0.65,0.68
0.85,-0.65,0.68
0.95,-0.65,0.68
0.05,-0.55,0.68
0.15,-0.55,0.68
0.25,-0.55,0.68
0.35,-0.55,0.68
0.45,-0.55,0.68
0.55,-0.55,0.68
0.65,-0.55,0.68
0.75,-0.55,0.68
0.85,-0.55,0.68
0.95,-0.55,0.68
0.05,-0.45,0.68
0.15,-0.45,0.68
0.25,-0.45,0.68
0.35,-0.45,0.68
0.45,-0.45,0.68
0.55,-0.45,0.68
0.65,-0.45,0.68
0.75,-0.45,0.68
0.85,-0.45,0.68
0.95,-0.45,0.68
0.05,-0.35,0.68
0.15,-0.35,0.68
0.25,-0.35,0.68
0.35,-0.35,0.68
0.45,-0.35,0.68
0.55,-0.35,0.68
0.65,-0.35,0.68
0.75,-0.35,0.68
0.85,-0.35,0.68
0.95,-0.35,0.68
0.05,-0.25,0.68
0.15,-0.25,0.68
0.25,-0.25,0.68
0.35,-0.25,0.68
0.45,-0.25,0.68
0.55,-0.25,0.68
0.65,-0.25,0.68
0.75,-0.25,0.68
0.85,-0.25,0.68
0.95,-0.25,0.68
0.05,-0.15,0.68
0.15,-0.15,0.68
0.25,-0.15,0.68
0.35,-0.15,0.68
0.45,-0.15,0.68
0.55,-0.15,0.68
0.65,-0.15,0.68
0.75,-0.15,0.68
0.85,-0.15,0.68
0.95,-0.15,0.68
0.05,-0.05,0.68
0.15,-0.05,0.68
0.25,-0.05,0.68
0.35,-0.05,0.68
0.45,-0.05,0.68
0.55,-0.05,0.68
0.65,-0.05,0.68
0.75,-0.05,0.68
0.85,-0.05,0.68
0.95,-0.05,0.68
0.05,0.05,0.68
0.15,0.05,0.68
0.25,0.05,0.68
0.35,0.05,0.68
0.45,0.05,0.68
0.55,0.05,0.68
0.65,0.05,0.68
0.75,0.05,0.68
0.85,0.05,0.68
0.95,0.05,0.68
0.05,0.15,0.68
0.15,0.15,0.68
0.25,0.15,0.68
0.35,0.15,0.68
0.45,0.15,0.68
0.55,0.15,0.68
0.65,0.15,0.68
0.75,0.15,0.68
0.85,0.15,0.68
0.95,0.15,0.68
0.05,0.25,0.68
0.15,0.25,0.68
0.25,0.25,0.68
0.35,0.25,0.68
0.45,0.25,0.68
0.55,0.25,0.68
0.65,0.25,0.68
0.75,0.25,0.68
0.85,0.25,0.68
0.95,0.25,0.68
0.05,0.35,0.68
0.15,0.35,0.68
0.25,0.35,0.68
0.35,0.35,0.68
0.45,0.35,0.68
0.55,0.35,0.68
0.65,0.35,0.68
0.75,0.35,0.68
0.85,0.35,0.68
0.95,0.35,0.68
0.05,0.45,0.68
0.15,0.45,0.68
0.25,0.45,0.68
0.35,0.45,0.68
0.45,0.45,0.68
0.55,0.45,0.68
0.65,0.45,0.68
0.75,0.45,0.68
0.85,0.45,0.68
0.95,0.45,0.68
0.05,0.55,0.68
0.15,0.55,0.68
0.25,0.55,0.68
0.35,0.55,0.68
0.45,0.55,0.68
0.55,0.55,0.68
0.65,0.55,0.68
0.75,0.55,0.68
0.85,0.55,0.68
0.95,0.55,0.68
0.05,0.65,0.68
0.15,0.65,0.68
0.25,0.65,0.68
0.35,0.65,0.68
0.45,0.65,0.68
0.55,0.65,0.68
0.65,0.65,0.68
0.75,0.65,0.68
0.85,0.65,0.68
0.95,0.65,0.68
0.05,0.75,0.68
0.15,0.75,0.68
0.25,0.75,0.68
0.35,0.75,0.68
0.45,0.75,0.68
0.55,0.75,0.68
0.65,0.75,0.68
0.75,0.75,0.68
0.85,0.75,0.68
0.95,0.75,0.68
0.05,0.85,0.68
0.15,0.85,0.68
0.25,0.85,0.68
0.35,0.85,0.68
0.45,0.85,0.68
0.55,0.85,0.68
0.65,0.85,0.68
0.75,0.85,0.68
0.85,0.85,0.68
0.95,0.85,0.68
0.05,0.95,0.68
0.15,0.95,0.68
0.25,0.95,0.68
0.35,0.95,0.68
0.45,0.95,0.68
0.55,0.95,0.68
0.65,0.95,0.68
0.75,0.95,0.68
0.85,0.95,0.68
0.95,0.95,0.68
0.05,-0.95,0.69
0.15,-0.95,0.69
0.25,-0.95,0.69
0.35,-0.95,0.69
0.45,-0.95,0.69
0.55,-0.95,0.69
0.65,-0.95,0.69
0.75,-0.95,0.69
0.85,-0.95,0.69
0.95,-0.95,0.69
0.05,-0.85,0.69
0.15,-0.85,0.69
0.25,-0.85,0.69
0.35,-0.85,0.69
0.45,-0.85,0.69
0.55,-0.85,0.69
0.65,-0.85,0.69
0.75,-0.85,0.69
0.85,-0.85,0.69
0.95,-0.85,0.69
0.05,-0.75,0.69
0.15,-0.75,0.69
0.25,-0.75,0.69
0.35,-0.75,0.69
0.45,-0.75,0.69
0.55,-0.75,0.69
0.65,-0.75,0.69
0.75,-0.75,0.69
0.85,-0.75,0.69
0.95,-0.75,0.69
0.05,-0.65,0.69
0.15,-0.65,0.69
0.25,-0.65,0.69
0.35,-0.65,0.69
0.45,-0.65,0.69
0.55,-0.65,0.69
0.65,-0.65,0.69
0.75,-0.65,0.69
0.85,-0.65,0.69
0.95,-0.65,0.69
0.05,-0.55,0.69
0.15,-0.55,0.69
0.25,-0.55,0.69
0.35,-0.55,0.69
0.45,-0.55,0.69
0.55,-0.55,0.69
0.65,-0.55,0.69
0.75,-0.55,0.69
0.85,-0.55,0.69
0.95,-0.55,0.69
0.05,-0.45,0.69
0.15,-0.45,0.69
0.25,-0.45,0.69
0.35,-0.45,0.69
0.45,-0.45,0.69
0.55,-0.45,0.69
0.65,-0.45,0.69
0.75,-0.45,0.69
0.85,-0.45,0.69
0.95,-0.45,0.69
0.05,-0.35,0.69
0.15,-0.35,0.69
0.25,-0.35,0.69
0.35,-0.35,0.69
0.45,-0.35,0.69
0.55,-0.35,0.69
0.65,-0.35,0.69
0.75,-0.35,0.69
0.85,-0.35,0.69
0.95,-0.35,0.69
0.05,-0.25,0.69
0.15,-0.25,0.69
0.25,-0.25,0.69
0.35,-0.25,0.69
0.45,-0.25,0.69
0.55,-0.25,0.69
0.65,-0.25,0.69
0.75,-0.25,0.69
0.85,-0.25,0.69
0.95,-0.25,0.69
0.05,-0.15,0.69
0.15,-0.15,0.69
0.25,-0.15,0.69
0.35,-0.15,0.69
0.45,-0.15,0.69
0.55,-0.15,0.69
0.65,-0.15,0.69
0.75,-0.15,0.69
0.85,-0.15,0.69
0.95,-0.15,0.69
0.05,-0.05,0.69
0.15,-0.05,0.69
0.25,-0.05,0.69
0.35,-0.05,0.69
0.45,-0.05,0.69
0.55,-0.05,0.69
0.65,-0.05,0.69
0.75,-0.05,0.69
0.85,-0.05,0.69
0.95,-0.05,0.69
0.05,0.05,0.69
0.15,0.05,0.69
0.25,0.05,0.69
0.35,0.05,0.69
0.45,0.05,0.69
0.55,0.05,0.69
0.65,0.05,0.69
0.75,0.05,0.69
0.85,0.05,0.69
0.95,0.05,0.69
0.05,0.15,0.69
0.15,0.15,0.69
0.25,0.15,0.69
0.35,0.15,0.69
0.45,0.15,0.69
0.55,0.15,0.69
0.65,0.15,0.69
0.75,0.15,0.69
0.85,0.15,0.69
0.95,0.15,0.69
0.05,0.25,0.69
0.15,0.25,0.69
0.25,0.25,0.69
0.35,0.25,0.69
0.45,0.25,0.69
0.55,0.25,0.69
0.65,0.25,0.69
0.75,0.25,0.69
0.85,0.25,0.69
0.95,0.25,0.69
0.05,0.35,0.69
0.15,0.35,0.69
0.25,0.35,0.69
0.35,0.35,0.69
0.45,0.35,0.69
0.55,0.35,0.69
0.65,0.35,0.69
0.75,0.35,0.69
0.85,0.35,0.69
0.95,0.35,0.69
0.05,0.45,0.69
0.15,0.45,0.69
0.25,0.45,0.69
0.35,0.45,0.69
0.45,0.45,0.69
0.55,0.45,0.69
0.65,0.45,0.69
0.75,0.45,0.69
0.85,0.45,0.69
0.95,0.45,0.69
0.05,0.55,0.69
0.15,0.55,0.69
0.25,0.55,0.69
0.35,0.55,0.69
0.45,0.55,0.69
0.55,0.55,0.69
0.65,0.55,0.69
0.75,0.55,0.69
0.85,0.55,0.69
0.95,0.55,0.69
0.05,0.65,0.69
0.15,0.65,0.69
0.25,0.65,0.69
0.35,0.65,0.69
0.45,0.65,0.69
0.55,0.65,0.69
0.65,0.65,0.69
0.75,0.65,0.69
0.85,0.65,0.69
0.95,0.65,0.69
0.05,0.75,0.69
0.15,0.75,0.69
0.25,0.75,0.69
0.35,0.75,0.69
0.45,0.75,0.69
0.55,0.75,0.69
0.65,0.75,0.69
0.75,0.75,0.69
0.85,0.75,0.69
0.95,0.75,0.69
0.05,0.85,0.69
0.15,0.85,0.69
0.25,0.85,0.69
0.35,0.85,0.69
0.45,0.85,0.69
0.55,0.85,0.69
0.65,0.85,0.69
0.75,0.85,0.69
0.85,0.85,0.69
0.95,0.85,0.69
0.05,0.95,0.69
0.15,0.95,0.69
0.25,0.95,0.69
0.35,0.95,0.69
0.45,0.95,0.69
0.55,0.95,0.69
0.65,0.95,0.69
0.75,0.95,0.69
0.85,0.95,0.69
0.95,0.95,0.69
0.05,-0.95,0.7
0.15,-0.95,0.7
0.25,-0.95,0.7
0.35,-0.95,0.7
0.45,-0.95,0.7
0.55,-0.95,0.7
0.65,-0.95,0.7
0.75,-0.95,0.7
0.85,-0.95,0.7
0.95,-0.95,0.7
0.05,-0.85,0.7
0.15,-0.85,0.7
0.25,-0.85,0.7
0.35,-0.85,0.7
0.45,-0.85,0.7
0.55,-0.85,0.7
0.65,-0.85,0.7
0.75,-0.85,0.7
0.85,-0.85,0.7
0.95,-0.85,0.7
0.05,-0.75,0.7
0.15,-0.75,0.7
0.25,-0.75,0.7
0.35,-0.75,0.7
0.45,-0.75,0.7
0.55,-0.75,0.7
0.65,-0.75,0.7
0.75,-0.75,0.7
0.85,-0.75,0.7
0.95,-0.75,0.7
0.05,-0.65,0.7
0.15,-0.65,0.7
0.25,-0.65,0.7
0.35,-0.65,0.7
0.45,-0.65,0.7
0.55,-0.65,0.7
0.65,-0.65,0.7
0.75,-0.65,0.7
0.85,-0.65,0.7
0.95,-0.65,0.7
0.05,-0.55,0.7
0.15,-0.55,0.7
0.25,-0.55,0.7
0.35,-0.55,0.7
0.45,-0.55,0.7
0.55,-0.55,0.7
0.65,-0.55,0.7
0.75,-0.55,0.7
0.85,-0.55,0.7
0.95,-0.55,0.7
0.05,-0.45,0.7
0.15,-0.45,0.7
0.25,-0.45,0.7
0.35,-0.45,0.7
0.45,-0.45,0.7
0.55,-0.45,0.7
0.65,-0.45,0.7
0.75,-0.45,0.7
0.85,-0.45,0.7
0.95,-0.45,0.7
0.05,-0.35,0.7
0.15,-0.35,0.7
0.25,-0.35,0.7
0.35,-0.35,0.7
0.45,-0.35,0.7
0.55,-0.35,0.7
0.65,-0.35,0.7
0.75,-0.35,0.7
0.85,-0.35,0.7
0.95,-0.35,0.7
0.05,-0.25,0.7
0.15,-0.25,0.7
0.25,-0.25,0.7
0.35,-0.25,0.7
0.45,-0.25,0.7
0.55,-0.25,0.7
0.65,-0.25,0.7
0.75,-0.25,0.7
0.85,-0.25,0.7
0.95,-0.25,0.7
0.05,-0.15,0.7
0.15,-0.15,0.7
0.25,-0.15,0.7
0.35,-0.15,0.7
0.45,-0.15,0.7
0.55,-0.15,0.7
0.65,-0.15,0.7
0.75,-0.15,0.7
0.85,-0.15,0.7
0.95,-0.15,0.7
0.05,-0.05,0.7
0.15,-0.05,0.7
0.25,-0.05,0.7
0.35,-0.05,0.7
0.45,-0.05,0.7
0.55,-0.05,0.7
0.65,-0.05,0.7
0.75,-0.05,0.7
0.85,-0.05,0.7
0.95,-0.05,0.7
0.05,0.05,0.7
0.15,0.05,0.7
0.25,0.05,0.7
0.35,0.05,0.7
0.45,0.05,0.7
0.55,0.05,0.7
0.65,0.05,0.7
0.75,0.05,0.7
0.85,0.05,0.7
0.95,0.05,0.7
0.05,0.15,0.7
0.15,0.15,0.7
0.25,0.15,0.7
0.35,0.15,0.7
0.45,0.15,0.7
0.55,0.15,0.7
0.65,0.15,0.7
0.75,0.15,0.7
0.85,0.15,0.7
0.95,0.15,0.7
0.05,0.25,0.7
0.15,0.25,0.7
0.25,0.25,0.7
0.35,0.25,0.7
0.45,0.25,0.7
0.55,0.25,0.7
0.65,0.25,0.7
0.75,0.25,0.7
0.85,0.25,0.7
0.95,0.25,0.7
0.05,0.35,0.7
0.15,0.35,0.7
0.25,0.35,0.7
0.35,0.35,0.7
0.45,0.35,0.7
0.55,0.35,0.7
0.65,0.35,0.7
0.75,0.35,0.7
0.85,0.35,0.7
0.95,0.35,0.7
0.05,0.45,0.7
0.15,0.45,0.7
0.25,0.45,0.7
0.35,0.45,0.7
0.45,0.45,0.7
0.55,0.45,0.7
0.65,0.45,0.7
0.75,0.45,0.7
0.85,0.45,0.7
0.95,0.45,0.7
0.05,0.55,0.7
0.15,0.55,0.7
0.25,0.55,0.7
0.35,0.55,0.7
0.45,0.55,0.7
0.55,0.55,0.7
0.65,0.55,0.7
0.75,0.55,0.7
0.85,0.55,0.7
0.95,0.55,0.7
0.05,0.65,0.7
0.15,0.65,0.7
0.25,0.65,0.7
0.35,0.65,0.7
0.45,0.65,0.7
0.55,0.65,0.7
0.65,0.65,0.7
0.75,0.65,0.7
0.85,0.65,0.7
0.95,0.65,0.7
0.05,0.75,0.7
0.15,0.75,0.7
0.25,0.75,0.7
0.35,0.75,0.7
0.45,0.75,0.7
0.55,0.75,0.7
0.65,0.75,0.7
0.75,0.75,0.7
0.85,0.75,0.7
0.95,0.75,0.7
0.05,0.85,0.7
0.15,0.85,0.7
0.25,0.85,0.7
0.35,0.85,0.7
0.45,0.85,0.7
0.55,0.85,0.7
0.65,0.85,0.7
0.75,0.85,0.7
0.85,0.85,0.7
0.95,0.85,0.7
0.05,0.95,0.7
0.15,0.95,0.7
0.25,0.95,0.7
0.35,0.95,0.7
0.45,0.95,0.7
0.55,0.95,0.7
0.65,0.95,0.7
0.75,0.95,0.7
0.85,0.95,0.7
0.95,0.95,0.7
0.05,-0.95,0.71
0.15,-0.95,0.71
0.25,-0.95,0.71
0.35,-0.95,0.71
0.45,-0.95,0.71
0.55,-0.95,0.71
0.65,-0.95,0.71
0.75,-0.95,0.71
0.85,-0.95,0.71
0.95,-0.95,0.71
0.05,-0.85,0.71
0.15,-0.85,0.71
0.25,-0.85,0.71
0.35,-0.85,0.71
0.45,-0.85,0.71
0.55,-0.85,0.71
0.65,-0.85,0.71
0.75,-0.85,0.71
0.85,-0.85,0.71
0.95,-0.85,0.71
0.05,-0.75,0.71
0.15,-0.75,0.71
0.25,-0.75,0.71
0.35,-0.75,0.71
0.45,-0.75,0.71
0.55,-0.75,0.71
0.65,-0.75,0.71
0.75,-0.75,0.71
0.85,-0.75,0.71
0.95,-0.75,0.71
0.05,-0.65,0.71
0.15,-0.65,0.71
0.25,-0.65,0.71
0.35,-0.65,0.71
0.45,-0.65,0.71
0.55,-0.65,0.71
0.65,-0.65,0.71
0.75,-0.65,0.71
0.85,-0.65,0.71
0.95,-0.65,0.71
0.05,-0.55,0.71
0.15,-0.55,0.71
0.25,-0.55,0.71
0.35,-0.55,0.71
0.45,-0.55,0.71
0.55,-0.55,0.71
0.65,-0.55,0.71
0.75,-0.55,0.71
0.85,-0.55,0.71
0.95,-0.55,0.71
0.05,-0.45,0.71
0.15,-0.45,0.71
0.25,-0.45,0.71
0.35,-0.45,0.71
0.45,-0.45,0.71
0.55,-0.45,0.71
0.65,-0.45,0.71
0.75,-0.45,0.71
0.85,-0.45,0.71
0.95,-0.45,0.71
0.05,-0.35,0.71
0.15,-0.35,0.71
0.25,-0.35,0.71
0.35,-0.35,0.71
0.45,-0.35,0.71
0.55,-0.35,0.71
0.65,-0.35,0.71
0.75,-0.35,0.71
0.85,-0.35,0.71
0.95,-0.35,0.71
0.05,-0.25,0.71
0.15,-0.25,0.71
0.25,-0.25,0.71
0.35,-0.25,0.71
0.45,-0.25,0.71
0.55,-0.25,0.71
0.65,-0.25,0.71
0.75,-0.25,0.71
0.85,-0.25,0.71
0.95,-0.25,0.71
0.05,-0.15,0.71
0.15,-0.15,0.71
0.25,-0.15,0.71
0.35,-0.15,0.71
0.45,-0.15,0.71
0.55,-0.15,0.71
0.65,-0.15,0.71
0.75,-0.15,0.71
0.85,-0.15,0.71
0.95,-0.15,0.71
0.05,-0.05,0.71
0.15,-0.05,0.71
0.25,-0.05,0.71
0.35,-0.05,0.71
0.45,-0.05,0.71
0.55,-0.05,0.71
0.65,-0.05,0.71
0.75,-0.05,0.71
0.85,-0.05,0.71
0.95,-0.05,0.71
0.05,0.05,0.71
0.15,0.05,0.71
0.25,0.05,0.71
0.35,0.05,0.71
0.45,0.05,0.71
0.55,0.05,0.71
0.65,0.05,0.71
0.75,0.05,0.71
0.85,0.05,0.71
0.95,0.05,0.71
0.05,0.15,0.71
0.15,0.15,0.71
0.25,0.15,0.71
0.35,0.15,0.71
0.45,0.15,0.71
0.55,0.15,0.71
0.65,0.15,0.71
0.75,0.15,0.71
0.85,0.15,0.71
0.95,0.15,0.71
0.05,0.25,0.71
0.15,0.25,0.71
0.25,0.25,0.71
0.35,0.25,0.71
0.45,0.25,0.71
0.55,0.25,0.71
0.65,0.25,0.71
0.75,0.25,0.71
0.85,0.25,0.71
0.95,0.25,0.71
0.05,0.35,0.71
0.15,0.35,0.71
0.25,0.35,0.71
0.35,0.35,0.71
0.45,0.35,0.71
0.55,0.35,0.71
0.65,0.35,0.71
0.75,0.35,0.71
0.85,0.35,0.71
0.95,0.35,0.71
0.05,0.45,0.71
0.15,0.45,0.71
0.25,0.45,0.71
0.35,0.45,0.71
0.45,0.45,0.71
0.55,0.45,0.71
0.65,0.45,0.71
0.75,0.45,0.71
0.85,0.45,0.71
0.95,0.45,0.71
0.05,0.55,0.71
0.15,0.55,0.71
0.25,0.55,0.71
0.35,0.55,0.71
0.45,0.55,0.71
0.55,0.55,0.71
0.65,0.55,0.71
0.75,0.55,0.71
0.85,0.55,0.71
0.95,0.55,0.71
0.05,0.65,0.71
0.15,0.65,0.71
0.25,0.65,0.71
0.35,0.65,0.71
0.45,0.65,0.71
0.55,0.65,0.71
0.65,0.65,0.71
0.75,0.65,0.71
0.85,0.65,0.71
0.95,0.65,0.71
0.05,0.75,0.71
0.15,0.75,0.71
0.25,0.75,0.71
0.35,0.75,0.71
0.45,0.75,0.71
0.55,0.75,0.71
0.65,0.75,0.71
0.75,0.75,0.71
0.85,0.75,0.71
0.95,0.75,0.71
0.05,0.85,0.71
0.15,0.85,0.71
0.25,0.85,0.71
0.35,0.85,0.71
0.45,0.85,0.71
0.55,0.85,0.71
0.65,0.85,0.71
0.75,0.85,0.71
0.85,0.85,0.71
0.95,0.85,0.71
0.05,0.95,0.71
0.15,0.95,0.71
0.25,0.95,0.71
0.35,0.95,0.71
0.45,0.95,0.71
0.55,0.95,0.71
0.65,0.95,0.71
0.75,0.95,0.71
0.85,0.95,0.71
0.95,0.95,0.71
0.05,-0.95,0.72
0.15,-0.95,0.72
0.25,-0.95,0.72
0.35,-0.95,0.72
0.45,-0.95,0.72
0.55,-0.95,0.72
0.65,-0.95,0.72
0.75,-0.95,0.72
0.85,-0.95,0.72
0.95,-0.95,0.72
0.05,-0.85,0.72
0.15,-0.85,0.72
0.25,-0.85,0.72
0.35,-0.85,0.72
0.45,-0.85,0.72
0.55,-0.85,0.72
0.65,-0.85,0.72
0.75,-0.85,0.72
0.85,-0.85,0.72
0.95,-0.85,0.72
0.05,-0.75,0.72
0.15,-0.75,0.72
0.25,-0.75,0.72
0.35,-0.75,0.72
0.45,-0.75,0.72
0.55,-0.75,0.72
0.65,-0.75,0.72
0.75,-0.75,0.72
0.85,-0.75,0.72
0.95,-0.75,0.72
0.05,-0.65,0.72
0.15,-0.65,0.72
0.25,-0.65,0.72
0.35,-0.65,0.72
0.45,-0.65,0.72
0.55,-0.65,0.72
0.65,-0.65,0.72
0.75,-0.65,0.72
0.85,-0.65,0.72
0.95,-0.65,0.72
0.05,-0.55,0.72
0.15,-0.55,0.72
0.25,-0.55,0.72
0.35,-0.55,0.72
0.45,-0.55,0.72
0.55,-0.55,0.72
0.65,-0.55,0.72
0.75,-0.55,0.72
0.85,-0.55,0.72
0.95,-0.55,0.72
0.05,-0.45,0.72
0.15,-0.45,0.72
0.25,-0.45,0.72
0.35,-0.45,0.72
0.45,-0.45,0.72
0.55,-0.45,0.72
0.65,-0.45,0.72
0.75,-0.45,0.72
0.85,-0.45,0.72
0.95,-0.45,0.72
0.05,-0.35,0.72
0.15,-0.35,0.72
0.25,-0.35,0.72
0.35,-0.35,0.72
0.45,-0.35,0.72
0.55,-0.35,0.72
0.65,-0.35,0.72
0.75,-0.35,0.72
0.85,-0.35,0.72
0.95,-0.35,0.72
0.05,-0.25,0.72
0.15,-0.25,0.72
0.25,-0.25,0.72
0.35,-0.25,0.72
0.45,-0.25,0.72
0.55,-0.25,0.72
0.65,-0.25,0.72
0.75,-0.25,0.72
0.85,-0.25,0.72
0.95,-0.25,0.72
0.05,-0.15,0.72
0.15,-0.15,0.72
0.25,-0.15,0.72
0.35,-0.15,0.72
0.45,-0.15,0.72
0.55,-0.15,0.72
0.65,-0.15,0.72
0.75,-0.15,0.72
0.85,-0.15,0.72
0.95,-0.15,0.72
0.05,-0.05,0.72
0.15,-0.05,0.72
0.25,-0.05,0.72
0.35,-0.05,0.72
0.45,-0.05,0.72
0.55,-0.05,0.72
0.65,-0.05,0.72
0.75,-0.05,0.72
0.85,-0.05,0.72
0.95,-0.05,0.72
0.05,0.05,0.72
0.15,0.05,0.72
0.25,0.05,0.72
0.35,0.05,0.72
0.45,0.05,0.72
0.55,0.05,0.72
0.65,0.05,0.72
0.75,0.05,0.72
0.85,0.05,0.72
0.95,0.05,0.72
0.05,0.15,0.72
0.15,0.15,0.72
0.25,0.15,0.72
0.35,0.15,0.72
0.45,0.15,0.72
0.55,0.15,0.72
0.65,0.15,0.72
0.75,0.15,0.72
0.85,0.15,0.72
0.95,0.15,0.72
0.05,0.25,0.72
0.15,0.25,0.72
0.25,0.25,0.72
0.35,0.25,0.72
0.45,0.25,0.72
0.55,0.25,0.72
0.65,0.25,0.72
0.75,0.25,0.72
0.85,0.25,0.72
0.95,0.25,0.72
0.05,0.35,0.72
0.15,0.35,0.72
0.25,0.35,0.72
0.35,0.35,0.72
0.45,0.35,0.72
0.55,0.35,0.72
0.65,0.35,0.72
0.75,0.35,0.72
0.85,0.35,0.72
0.95,0.35,0.72
0.05,0.45,0.72
0.15,0.45,0.72
0.25,0.45,0.72
0.35,0.45,0.72
0.45,0.45,0.72
0.55,0.45,0.72
0.65,0.45,0.72
0.75,0.45,0.72
0.85,0.45,0.72
0.95,0.45,0.72
0.05,0.55,0.72
0.15,0.55,0.72
0.25,0.55,0.72
0.35,0.55,0.72
0.45,0.55,0.72
0.55,0.55,0.72
0.65,0.55,0.72
0.75,0.55,0.72
0.85,0.55,0.72
0.95,0.55,0.72
0.05,0.65,0.72
0.15,0.65,0.72
0.25,0.65,0.72
0.35,0.65,0.72
0.45,0.65,0.72
0.55,0.65,0.72
0.65,0.65,0.72
0.75,0.65,0.72
0.85,0.65,0.72
0.95,0.65,0.72
0.05,0.75,0.72
0.15,0.75,0.72
0.25,0.75,0.72
0.35,0.75,0.72
0.45,0.75,0.72
0.55,0.75,0.72
0.65,0.75,0.72
0.75,0.75,0.72
0.85,0.75,0.72
0.95,0.75,0.72
0.05,0.85,0.72
0.15,0.85,0.72
0.25,0.85,0.72
0.35,0.85,0.72
0.45,0.85,0.72
0.55,0.85,0.72
0.65,0.85,0.72
0.75,0.85,0.72
0.85,0.85,0.72
0.95,0.85,0.72
0.05,0.95,0.72
0.15,0.95,0.72
0.25,0.95,0.72
0.35,0.95,0.72
0.45,0.95,0.72
0.55,0.95,0.72
0.65,0.95,0.72
0.75,0.95,0.72
0.85,0.95,0.72
0.95,0.95,0.72
0.05,-0.95,0.73
0.15,-0.95,0.73
0.25,-0.95,0.73
0.35,-0.95,0.73
0.45,-0.95,0.73
0.55,-0.95,0.73
0.65,-0.95,0.73
0.75,-0.95,0.73
0.85,-0.95,0.73
0.95,-0.95,0.73
0.05,-0.85,0.73
0.15,-0.85,0.73
0.25,-0.85,0.73
0.35,-0.85,0.73
0.45,-0.85,0.73
0.55,-0.85,0.73
0.65,-0.85,0.73
0.75,-0.85,0.73
0.85,-0.85,0.73
0.95,-0.85,0.73
0.05,-0.75,0.73
0.15,-0.75,0.73
0.25,-0.75,0.73
0.35,-0.75,0.73
0.45,-0.75,0.73
0.55,-0.75,0.73
0.65,-0.75,0.73
0.75,-0.75,0.73
0.85,-0.75,0.73
0.95,-0.75,0.73
0.05,-0.65,0.73
0.15,-0.65,0.73
0.25,-0.65,0.73
0.35,-0.65,0.73
0.45,-0.65,0.73
0.55,-0.65,0.73
0.65,-0.65,0.73
0.75,-0.65,0.73
0.85,-0.65,0.73
0.95,-0.65,0.73
0.05,-0.55,0.73
0.15,-0.55,0.73
0.25,-0.55,0.73
0.35,-0.55,0.73
0.45,-0.55,0.73
0.55,-0.55,0.73
0.65,-0.55,0.73
0.75,-0.55,0.73
0.85,-0.55,0.73
0.95,-0.55,0.73
0.05,-0.45,0.73
0.15,-0.45,0.73
0.25,-0.45,0.73
0.35,-0.45,0.73
0.45,-0.45,0.73
0.55,-0.45,0.73
0.65,-0.45,0.73
0.75,-0.45,0.73
0.85,-0.45,0.73
0.95,-0.45,0.73
0.05,-0.35,0.73
0.15,-0.35,0.73
0.25,-0.35,0.73
0.35,-0.35,0.73
0.45,-0.35,0.73
0.55,-0.35,0.73
0.65,-0.35,0.73
0.75,-0.35,0.73
0.85,-0.35,0.73
0.95,-0.35,0.73
0.05,-0.25,0.73
0.15,-0.25,0.73
0.25,-0.25,0.73
0.35,-0.25,0.73
0.45,-0.25,0.73
0.55,-0.25,0.73
0.65,-0.25,0.73
0.75,-0.25,0.73
0.85,-0.25,0.73
0.95,-0.25,0.73
0.05,-0.15,0.73
0.15,-0.15,0.73
0.25,-0.15,0.73
0.35,-0.15,0.73
0.45,-0.15,0.73
0.55,-0.15,0.73
0.65,-0.15,0.73
0.75,-0.15,0.73
0.85,-0.15,0.73
0.95,-0.15,0.73
0.05,-0.05,0.73
0.15,-0.05,0.73
0.25,-0.05,0.73
0.35,-0.05,0.73
0.45,-0.05,0.73
0.55,-0.05,0.73
0.65,-0.05,0.73
0.75,-0.05,0.73
0.85,-0.05,0.73
0.95,-0.05,0.73
0.05,0.05,0.73
0.15,0.05,0.73
0.25,0.05,0.73
0.35,0.05,0.73
0.45,0.05,0.73
0.55,0.05,0.73
0.65,0.05,0.73
0.75,0.05,0.73
0.85,0.05,0.73
0.95,0.05,0.73
0.05,0.15,0.73
0.15,0.15,0.73
0.25,0.15,0.73
0.35,0.15,0.73
0.45,0.15,0.73
0.55,0.15,0.73
0.65,0.15,0.73
0.75,0.15,0.73
0.85,0.15,0.73
0.95,0.15,0.73
0.05,0.25,0.73
0.15,0.25,0.73
0.25,0.25,0.73
0.35,0.25,0.73
0.45,0.25,0.73
0.55,0.25,0.73
0.65,0.25,0.73
0.75,0.25,0.73
0.85,0.25,0.73
0.95,0.25,0.73
0.05,0.35,0.73
0.15,0.35,0.73
0.25,0.35,0.73
0.35,0.35,0.73
0.45,0.35,0.73
0.55,0.35,0.73
0.65,0.35,0.73
0.75,0.35,0.73
0.85,0.35,0.73
0.95,0.35,0.73
0.05,0.45,0.73
0.15,0.45,0.73
0.25,0.45,0.73
0.35,0.45,0.73
0.45,0.45,0.73
0.55,0.45,0.73
0.65,0.45,0.73
0.75,0.45,0.73
0.85,0.45,0.73
0.95,0.45,0.73
0.05,0.55,0.73
0.15,0.55,0.73
0.25,0.55,0.73
0.35,0.55,0.73
0.45,0.55,0.73
0.55,0.55,0.73
0.65,0.55,0.73
0.75,0.55,0.73
0.85,0.55,0.73
0.95,0.55,0.73
0.05,0.65,0.73
0.15,0.65,0.73
0.25,0.65,0.73
0.35,0.65,0.73
0.45,0.65,0.73
0.55,0.65,0.73
0.65,0.65,0.73
0.75,0.65,0.73
0.85,0.65,0.73
0.95,0.65,0.73
0.05,0.75,0.73
0.15,0.75,0.73
0.25,0.75,0.73
0.35,0.75,0.73
0.45,0.75,0.73
0.55,0.75,0.73
0.65,0.75,0.73
0.75,0.75,0.73
0.85,0.75,0.73
0.95,0.75,0.73
0.05,0.85,0.73
0.15,0.85,0.73
0.25,0.85,0.73
0.35,0.85,0.73
0.45,0.85,0.73
0.55,0.85,0.73
0.65,0.85,0.73
0.75,0.85,0.73
0.85,0.85,0.73
0.95,0.85,0.73
0.05,0.95,0.73
0.15,0.95,0.73
0.25,0.95,0.73
0.35,0.95,0.73
0.45,0.95,0.73
0.55,0.95,0.73
0.65,0.95,0.73
0.75,0.95,0.73
0.85,0.95,0.73
0.95,0.95,0.73
0.05,-0.95,0.74
0.15,-0.95,0.74
0.25,-0.95,0.74
0.35,-0.95,0.74
0.45,-0.95,0.74
0.55,-0.95,0.74
0.65,-0.95,0.74
0.75,-0.95,0.74
0.85,-0.95,0.74
0.95,-0.95,0.74
0.05,-0.85,0.74
0.15,-0.85,0.74
0.25,-0.85,0.74
0.35,-0.85,0.74
0.45,-0.85,0.74
0.55,-0.85,0.74
0.65,-0.85,0.74
0.75,-0.85,0.74
0.85,-0.85,0.74
0.95,-0.85,0.74
0.05,-0.75,0.74
0.15,-0.75,0.74
0.25,-0.75,0.74
0.35,-0.75,0.74
0.45,-0.75,0.74
0.55,-0.75,0.74
0.65,-0.75,0.74
0.75,-0.75,0.74
0.85,-0.75,0.74
0.95,-0.75,0.74
0.05,-0.65,0.74
0.15,-0.65,0.74
0.25,-0.65,0.74
0.35,-0.65,0.74
0.45,-0.65,0.74
0.55,-0.65,0.74
0.65,-0.65,0.74
0.75,-0.65,0.74
0.85,-0.65,0.74
0.95,-0.65,0.74
0.05,-0.55,0.74
0.15,-0.55,0.74
0.25,-0.55,0.74
0.35,-0.55,0.74
0.45,-0.55,0.74
0.55,-0.55,0.74
0.65,-0.55,0.74
0.75,-0.55,0.74
0.85,-0.55,0.74
0.95,-0.55,0.74
0.05,-0.45,0.74
0.15,-0.45,0.74
0.25,-0.45,0.74
0.35,-0.45,0.74
0.45,-0.45,0.74
0.55,-0.45,0.74
0.65,-0.45,0.74
0.75,-0.45,0.74
0.85,-0.45,0.74
0.95,-0.45,0.74
0.05,-0.35,0.74
0.15,-0.35,0.74
0.25,-0.35,0.74
0.35,-0.35,0.74
0.45,-0.35,0.74
0.55,-0.35,0.74
0.65,-0.35,0.74
0.75,-0.35,0.74
0.85,-0.35,0.74
0.95,-0.35,0.74
0.05,-0.25,0.74
0.15,-0.25,0.74
0.25,-0.25,0.74
0.35,-0.25,0.74
0.45,-0.25,0.74
0.55,-0.25,0.74
0.65,-0.25,0.74
0.75,-0.25,0.74
0.85,-0.25,0.74
0.95,-0.25,0.74
0.05,-0.15,0.74
0.15,-0.15,0.74
0.25,-0.15,0.74
0.35,-0.15,0.74
0.45,-0.15,0.74
0.55,-0.15,0.74
0.65,-0.15,0.74
0.75,-0.15,0.74
0.85,-0.15,0.74
0.95,-0.15,0.74
0.05,-0.05,0.74
0.15,-0.05,0.74
0.25,-0.05,0.74
0.35,-0.05,0.74
0.45,-0.05,0.74
0.55,-0.05,0.74
0.65,-0.05,0.74
0.75,-0.05,0.74
0.85,-0.05,0.74
0.95,-0.05,0.74
0.05,0.05,0.74
0.15,0.05,0.74
0.25,0.05,0.74
0.35,0.05,0.74
0.45,0.05,0.74
0.55,0.05,0.74
0.65,0.05,0.74
0.75,0.05,0.74
0.85,0.05,0.74
0.95,0.05,0.74
0.05,0.15,0.74
0.15,0.15,0.74
0.25,0.15,0.74
0.35,0.15,0.74
0.45,0.15,0.74
0.55,0.15,0.74
0.65,0.15,0.74
0.75,0.15,0.74
0.85,0.15,0.74
0.95,0.15,0.74
0.05,0.25,0.74
0.15,0.25,0.74
0.25,0.25,0.74
0.35,0.25,0.74
0.45,0.25,0.74
0.55,0.25,0.74
0.65,0.25,0.74
0.75,0.25,0.74
0.85,0.25,0.74
0.95,0.25,0.74
0.05,0.35,0.74
0.15,0.35,0.74
0.25,0.35,0.74
0.35,0.35,0.74
0.45,0.35,0.74
0.55,0.35,0.74
0.65,0.35,0.74
0.75,0.35,0.74
0.85,0.35,0.74
0.95,0.35,0.74
0.05,0.45,0.74
0.15,0.45,0.74
0.25,0.45,0.74
0.35,0.45,0.74
0.45,0.45,0.74
0.55,0.45,0.74
0.65,0.45,0.74
0.75,0.45,0.74
0.85,0.45,0.74
0.95,0.45,0.74
0.05,0.55,0.74
0.15,0.55,0.74
0.25,0.55,0.74
0.35,0.55,0.74
0.45,0.55,0.74
0.55,0.55,0.74
0.65,0.55,0.74
0.75,0.55,0.74
0.85,0.55,0.74
0.95,0.55,0.74
0.05,0.65,0.74
0.15,0.65,0.74
0.25,0.65,0.74
0.35,0.65,0.74
0.45,0.65,0.74
0.55,0.65,0.74
0.65,0.65,0.74
0.75,0.65,0.74
0.85,0.65,0.74
0.95,0.65,0.74
0.05,0.75,0.74
0.15,0.75,0.74
0.25,0.75,0.74
0.35,0.75,0.74
0.45,0.75,0.74
0.55,0.75,0.74
0.65,0.75,0.74
0.75,0.75,0.74
0.85,0.75,0.74
0.95,0.75,0.74
0.05,0.85,0.74
0.15,0.85,0.74
0.25,0.85,0.74
0.35,0.85,0.74
0.45,0.85,0.74
0.55,0.85,0.74
0.65,0.85,0.74
0.75,0.85,0.74
0.85,0.85,0.74
0.95,0.85,0.74
0.05,0.95,0.74
0.15,0.95,0.74
0.25,0.95,0.74
0.35,0.95,0.74
0.45,0.95,0.74
0.55,0.95,0.74
0.65,0.95,0.74
0.75,0.95,0.74
0.85,0.95,0.74
0.95,0.95,0.74
0.05,-0.95,0.75
0.15,-0.95,0.75
0.25,-0.95,0.75
0.35,-0.95,0.75
0.45,-0.95,0.75
0.55,-0.95,0.75
0.65,-0.95,0.75
0.75,-0.95,0.75
0.85,-0.95,0.75
0.95,-0.95,0.75
0.05,-0.85,0.75
0.15,-0.85,0.75
0.25,-0.85,0.75
0.35,-0.85,0.75
0.45,-0.85,0.75
0.55,-0.85,0.75
0.65,-0.85,0.75
0.75,-0.85,0.75
0.85,-0.85,0.75
0.95,-0.85,0.75
0.05,-0.75,0.75
0.15,-0.75,0.75
0.25,-0.75,0.75
0.35,-0.75,0.75
0.45,-0.75,0.75
0.55,-0.75,0.75
0.65,-0.75,0.75
0.75,-0.75,0.75
0.85,-0.75,0.75
0.95,-0.75,0.75
0.05,-0.65,0.75
0.15,-0.65,0.75
0.25,-0.65,0.75
0.35,-0.65,0.75
0.45,-0.65,0.75
0.55,-0.65,0.75
0.65,-0.65,0.75
0.75,-0.65,0.75
0.85,-0.65,0.75
0.95,-0.65,0.75
0.05,-0.55,0.75
0.15,-0.55,0.75
0.25,-0.55,0.75
0.35,-0.55,0.75
0.45,-0.55,0.75
0.55,-0.55,0.75
0.65,-0.55,0.75
0.75,-0.55,0.75
0.85,-0.55,0.75
0.95,-0.55,0.75
0.05,-0.45,0.75
0.15,-0.45,0.75
0.25,-0.45,0.75
0.35,-0.45,0.75
0.45,-0.45,0.75
0.55,-0.45,0.75
0.65,-0.45,0.75
0.75,-0.45,0.75
0.85,-0.45,0.75
0.95,-0.45,0.75
0.05,-0.35,0.75
0.15,-0.35,0.75
0.25,-0.35,0.75
0.35,-0.35,0.75
0.45,-0.35,0.75
0.55,-0.35,0.75
0.65,-0.35,0.75
0.75,-0.35,0.75
0.85,-0.35,0.75
0.95,-0.35,0.75
0.05,-0.25,0.75
0.15,-0.25,0.75
0.25,-0.25,0.75
0.35,-0.25,0.75
0.45,-0.25,0.75
0.55,-0.25,0.75
0.65,-0.25,0.75
0.75,-0.25,0.75
0.85,-0.25,0.75
0.95,-0.25,0.75
0.05,-0.15,0.75
0.15,-0.15,0.75
0.25,-0.15,0.75
0.35,-0.15,0.75
0.45,-0.15,0.75
0.55,-0.15,0.75
0.65,-0.15,0.75
0.75,-0.15,0.75
0.85,-0.15,0.75
0.95,-0.15,0.75
0.05,-0.05,0.75
0.15,-0.05,0.75
0.25,-0.05,0.75
0.35,-0.05,0.75
0.45,-0.05,0.75
0.55,-0.05,0.75
0.65,-0.05,0.75
0.75,-0.05,0.75
0.85,-0.05,0.75
0.95,-0.05,0.75
0.05,0.05,0.75
0.15,0.05,0.75
0.25,0.05,0.75
0.35,0.05,0.75
0.45,0.05,0.75
0.55,0.05,0.75
0.65,0.05,0.75
0.75,0.05,0.75
0.85,0.05,0.75
0.95,0.05,0.75
0.05,0.15,0.75
0.15,0.15,0.75
0.25,0.15,0.75
0.35,0.15,0.75
0.45,0.15,0.75
0.55,0.15,0.75
0.65,0.15,0.75
0.75,0.15,0.75
0.85,0.15,0.75
0.95,0.15,0.75
0.05,0.25,0.75
0.15,0.25,0.75
0.25,0.25,0.75
0.35,0.25,0.75
0.45,0.25,0.75
0.55,0.25,0.75
0.65,0.25,0.75
0.75,0.25,0.75
0.85,0.25,0.75
0.95,0.25,0.75
0.05,0.35,0.75
0.15,0.35,0.75
0.25,0.35,0.75
0.35,0.35,0.75
0.45,0.35,0.75
0.55,0.35,0.75
0.65,0.35,0.75
0.75,0.35,0.75
0.85,0.35,0.75
0.95,0.35,0.75
0.05,0.45,0.75
0.15,0.45,0.75
0.25,0.45,0.75
0.35,0.45,0.75
0.45,0.45,0.75
0.55,0.45,0.75
0.65,0.45,0.75
0.75,0.45,0.75
0.85,0.45,0.75
0.95,0.45,0.75
0.05,0.55,0.75
0.15,0.55,0.75
0.25,0.55,0.75
0.35,0.55,0.75
0.45,0.55,0.75
0.55,0.55,0.75
0.65,0.55,0.75
0.75,0.55,0.75
0.85,0.55,0.75
0.95,0.55,0.75
0.05,0.65,0.75
0.15,0.65,0.75
0.25,0.65,0.75
0.35,0.65,0.75
0.45,0.65,0.75
0.55,0.65,0.75
0.65,0.65,0.75
0.75,0.65,0.75
0.85,0.65,0.75
0.95,0.65,0.75
0.05,0.75,0.75
0.15,0.75,0.75
0.25,0.75,0.75
0.35,0.75,0.75
0.45,0.75,0.75
0.55,0.75,0.75
0.65,0.75,0.75
0.75,0.75,0.75
0.85,0.75,0.75
0.95,0.75,0.75
0.05,0.85,0.75
0.15,0.85,0.75
0.25,0.85,0.75
0.35,0.85,0.75
0.45,0.85,0.75
0.55,0.85,0.75
0.65,0.85,0.75
0.75,0.85,0.75
0.85,0.85,0.75
0.95,0.85,0.75
0.05,0.95,0.75
0.15,0.95,0.75
0.25,0.95,0.75
0.35,0.95,0.75
0.45,0.95,0.75
0.55,0.95,0.75
0.65,0.95,0.75
0.75,0.95,0.75
0.85,0.95,0.75
0.95,0.95,0.75
0.05,-0.95,0.76
0.15,-0.95,0.76
0.25,-0.95,0.76
0.35,-0.95,0.76
0.45,-0.95,0.76
0.55,-0.95,0.76
0.65,-0.95,0.76
0.75,-0.95,0.76
0.85,-0.95,0.76
0.95,-0.95,0.76
0.05,-0.85,0.76
0.15,-0.85,0.76
0.25,-0.85,0.76
0.35,-0.85,0.76
0.45,-0.85,0.76
0.55,-0.85,0.76
0.65,-0.85,0.76
0.75,-0.85,0.76
0.85,-0.85,0.76
0.95,-0.85,0.76
0.05,-0.75,0.76
0.15,-0.75,0.76
0.25,-0.75,0.76
0.35,-0.75,0.76
0.45,-0.75,0.76
0.55,-0.75,0.76
0.65,-0.75,0.76
0.75,-0.75,0.76
0.85,-0.75,0.76
0.95,-0.75,0.76
0.05,-0.65,0.76
0.15,-0.65,0.76
0.25,-0.65,0.76
0.35,-0.65,0.76
0.45,-0.65,0.76
0.55,-0.65,0.76
0.65,-0.65,0.76
0.75,-0.65,0.76
0.85,-0.65,0.76
0.95,-0.65,0.76
0.05,-0.55,0.76
0.15,-0.55,0.76
0.25,-0.55,0.76
0.35,-0.55,0.76
0.45,-0.55,0.76
0.55,-0.55,0.76
0.65,-0.55,0.76
0.75,-0.55,0.76
0.85,-0.55,0.76
0.95,-0.55,0.76
0.05,-0.45,0.76
0.15,-0.45,0.76
0.25,-0.45,0.76
0.35,-0.45,0.76
0.45,-0.45,0.76
0.55,-0.45,0.76
0.65,-0.45,0.76
0.75,-0.45,0.76
0.85,-0.45,0.76
0.95,-0.45,0.76
0.05,-0.35,0.76
0.15,-0.35,0.76
0.25,-0.35,0.76
0.35,-0.35,0.76
0.45,-0.35,0.76
0.55,-0.35,0.76
0.65,-0.35,0.76
0.75,-0.35,0.76
0.85,-0.35,0.76
0.95,-0.35,0.76
0.05,-0.25,0.76
0.15,-0.25,0.76
0.25,-0.25,0.76
0.35,-0.25,0.76
0.45,-0.25,0.76
0.55,-0.25,0.76
0.65,-0.25,0.76
0.75,-0.25,0.76
0.85,-0.25,0.76
0.95,-0.25,0.76
0.05,-0.15,0.76
0.15,-0.15,0.76
0.25,-0.15,0.76
0.35,-0.15,0.76
0.45,-0.15,0.76
0.55,-0.15,0.76
0.65,-0.15,0.76
0.75,-0.15,0.76
0.85,-0.15,0.76
0.95,-0.15,0.76
0.05,-0.05,0.76
0.15,-0.05,0.76
0.25,-0.05,0.76
0.35,-0.05,0.76
0.45,-0.05,0.76
0.55,-0.05,0.76
0.65,-0.05,0.76
0.75,-0.05,0.76
0.85,-0.05,0.76
0.95,-0.05,0.76
0.05,0.05,0.76
0.15,0.05,0.76
0.25,0.05,0.76
0.35,0.05,0.76
0.45,0.05,0.76
0.55,0.05,0.76
0.65,0.05,0.76
0.75,0.05,0.76
0.85,0.05,0.76
0.95,0.05,0.76
0.05,0.15,0.76
0.15,0.15,0.76
0.25,0.15,0.76
0.35,0.15,0.76
0.45,0.15,0.76
0.55,0.15,0.76
0.65,0.15,0.76
0.75,0.15,0.76
0.85,0.15,0.76
0.95,0.15,0.76
0.05,0.25,0.76
0.15,0.25,0.76
0.25,0.25,0.76
0.35,0.25,0.76
0.45,0.25,0.76
0.55,0.25,0.76
0.65,0.25,0.76
0.75,0.25,0.76
0.85,0.25,0.76
0.95,0.25,0.76
0.05,0.35,0.76
0.15,0.35,0.76
0.25,0.35,0.76
0.35,0.35,0.76
0.45,0.35,0.76
0.55,0.35,0.76
0.65,0.35,0.76
0.75,0.35,0.76
0.85,0.35,0.76
0.95,0.35,0.76
0.05,0.45,0.76
0.15,0.45,0.76
0.25,0.45,0.76
0.35,0.45,0.76
0.45,0.45,0.76
0.55,0.45,0.76
0.65,0.45,0.76
0.75,0.45,0.76
0.85,0.45,0.76
0.95,0.45,0.76
0.05,0.55,0.76
0.15,0.55,0.76
0.25,0.55,0.76
0.35,0.55,0.76
0.45,0.55,0.76
0.55,0.55,0.76
0.65,0.55,0.76
0.75,0.55,0.76
0.85,0.55,0.76
0.95,0.55,0.76
0.05,0.65,0.76
0.15,0.65,0.76
0.25,0.65,0.76
0.35,0.65,0.76
0.45,0.65,0.76
0.55,0.65,0.76
0.65,0.65,0.76
0.75,0.65,0.76
0.85,0.65,0.76
0.95,0.65,0.76
0.05,0.75,0.76
0.15,0.75,0.76
0.25,0.75,0.76
0.35,0.75,0.76
0.45,0.75,0.76
0.55,0.75,0.76
0.65,0.75,0.76
0.75,0.75,0.76
0.85,0.75,0.76
0.95,0.75,0.76
0.05,0.85,0.76
0.15,0.85,0.76
0.25,0.85,0.76
0.35,0.85,0.76
0.45,0.85,0.76
0.55,0.85,0.76
0.65,0.85,0.76
0.75,0.85,0.76
0.85,0.85,0.76
0.95,0.85,0.76
0.05,0.95,0.76
0.15,0.95,0.76
0.25,0.95,0.76
0.35,0.95,0.76
0.45,0.95,0.76
0.55,0.95,0.76
0.65,0.95,0.76
0.75,0.95,0.76
0.85,0.95,0.76
0.95,0.95,0.76
0.05,-0.95,0.77
0.15,-0.95,0.77
0.25,-0.95,0.77
0.35,-0.95,0.77
0.45,-0.95,0.77
0.55,-0.95,0.77
0.65,-0.95,0.77
0.75,-0.95,0.77
0.85,-0.95,0.77
0.95,-0.95,0.77
0.05,-0.85,0.77
0.15,-0.85,0.77
0.25,-0.85,0.77
0.35,-0.85,0.77
0.45,-0.85,0.77
0.55,-0.85,0.77
0.65,-0.85,0.77
0.75,-0.85,0.77
0.85,-0.85,0.77
0.95,-0.85,0.77
0.05,-0.75,0.77
0.15,-0.75,0.77
0.25,-0.75,0.77
0.35,-0.75,0.77
0.45,-0.75,0.77
0.55,-0.75,0.77
0.65,-0.75,0.77
0.75,-0.75,0.77
0.85,-0.75,0.77
0.95,-0.75,0.77
0.05,-0.65,0.77
0.15,-0.65,0.77
0.25,-0.65,0.77
0.35,-0.65,0.77
0.45,-0.65,0.77
0.55,-0.65,0.77
0.65,-0.65,0.77
0.75,-0.65,0.77
0.85,-0.65,0.77
0.95,-0.65,0.77
0.05,-0.55,0.77
0.15,-0.55,0.77
0.25,-0.55,0.77
0.35,-0.55,0.77
0.45,-0.55,0.77
0.55,-0.55,0.77
0.65,-0.55,0.77
0.75,-0.55,0.77
0.85,-0.55,0.77
0.95,-0.55,0.77
0.05,-0.45,0.77
0.15,-0.45,0.77
0.25,-0.45,0.77
0.35,-0.45,0.77
0.45,-0.45,0.77
0.55,-0.45,0.77
0.65,-0.45,0.77
0.75,-0.45,0.77
0.85,-0.45,0.77
0.95,-0.45,0.77
0.05,-0.35,0.77
0.15,-0.35,0.77
0.25,-0.35,0.77
0.35,-0.35,0.77
0.45,-0.35,0.77
0.55,-0.35,0.77
0.65,-0.35,0.77
0.75,-0.35,0.77
0.85,-0.35,0.77
0.95,-0.35,0.77
0.05,-0.25,0.77
0.15,-0.25,0.77
0.25,-0.25,0.77
0.35,-0.25,0.77
0.45,-0.25,0.77
0.55,-0.25,0.77
0.65,-0.25,0.77
0.75,-0.25,0.77
0.85,-0.25,0.77
0.95,-0.25,0.77
0.05,-0.15,0.77
0.15,-0.15,0.77
0.25,-0.15,0.77
0.35,-0.15,0.77
0.45,-0.15,0.77
0.55,-0.15,0.77
0.65,-0.15,0.77
0.75,-0.15,0.77
0.85,-0.15,0.77
0.95,-0.15,0.77
0.05,-0.05,0.77
0.15,-0.05,0.77
0.25,-0.05,0.77
0.35,-0.05,0.77
0.45,-0.05,0.77
0.55,-0.05,0.77
0.65,-0.05,0.77
0.75,-0.05,0.77
0.85,-0.05,0.77
0.95,-0.05,0.77
0.05,0.05,0.77
0.15,0.05,0.77
0.25,0.05,0.77
0.35,0.05,0.77
0.45,0.05,0.77
0.55,0.05,0.77
0.65,0.05,0.77
0.75,0.05,0.77
0.85,0.05,0.77
0.95,0.05,0.77
0.05,0.15,0.77
0.15,0.15,0.77
0.25,0.15,0.77
0.35,0.15,0.77
0.45,0.15,0.77
0.55,0.15,0.77
0.65,0.15,0.77
0.75,0.15,0.77
0.85,0.15,0.77
0.95,0.15,0.77
0.05,0.25,0.77
0.15,0.25,0.77
0.25,0.25,0.77
0.35,0.25,0.77
0.45,0.25,0.77
0.55,0.25,0.77
0.65,0.25,0.77
0.75,0.25,0.77
0.85,0.25,0.77
0.95,0.25,0.77
0.05,0.35,0.77
0.15,0.35,0.77
0.25,0.35,0.77
0.35,0.35,0.77
0.45,0.35,0.77
0.55,0.35,0.77
0.65,0.35,0.77
0.75,0.35,0.77
0.85,0.35,0.77
0.95,0.35,0.77
0.05,0.45,0.77
0.15,0.45,0.77
0.25,0.45,0.77
0.35,0.45,0.77
0.45,0.45,0.77
0.55,0.45,0.77
0.65,0.45,0.77
0.75,0.45,0.77
0.85,0.45,0.77
0.95,0.45,0.77
0.05,0.55,0.77
0.15,0.55,0.77
0.25,0.55,0.77
0.35,0.55,0.77
0.45,0.55,0.77
0.55,0.55,0.77
0.65,0.55,0.77
0.75,0.55,0.77
0.85,0.55,0.77
0.95,0.55,0.77
0.05,0.65,0.77
0.15,0.65,0.77
0.25,0.65,0.77
0.35,0.65,0.77
0.45,0.65,0.77
0.55,0.65,0.77
0.65,0.65,0.77
0.75,0.65,0.77
0.85,0.65,0.77
0.95,0.65,0.77
0.05,0.75,0.77
0.15,0.75,0.77
0.25,0.75,0.77
0.35,0.75,0.77
0.45,0.75,0.77
0.55,0.75,0.77
0.65,0.75,0.77
0.75,0.75,0.77
0.85,0.75,0.77
0.95,0.75,0.77
0.05,0.85,0.77
0.15,0.85,0.77
0.25,0.85,0.77
0.35,0.85,0.77
0.45,0.85,0.77
0.55,0.85,0.77
0.65,0.85,0.77
0.75,0.85,0.77
0.85,0.85,0.77
0.95,0.85,0.77
0.05,0.95,0.77
0.15,0.95,0.77
0.25,0.95,0.77
0.35,0.95,0.77
0.45,0.95,0.77
0.55,0.95,0.77
0.65,0.95,0.77
0.75,0.95,0.77
0.85,0.95,0.77
0.95,0.95,0.77
0.05,-0.95,0.78
0.15,-0.95,0.78
0.25,-0.95,0.78
0.35,-0.95,0.78
0.45,-0.95,0.78
0.55,-0.95,0.78
0.65,-0.95,0.78
0.75,-0.95,0.78
0.85,-0.95,0.78
0.95,-0.95,0.78
0.05,-0.85,0.78
0.15,-0.85,0.78
0.25,-0.85,0.78
0.35,-0.85,0.78
0.45,-0.85,0.78
0.55,-0.85,0.78
0.65,-0.85,0.78
0.75,-0.85,0.78
0.85,-0.85,0.78
0.95,-0.85,0.78
0.05,-0.75,0.78
0.15,-0.75,0.78
0.25,-0.75,0.78
0.35,-0.75,0.78
0.45,-0.75,0.78
0.55,-0.75,0.78
0.65,-0.75,0.78
0.75,-0.75,0.78
0.85,-0.75,0.78
0.95,-0.75,0.78
0.05,-0.65,0.78
0.15,-0.65,0.78
0.25,-0.65,0.78
0.35,-0.65,0.78
0.45,-0.65,0.78
0.55,-0.65,0.78
0.65,-0.65,0.78
0.75,-0.65,0.78
0.85,-0.65,0.78
0.95,-0.65,0.78
0.05,-0.55,0.78
0.15,-0.55,0.78
0.25,-0.55,0.78
0.35,-0.55,0.78
0.45,-0.55,0.78
0.55,-0.55,0.78
0.65,-0.55,0.78
0.75,-0.55,0.78
0.85,-0.55,0.78
0.95,-0.55,0.78
0.05,-0.45,0.78
0.15,-0.45,0.78
0.25,-0.45,0.78
0.35,-0.45,0.78
0.45,-0.45,0.78
0.55,-0.45,0.78
0.65,-0.45,0.78
0.75,-0.45,0.78
0.85,-0.45,0.78
0.95,-0.45,0.78
0.05,-0.35,0.78
0.15,-0.35,0.78
0.25,-0.35,0.78
0.35,-0.35,0.78
0.45,-0.35,0.78
0.55,-0.35,0.78
0.65,-0.35,0.78
0.75,-0.35,0.78
0.85,-0.35,0.78
0.95,-0.35,0.78
0.05,-0.25,0.78
0.15,-0.25,0.78
0.25,-0.25,0.78
0.35,-0.25,0.78
0.45,-0.25,0.78
0.55,-0.25,0.78
0.65,-0.25,0.78
0.75,-0.25,0.78
0.85,-0.25,0.78
0.95,-0.25,0.78
0.05,-0.15,0.78
0.15,-0.15,0.78
0.25,-0.15,0.78
0.35,-0.15,0.78
0.45,-0.15,0.78
0.55,-0.15,0.78
0.65,-0.15,0.78
0.75,-0.15,0.78
0.85,-0.15,0.78
0.95,-0.15,0.78
0.05,-0.05,0.78
0.15,-0.05,0.78
0.25,-0.05,0.78
0.35,-0.05,0.78
0.45,-0.05,0.78
0.55,-0.05,0.78
0.65,-0.05,0.78
0.75,-0.05,0.78
0.85,-0.05,0.78
0.95,-0.05,0.78
0.05,0.05,0.78
0.15,0.05,0.78
0.25,0.05,0.78
0.35,0.05,0.78
0.45,0.05,0.78
0.55,0.05,0.78
0.65,0.05,0.78
0.75,0.05,0.78
0.85,0.05,0.78
0.95,0.05,0.78
0.05,0.15,0.78
0.15,0.15,0.78
0.25,0.15,0.78
0.35,0.15,0.78
0.45,0.15,0.78
0.55,0.15,0.78
0.65,0.15,0.78
0.75,0.15,0.78
0.85,0.15,0.78
0.95,0.15,0.78
0.05,0.25,0.78
0.15,0.25,0.78
0.25,0.25,0.78
0.35,0.25,0.78
0.45,0.25,0.78
0.55,0.25,0.78
0.65,0.25,0.78
0.75,0.25,0.78
0.85,0.25,0.78
0.95,0.25,0.78
0.05,0.35,0.78
0.15,0.35,0.78
0.25,0.35,0.78
0.35,0.35,0.78
0.45,0.35,0.78
0.55,0.35,0.78
0.65,0.35,0.78
0.75,0.35,0.78
0.85,0.35,0.78
0.95,0.35,0.78
0.05,0.45,0.78
0.15,0.45,0.78
0.25,0.45,0.78
0.35,0.45,0.78
0.45,0.45,0.78
0.55,0.45,0.78
0.65,0.45,0.78
0.75,0.45,0.78
0.85,0.45,0.78
0.95,0.45,0.78
0.05,0.55,0.78
0.15,0.55,0.78
0.25,0.55,0.78
0.35,0.55,0.78
0.45,0.55,0.78
0.55,0.55,0.78
0.65,0.55,0.78
0.75,0.55,0.78
0.85,0.55,0.78
0.95,0.55,0.78
0.05,0.65,0.78
0.15,0.65,0.78
0.25,0.65,0.78
0.35,0.65,0.78
0.45,0.65,0.78
0.55,0.65,0.78
0.65,0.65,0.78
0.75,0.65,0.78
0.85,0.65,0.78
0.95,0.65,0.78
0.05,0.75,0.78
0.15,0.75,0.78
0.25,0.75,0.78
0.35,0.75,0.78
0.45,0.75,0.78
0.55,0.75,0.78
0.65,0.75,0.78
0.75,0.75,0.78
0.85,0.75,0.78
0.95,0.75,0.78
0.05,0.85,0.78
0.15,0.85,0.78
0.25,0.85,0.78
0.35,0.85,0.78
0.45,0.85,0.78
0.55,0.85,0.78
0.65,0.85,0.78
0.75,0.85,0.78
0.85,0.85,0.78
0.95,0.85,0.78
0.05,0.95,0.78
0.15,0.95,0.78
0.25,0.95,0.78
0.35,0.95,0.78
0.45,0.95,0.78
0.55,0.95,0.78
0.65,0.95,0.78
0.75,0.95,0.78
0.85,0.95,0.78
0.95,0.95,0.78
0.05,-0.95,0.79
0.15,-0.95,0.79
0.25,-0.95,0.79
0.35,-0.95,0.79
0.45,-0.95,0.79
0.55,-0.95,0.79
0.65,-0.95,0.79
0.75,-0.95,0.79
0.85,-0.95,0.79
0.95,-0.95,0.79
0.05,-0.85,0.79
0.15,-0.85,0.79
0.25,-0.85,0.79
0.35,-0.85,0.79
0.45,-0.85,0.79
0.55,-0.85,0.79
0.65,-0.85,0.79
0.75,-0.85,0.79
0.85,-0.85,0.79
0.95,-0.85,0.79
0.05,-0.75,0.79
0.15,-0.75,0.79
0.25,-0.75,0.79
0.35,-0.75,0.79
0.45,-0.75,0.79
0.55,-0.75,0.79
0.65,-0.75,0.79
0.75,-0.75,0.79
0.85,-0.75,0.79
0.95,-0.75,0.79
0.05,-0.65,0.79
0.15,-0.65,0.79
0.25,-0.65,0.79
0.35,-0.65,0.79
0.45,-0.65,0.79
0.55,-0.65,0.79
0.65,-0.65,0.79
0.75,-0.65,0.79
0.85,-0.65,0.79
0.95,-0.65,0.79
0.05,-0.55,0.79
0.15,-0.55,0.79
0.25,-0.55,0.79
0.35,-0.55,0.79
0.45,-0.55,0.79
0.55,-0.55,0.79
0.65,-0.55,0.79
0.75,-0.55,0.79
0.85,-0.55,0.79
0.95,-0.55,0.79
0.05,-0.45,0.79
0.15,-0.45,0.79
0.25,-0.45,0.79
0.35,-0.45,0.79
0.45,-0.45,0.79
0.55,-0.45,0.79
0.65,-0.45,0.79
0.75,-0.45,0.79
0.85,-0.45,0.79
0.95,-0.45,0.79
0.05,-0.35,0.79
0.15,-0.35,0.79
0.25,-0.35,0.79
0.35,-0.35,0.79
0.45,-0.35,0.79
0.55,-0.35,0.79
0.65,-0.35,0.79
0.75,-0.35,0.79
0.85,-0.35,0.79
0.95,-0.35,0.79
0.05,-0.25,0.79
0.15,-0.25,0.79
0.25,-0.25,0.79
0.35,-0.25,0.79
0.45,-0.25,0.79
0.55,-0.25,0.79
0.65,-0.25,0.79
0.75,-0.25,0.79
0.85,-0.25,0.79
0.95,-0.25,0.79
0.05,-0.15,0.79
0.15,-0.15,0.79
0.25,-0.15,0.79
0.35,-0.15,0.79
0.45,-0.15,0.79
0.55,-0.15,0.79
0.65,-0.15,0.79
0.75,-0.15,0.79
0.85,-0.15,0.79
0.95,-0.15,0.79
0.05,-0.05,0.79
0.15,-0.05,0.79
0.25,-0.05,0.79
0.35,-0.05,0.79
0.45,-0.05,0.79
0.55,-0.05,0.79
0.65,-0.05,0.79
0.75,-0.05,0.79
0.85,-0.05,0.79
0.95,-0.05,0.79
0.05,0.05,0.79
0.15,0.05,0.79
0.25,0.05,0.79
0.35,0.05,0.79
0.45,0.05,0.79
0.55,0.05,0.79
0.65,0.05,0.79
0.75,0.05,0.79
0.85,0.05,0.79
0.95,0.05,0.79
0.05,0.15,0.79
0.15,0.15,0.79
0.25,0.15,0.79
0.35,0.15,0.79
0.45,0.15,0.79
0.55,0.15,0.79
0.65,0.15,0.79
0.75,0.15,0.79
0.85,0.15,0.79
0.95,0.15,0.79
0.05,0.25,0.79
0.15,0.25,0.79
0.25,0.25,0.79
0.35,0.25,0.79
0.45,0.25,0.79
0.55,0.25,0.79
0.65,0.25,0.79
0.75,0.25,0.79
0.85,0.25,0.79
0.95,0.25,0.79
0.05,0.35,0.79
0.15,0.35,0.79
0.25,0.35,0.79
0.35,0.35,0.79
0.45,0.35,0.79
0.55,0.35,0.79
0.65,0.35,0.79
0.75,0.35,0.79
0.85,0.35,0.79
0.95,0.35,0.79
0.05,0.45,0.79
0.15,0.45,0.79
0.25,0.45,0.79
0.35,0.45,0.79
0.45,0.45,0.79
0.55,0.45,0.79
0.65,0.45,0.79
0.75,0.45,0.79
0.85,0.45,0.79
0.95,0.45,0.79
0.05,0.55,0.79
0.15,0.55,0.79
0.25,0.55,0.79
0.35,0.55,0.79
0.45,0.55,0.79
0.55,0.55,0.79
0.65,0.55,0.79
0.75,0.55,0.79
0.85,0.55,0.79
0.95,0.55,0.79
0.05,0.65,0.79
0.15,0.65,0.79
0.25,0.65,0.79
0.35,0.65,0.79
0.45,0.65,0.79
0.55,0.65,0.79
0.65,0.65,0.79
0.75,0.65,0.79
0.85,0.65,0.79
0.95,0.65,0.79
0.05,0.75,0.79
0.15,0.75,0.79
0.25,0.75,0.79
0.35,0.75,0.79
0.45,0.75,0.79
0.55,0.75,0.79
0.65,0.75,0.79
0.75,0.75,0.79
0.85,0.75,0.79
0.95,0.75,0.79
0.05,0.85,0.79
0.15,0.85,0.79
0.25,0.85,0.79
0.35,0.85,0.79
0.45,0.85,0.79
0.55,0.85,0.79
0.65,0.85,0.79
0.75,0.85,0.79
0.85,0.85,0.79
0.95,0.85,0.79
0.05,0.95,0.79
0.15,0.95,0.79
0.25,0.95,0.79
0.35,0.95,0.79
0.45,0.95,0.79
0.55,0.95,0.79
0.65,0.95,0.79
0.75,0.95,0.79
0.85,0.95,0.79
0.95,0.95,0.79
0.05,-0.95,0.8
0.15,-0.95,0.8
0.25,-0.95,0.8
0.35,-0.95,0.8
0.45,-0.95,0.8
0.55,-0.95,0.8
0.65,-0.95,0.8
0.75,-0.95,0.8
0.85,-0.95,0.8
0.95,-0.95,0.8
0.05,-0.85,0.8
0.15,-0.85,0.8
0.25,-0.85,0.8
0.35,-0.85,0.8
0.45,-0.85,0.8
0.55,-0.85,0.8
0.65,-0.85,0.8
0.75,-0.85,0.8
0.85,-0.85,0.8
0.95,-0.85,0.8
0.05,-0.75,0.8
0.15,-0.75,0.8
0.25,-0.75,0.8
0.35,-0.75,0.8
0.45,-0.75,0.8
0.55,-0.75,0.8
0.65,-0.75,0.8
0.75,-0.75,0.8
0.85,-0.75,0.8
0.95,-0.75,0.8
0.05,-0.65,0.8
0.15,-0.65,0.8
0.25,-0.65,0.8
0.35,-0.65,0.8
0.45,-0.65,0.8
0.55,-0.65,0.8
0.65,-0.65,0.8
0.75,-0.65,0.8
0.85,-0.65,0.8
0.95,-0.65,0.8
0.05,-0.55,0.8
0.15,-0.55,0.8
0.25,-0.55,0.8
0.35,-0.55,0.8
0.45,-0.55,0.8
0.55,-0.55,0.8
0.65,-0.55,0.8
0.75,-0.55,0.8
0.85,-0.55,0.8
0.95,-0.55,0.8
0.05,-0.45,0.8
0.15,-0.45,0.8
0.25,-0.45,0.8
0.35,-0.45,0.8
0.45,-0.45,0.8
0.55,-0.45,0.8
0.65,-0.45,0.8
0.75,-0.45,0.8
0.85,-0.45,0.8
0.95,-0.45,0.8
0.05,-0.35,0.8
0.15,-0.35,0.8
0.25,-0.35,0.8
0.35,-0.35,0.8
0.45,-0.35,0.8
0.55,-0.35,0.8
0.65,-0.35,0.8
0.75,-0.35,0.8
0.85,-0.35,0.8
0.95,-0.35,0.8
0.05,-0.25,0.8
0.15,-0.25,0.8
0.25,-0.25,0.8
0.35,-0.25,0.8
0.45,-0.25,0.8
0.55,-0.25,0.8
0.65,-0.25,0.8
0.75,-0.25,0.8
0.85,-0.25,0.8
0.95,-0.25,0.8
0.05,-0.15,0.8
0.15,-0.15,0.8
0.25,-0.15,0.8
0.35,-0.15,0.8
0.45,-0.15,0.8
0.55,-0.15,0.8
0.65,-0.15,0.8
0.75,-0.15,0.8
0.85,-0.15,0.8
0.95,-0.15,0.8
0.05,-0.05,0.8
0.15,-0.05,0.8
0.25,-0.05,0.8
0.35,-0.05,0.8
0.45,-0.05,0.8
0.55,-0.05,0.8
0.65,-0.05,0.8
0.75,-0.05,0.8
0.85,-0.05,0.8
0.95,-0.05,0.8
0.05,0.05,0.8
0.15,0.05,0.8
0.25,0.05,0.8
0.35,0.05,0.8
0.45,0.05,0.8
0.55,0.05,0.8
0.65,0.05,0.8
0.75,0.05,0.8
0.85,0.05,0.8
0.95,0.05,0.8
0.05,0.15,0.8
0.15,0.15,0.8
0.25,0.15,0.8
0.35,0.15,0.8
0.45,0.15,0.8
0.55,0.15,0.8
0.65,0.15,0.8
0.75,0.15,0.8
0.85,0.15,0.8
0.95,0.15,0.8
0.05,0.25,0.8
0.15,0.25,0.8
0.25,0.25,0.8
0.35,0.25,0.8
0.45,0.25,0.8
0.55,0.25,0.8
0.65,0.25,0.8
0.75,0.25,0.8
0.85,0.25,0.8
0.95,0.25,0.8
0.05,0.35,0.8
0.15,0.35,0.8
0.25,0.35,0.8
0.35,0.35,0.8
0.45,0.35,0.8
0.55,0.35,0.8
0.65,0.35,0.8
0.75,0.35,0.8
0.85,0.35,0.8
0.95,0.35,0.8
0.05,0.45,0.8
0.15,0.45,0.8
0.25,0.45,0.8
0.35,0.45,0.8
0.45,0.45,0.8
0.55,0.45,0.8
0.65,0.45,0.8
0.75,0.45,0.8
0.85,0.45,0.8
0.95,0.45,0.8
0.05,0.55,0.8
0.15,0.55,0.8
0.25,0.55,0.8
0.35,0.55,0.8
0.45,0.55,0.8
0.55,0.55,0.8
0.65,0.55,0.8
0.75,0.55,0.8
0.85,0.55,0.8
0.95,0.55,0.8
0.05,0.65,0.8
0.15,0.65,0.8
0.25,0.65,0.8
0.35,0.65,0.8
0.45,0.65,0.8
0.55,0.65,0.8
0.65,0.65,0.8
0.75,0.65,0.8
0.85,0.65,0.8
0.95,0.65,0.8
0.05,0.75,0.8
0.15,0.75,0.8
0.25,0.75,0.8
0.35,0.75,0.8
0.45,0.75,0.8
0.55,0.75,0.8
0.65,0.75,0.8
0.75,0.75,0.8
0.85,0.75,0.8
0.95,0.75,0.8
0.05,0.85,0.8
0.15,0.85,0.8
0.25,0.85,0.8
0.35,0.85,0.8
0.45,0.85,0.8
0.55,0.85,0.8
0.65,0.85,0.8
0.75,0.85,0.8
0.85,0.85,0.8
0.95,0.85,0.8
0.05,0.95,0.8
0.15,0.95,0.8
0.25,0.95,0.8
0.35,0.95,0.8
0.45,0.95,0.8
0.55,0.95,0.8
0.65,0.95,0.8
0.75,0.95,0.8
0.85,0.95,0.8
0.95,0.95,0.8
0.05,-0.95,0.81
0.15,-0.95,0.81
0.25,-0.95,0.81
0.35,-0.95,0.81
0.45,-0.95,0.81
0.55,-0.95,0.81
0.65,-0.95,0.81
0.75,-0.95,0.81
0.85,-0.95,0.81
0.95,-0.95,0.81
0.05,-0.85,0.81
0.15,-0.85,0.81
0.25,-0.85,0.81
0.35,-0.85,0.81
0.45,-0.85,0.81
0.55,-0.85,0.81
0.65,-0.85,0.81
0.75,-0.85,0.81
0.85,-0.85,0.81
0.95,-0.85,0.81
0.05,-0.75,0.81
0.15,-0.75,0.81
0.25,-0.75,0.81
0.35,-0.75,0.81
0.45,-0.75,0.81
0.55,-0.75,0.81
0.65,-0.75,0.81
0.75,-0.75,0.81
0.85,-0.75,0.81
0.95,-0.75,0.81
0.05,-0.65,0.81
0.15,-0.65,0.81
0.25,-0.65,0.81
0.35,-0.65,0.81
0.45,-0.65,0.81
0.55,-0.65,0.81
0.65,-0.65,0.81
0.75,-0.65,0.81
0.85,-0.65,0.81
0.95,-0.65,0.81
0.05,-0.55,0.81
0.15,-0.55,0.81
0.25,-0.55,0.81
0.35,-0.55,0.81
0.45,-0.55,0.81
0.55,-0.55,0.81
0.65,-0.55,0.81
0.75,-0.55,0.81
0.85,-0.55,0.81
0.95,-0.55,0.81
0.05,-0.45,0.81
0.15,-0.45,0.81
0.25,-0.45,0.81
0.35,-0.45,0.81
0.45,-0.45,0.81
0.55,-0.45,0.81
0.65,-0.45,0.81
0.75,-0.45,0.81
0.85,-0.45,0.81
0.95,-0.45,0.81
0.05,-0.35,0.81
0.15,-0.35,0.81
0.25,-0.35,0.81
0.35,-0.35,0.81
0.45,-0.35,0.81
0.55,-0.35,0.81
0.65,-0.35,0.81
0.75,-0.35,0.81
0.85,-0.35,0.81
0.95,-0.35,0.81
0.05,-0.25,0.81
0.15,-0.25,0.81
0.25,-0.25,0.81
0.35,-0.25,0.81
0.45,-0.25,0.81
0.55,-0.25,0.81
0.65,-0.25,0.81
0.75,-0.25,0.81
0.85,-0.25,0.81
0.95,-0.25,0.81
0.05,-0.15,0.81
0.15,-0.15,0.81
0.25,-0.15,0.81
0.35,-0.15,0.81
0.45,-0.15,0.81
0.55,-0.15,0.81
0.65,-0.15,0.81
0.75,-0.15,0.81
0.85,-0.15,0.81
0.95,-0.15,0.81
0.05,-0.05,0.81
0.15,-0.05,0.81
0.25,-0.05,0.81
0.35,-0.05,0.81
0.45,-0.05,0.81
0.55,-0.05,0.81
0.65,-0.05,0.81
0.75,-0.05,0.81
0.85,-0.05,0.81
0.95,-0.05,0.81
0.05,0.05,0.81
0.15,0.05,0.81
0.25,0.05,0.81
0.35,0.05,0.81
0.45,0.05,0.81
0.55,0.05,0.81
0.65,0.05,0.81
0.75,0.05,0.81
0.85,0.05,0.81
0.95,0.05,0.81
0.05,0.15,0.81
0.15,0.15,0.81
0.25,0.15,0.81
0.35,0.15,0.81
0.45,0.15,0.81
0.55,0.15,0.81
0.65,0.15,0.81
0.75,0.15,0.81
0.85,0.15,0.81
0.95,0.15,0.81
0.05,0.25,0.81
0.15,0.25,0.81
0.25,0.25,0.81
0.35,0.25,0.81
0.45,0.25,0.81
0.55,0.25,0.81
0.65,0.25,0.81
0.75,0.25,0.81
0.85,0.25,0.81
0.95,0.25,0.81
0.05,0.35,0.81
0.15,0.35,0.81
0.25,0.35,0.81
0.35,0.35,0.81
0.45,0.35,0.81
0.55,0.35,0.81
0.65,0.35,0.81
0.75,0.35,0.81
0.85,0.35,0.81
0.95,0.35,0.81
0.05,0.45,0.81
0.15,0.45,0.81
0.25,0.45,0.81
0.35,0.45,0.81
0.45,0.45,0.81
0.55,0.45,0.81
0.65,0.45,0.81
0.75,0.45,0.81
0.85,0.45,0.81
0.95,0.45,0.81
0.05,0.55,0.81
0.15,0.55,0.81
0.25,0.55,0.81
0.35,0.55,0.81
0.45,0.55,0.81
0.55,0.55,0.81
0.65,0.55,0.81
0.75,0.55,0.81
0.85,0.55,0.81
0.95,0.55,0.81
0.05,0.65,0.81
0.15,0.65,0.81
0.25,0.65,0.81
0.35,0.65,0.81
0.45,0.65,0.81
0.55,0.65,0.81
0.65,0.65,0.81
0.75,0.65,0.81
0.85,0.65,0.81
0.95,0.65,0.81
0.05,0.75,0.81
0.15,0.75,0.81
0.25,0.75,0.81
0.35,0.75,0.81
0.45,0.75,0.81
0.55,0.75,0.81
0.65,0.75,0.81
0.75,0.75,0.81
0.85,0.75,0.81
0.95,0.75,0.81
0.05,0.85,0.81
0.15,0.85,0.81
0.25,0.85,0.81
0.35,0.85,0.81
0.45,0.85,0.81
0.55,0.85,0.81
0.65,0.85,0.81
0.75,0.85,0.81
0.85,0.85,0.81
0.95,0.85,0.81
0.05,0.95,0.81
0.15,0.95,0.81
0.25,0.95,0.81
0.35,0.95,0.81
0.45,0.95,0.81
0.55,0.95,0.81
0.65,0.95,0.81
0.75,0.95,0.81
0.85,0.95,0.81
0.95,0.95,0.81
0.05,-0.95,0.82
0.15,-0.95,0.82
0.25,-0.95,0.82
0.35,-0.95,0.82
0.45,-0.95,0.82
0.55,-0.95,0.82
0.65,-0.95,0.82
0.75,-0.95,0.82
0.85,-0.95,0.82
0.95,-0.95,0.82
0.05,-0.85,0.82
0.15,-0.85,0.82
0.25,-0.85,0.82
0.35,-0.85,0.82
0.45,-0.85,0.82
0.55,-0.85,0.82
0.65,-0.85,0.82
0.75,-0.85,0.82
0.85,-0.85,0.82
0.95,-0.85,0.82
0.05,-0.75,0.82
0.15,-0.75,0.82
0.25,-0.75,0.82
0.35,-0.75,0.82
0.45,-0.75,0.82
0.55,-0.75,0.82
0.65,-0.75,0.82
0.75,-0.75,0.82
0.85,-0.75,0.82
0.95,-0.75,0.82
0.05,-0.65,0.82
0.15,-0.65,0.82
0.25,-0.65,0.82
0.35,-0.65,0.82
0.45,-0.65,0.82
0.55,-0.65,0.82
0.65,-0.65,0.82
0.75,-0.65,0.82
0.85,-0.65,0.82
0.95,-0.65,0.82
0.05,-0.55,0.82
0.15,-0.55,0.82
0.25,-0.55,0.82
0.35,-0.55,0.82
0.45,-0.55,0.82
0.55,-0.55,0.82
0.65,-0.55,0.82
0.75,-0.55,0.82
0.85,-0.55,0.82
0.95,-0.55,0.82
0.05,-0.45,0.82
0.15,-0.45,0.82
0.25,-0.45,0.82
0.35,-0.45,0.82
0.45,-0.45,0.82
0.55,-0.45,0.82
0.65,-0.45,0.82
0.75,-0.45,0.82
0.85,-0.45,0.82
0.95,-0.45,0.82
0.05,-0.35,0.82
0.15,-0.35,0.82
0.25,-0.35,0.82
0.35,-0.35,0.82
0.45,-0.35,0.82
0.55,-0.35,0.82
0.65,-0.35,0.82
0.75,-0.35,0.82
0.85,-0.35,0.82
0.95,-0.35,0.82
0.05,-0.25,0.82
0.15,-0.25,0.82
0.25,-0.25,0.82
0.35,-0.25,0.82
0.45,-0.25,0.82
0.55,-0.25,0.82
0.65,-0.25,0.82
0.75,-0.25,0.82
0.85,-0.25,0.82
0.95,-0.25,0.82
0.05,-0.15,0.82
0.15,-0.15,0.82
0.25,-0.15,0.82
0.35,-0.15,0.82
0.45,-0.15,0.82
0.55,-0.15,0.82
0.65,-0.15,0.82
0.75,-0.15,0.82
0.85,-0.15,0.82
0.95,-0.15,0.82
0.05,-0.05,0.82
0.15,-0.05,0.82
0.25,-0.05,0.82
0.35,-0.05,0.82
0.45,-0.05,0.82
0.55,-0.05,0.82
0.65,-0.05,0.82
0.75,-0.05,0.82
0.85,-0.05,0.82
0.95,-0.05,0.82
0.05,0.05,0.82
0.15,0.05,0.82
0.25,0.05,0.82
0.35,0.05,0.82
0.45,0.05,0.82
0.55,0.05,0.82
0.65,0.05,0.82
0.75,0.05,0.82
0.85,0.05,0.82
0.95,0.05,0.82
0.05,0.15,0.82
0.15,0.15,0.82
0.25,0.15,0.82
0.35,0.15,0.82
0.45,0.15,0.82
0.55,0.15,0.82
0.65,0.15,0.82
0.75,0.15,0.82
0.85,0.15,0.82
0.95,0.15,0.82
0.05,0.25,0.82
0.15,0.25,0.82
0.25,0.25,0.82
0.35,0.25,0.82
0.45,0.25,0.82
0.55,0.25,0.82
0.65,0.25,0.82
0.75,0.25,0.82
0.85,0.25,0.82
0.95,0.25,0.82
0.05,0.35,0.82
0.15,0.35,0.82
0.25,0.35,0.82
0.35,0.35,0.82
0.45,0.35,0.82
0.55,0.35,0.82
0.65,0.35,0.82
0.75,0.35,0.82
0.85,0.35,0.82
0.95,0.35,0.82
0.05,0.45,0.82
0.15,0.45,0.82
0.25,0.45,0.82
0.35,0.45,0.82
0.45,0.45,0.82
0.55,0.45,0.82
0.65,0.45,0.82
0.75,0.45,0.82
0.85,0.45,0.82
0.95,0.45,0.82
0.05,0.55,0.82
0.15,0.55,0.82
0.25,0.55,0.82
0.35,0.55,0.82
0.45,0.55,0.82
0.55,0.55,0.82
0.65,0.55,0.82
0.75,0.55,0.82
0.85,0.55,0.82
0.95,0.55,0.82
0.05,0.65,0.82
0.15,0.65,0.82
0.25,0.65,0.82
0.35,0.65,0.82
0.45,0.65,0.82
0.55,0.65,0.82
0.65,0.65,0.82
0.75,0.65,0.82
0.85,0.65,0.82
0.95,0.65,0.82
0.05,0.75,0.82
0.15,0.75,0.82
0.25,0.75,0.82
0.35,0.75,0.82
0.45,0.75,0.82
0.55,0.75,0.82
0.65,0.75,0.82
0.75,0.75,0.82
0.85,0.75,0.82
0.95,0.75,0.82
0.05,0.85,0.82
0.15,0.85,0.82
0.25,0.85,0.82
0.35,0.85,0.82
0.45,0.85,0.82
0.55,0.85,0.82
0.65,0.85,0.82
0.75,0.85,0.82
0.85,0.85,0.82
0.95,0.85,0.82
0.05,0.95,0.82
0.15,0.95,0.82
0.25,0.95,0.82
0.35,0.95,0.82
0.45,0.95,0.82
0.55,0.95,0.82
0.65,0.95,0.82
0.75,0.95,0.82
0.85,0.95,0.82
0.95,0.95,0.82
0.05,-0.95,0.83
0.15,-0.95,0.83
0.25,-0.95,0.83
0.35,-0.95,0.83
0.45,-0.95,0.83
0.55,-0.95,0.83
0.65,-0.95,0.83
0.75,-0.95,0.83
0.85,-0.95,0.83
0.95,-0.95,0.83
0.05,-0.85,0.83
0.15,-0.85,0.83
0.25,-0.85,0.83
0.35,-0.85,0.83
0.45,-0.85,0.83
0.55,-0.85,0.83
0.65,-0.85,0.83
0.75,-0.85,0.83
0.85,-0.85,0.83
0.95,-0.85,0.83
0.05,-0.75,0.83
0.15,-0.75,0.83
0.25,-0.75,0.83
0.35,-0.75,0.83
0.45,-0.75,0.83
0.55,-0.75,0.83
0.65,-0.75,0.83
0.75,-0.75,0.83
0.85,-0.75,0.83
0.95,-0.75,0.83
0.05,-0.65,0.83
0.15,-0.65,0.83
0.25,-0.65,0.83
0.35,-0.65,0.83
0.45,-0.65,0.83
0.55,-0.65,0.83
0.65,-0.65,0.83
0.75,-0.65,0.83
0.85,-0.65,0.83
0.95,-0.65,0.83
0.05,-0.55,0.83
0.15,-0.55,0.83
0.25,-0.55,0.83
0.35,-0.55,0.83
0.45,-0.55,0.83
0.55,-0.55,0.83
0.65,-0.55,0.83
0.75,-0.55,0.83
0.85,-0.55,0.83
0.95,-0.55,0.83
0.05,-0.45,0.83
0.15,-0.45,0.83
0.25,-0.45,0.83
0.35,-0.45,0.83
0.45,-0.45,0.83
0.55,-0.45,0.83
0.65,-0.45,0.83
0.75,-0.45,0.83
0.85,-0.45,0.83
0.95,-0.45,0.83
0.05,-0.35,0.83
0.15,-0.35,0.83
0.25,-0.35,0.83
0.35,-0.35,0.83
0.45,-0.35,0.83
0.55,-0.35,0.83
0.65,-0.35,0.83
0.75,-0.35,0.83
0.85,-0.35,0.83
0.95,-0.35,0.83
0.05,-0.25,0.83
0.15,-0.25,0.83
0.25,-0.25,0.83
0.35,-0.25,0.83
0.45,-0.25,0.83
0.55,-0.25,0.83
0.65,-0.25,0.83
0.75,-0.25,0.83
0.85,-0.25,0.83
0.95,-0.25,0.83
0.05,-0.15,0.83
0.15,-0.15,0.83
0.25,-0.15,0.83
0.35,-0.15,0.83
0.45,-0.15,0.83
0.55,-0.15,0.83
0.65,-0.15,0.83
0.75,-0.15,0.83
0.85,-0.15,0.83
0.95,-0.15,0.83
0.05,-0.05,0.83
0.15,-0.05,0.83
0.25,-0.05,0.83
0.35,-0.05,0.83
0.45,-0.05,0.83
0.55,-0.05,0.83
0.65,-0.05,0.83
0.75,-0.05,0.83
0.85,-0.05,0.83
0.95,-0.05,0.83
0.05,0.05,0.83
0.15,0.05,0.83
0.25,0.05,0.83
0.35,0.05,0.83
0.45,0.05,0.83
0.55,0.05,0.83
0.65,0.05,0.83
0.75,0.05,0.83
0.85,0.05,0.83
0.95,0.05,0.83
0.05,0.15,0.83
0.15,0.15,0.83
0.25,0.15,0.83
0.35,0.15,0.83
0.45,0.15,0.83
0.55,0.15,0.83
0.65,0.15,0.83
0.75,0.15,0.83
0.85,0.15,0.83
0.95,0.15,0.83
0.05,0.25,0.83
0.15,0.25,0.83
0.25,0.25,0.83
0.35,0.25,0.83
0.45,0.25,0.83
0.55,0.25,0.83
0.65,0.25,0.83
0.75,0.25,0.83
0.85,0.25,0.83
0.95,0.25,0.83
0.05,0.35,0.83
0.15,0.35,0.83
0.25,0.35,0.83
0.35,0.35,0.83
0.45,0.35,0.83
0.55,0.35,0.83
0.65,0.35,0.83
0.75,0.35,0.83
0.85,0.35,0.83
0.95,0.35,0.83
0.05,0.45,0.83
0.15,0.45,0.83
0.25,0.45,0.83
0.35,0.45,0.83
0.45,0.45,0.83
0.55,0.45,0.83
0.65,0.45,0.83
0.75,0.45,0.83
0.85,0.45,0.83
0.95,0.45,0.83
0.05,0.55,0.83
0.15,0.55,0.83
0.25,0.55,0.83
0.35,0.55,0.83
0.45,0.55,0.83
0.55,0.55,0.83
0.65,0.55,0.83
0.75,0.55,0.83
0.85,0.55,0.83
0.95,0.55,0.83
0.05,0.65,0.83
0.15,0.65,0.83
0.25,0.65,0.83
0.35,0.65,0.83
0.45,0.65,0.83
0.55,0.65,0.83
0.65,0.65,0.83
0.75,0.65,0.83
0.85,0.65,0.83
0.95,0.65,0.83
0.05,0.75,0.83
0.15,0.75,0.83
0.25,0.75,0.83
0.35,0.75,0.83
0.45,0.75,0.83
0.55,0.75,0.83
0.65,0.75,0.83
0.75,0.75,0.83
0.85,0.75,0.83
0.95,0.75,0.83
0.05,0.85,0.83
0.15,0.85,0.83
0.25,0.85,0.83
0.35,0.85,0.83
0.45,0.85,0.83
0.55,0.85,0.83
0.65,0.85,0.83
0.75,0.85,0.83
0.85,0.85,0.83
0.95,0.85,0.83
0.05,0.95,0.83
0.15,0.95,0.83
0.25,0.95,0.83
0.35,0.95,0.83
0.45,0.95,0.83
0.55,0.95,0.83
0.65,0.95,0.83
0.75,0.95,0.83
0.85,0.95,0.83
0.95,0.95,0.83
0.05,-0.95,0.84
0.15,-0.95,0.84
0.25,-0.95,0.84
0.35,-0.95,0.84
0.45,-0.95,0.84
0.55,-0.95,0.84
0.65,-0.95,0.84
0.75,-0.95,0.84
0.85,-0.95,0.84
0.95,-0.95,0.84
0.05,-0.85,0.84
0.15,-0.85,0.84
0.25,-0.85,0.84
0.35,-0.85,0.84
0.45,-0.85,0.84
0.55,-0.85,0.84
0.65,-0.85,0.84
0.75,-0.85,0.84
0.85,-0.85,0.84
0.95,-0.85,0.84
0.05,-0.75,0.84
0.15,-0.75,0.84
0.25,-0.75,0.84
0.35,-0.75,0.84
0.45,-0.75,0.84
0.55,-0.75,0.84
0.65,-0.75,0.84
0.75,-0.75,0.84
0.85,-0.75,0.84
0.95,-0.75,0.84
0.05,-0.65,0.84
0.15,-0.65,0.84
0.25,-0.65,0.84
0.35,-0.65,0.84
0.45,-0.65,0.84
0.55,-0.65,0.84
0.65,-0.65,0.84
0.75,-0.65,0.84
0.85,-0.65,0.84
0.95,-0.65,0.84
0.05,-0.55,0.84
0.15,-0.55,0.84
0.25,-0.55,0.84
0.35,-0.55,0.84
0.45,-0.55,0.84
0.55,-0.55,0.84
0.65,-0.55,0.84
0.75,-0.55,0.84
0.85,-0.55,0.84
0.95,-0.55,0.84
0.05,-0.45,0.84
0.15,-0.45,0.84
0.25,-0.45,0.84
0.35,-0.45,0.84
0.45,-0.45,0.84
0.55,-0.45,0.84
0.65,-0.45,0.84
0.75,-0.45,0.84
0.85,-0.45,0.84
0.95,-0.45,0.84
0.05,-0.35,0.84
0.15,-0.35,0.84
0.25,-0.35,0.84
0.35,-0.35,0.84
0.45,-0.35,0.84
0.55,-0.35,0.84
0.65,-0.35,0.84
0.75,-0.35,0.84
0.85,-0.35,0.84
0.95,-0.35,0.84
0.05,-0.25,0.84
0.15,-0.25,0.84
0.25,-0.25,0.84
0.35,-0.25,0.84
0.45,-0.25,0.84
0.55,-0.25,0.84
0.65,-0.25,0.84
0.75,-0.25,0.84
0.85,-0.25,0.84
0.95,-0.25,0.84
0.05,-0.15,0.84
0.15,-0.15,0.84
0.25,-0.15,0.84
0.35,-0.15,0.84
0.45,-0.15,0.84
0.55,-0.15,0.84
0.65,-0.15,0.84
0.75,-0.15,0.84
0.85,-0.15,0.84
0.95,-0.15,0.84
0.05,-0.05,0.84
0.15,-0.05,0.84
0.25,-0.05,0.84
0.35,-0.05,0.84
0.45,-0.05,0.84
0.55,-0.05,0.84
0.65,-0.05,0.84
0.75,-0.05,0.84
0.85,-0.05,0.84
0.95,-0.05,0.84
0.05,0.05,0.84
0.15,0.05,0.84
0.25,0.05,0.84
0.35,0.05,0.84
0.45,0.05,0.84
0.55,0.05,0.84
0.65,0.05,0.84
0.75,0.05,0.84
0.85,0.05,0.84
0.95,0.05,0.84
0.05,0.15,0.84
0.15,0.15,0.84
0.25,0.15,0.84
0.35,0.15,0.84
0.45,0.15,0.84
0.55,0.15,0.84
0.65,0.15,0.84
0.75,0.15,0.84
0.85,0.15,0.84
0.95,0.15,0.84
0.05,0.25,0.84
0.15,0.25,0.84
0.25,0.25,0.84
0.35,0.25,0.84
0.45,0.25,0.84
0.55,0.25,0.84
0.65,0.25,0.84
0.75,0.25,0.84
0.85,0.25,0.84
0.95,0.25,0.84
0.05,0.35,0.84
0.15,0.35,0.84
0.25,0.35,0.84
0.35,0.35,0.84
0.45,0.35,0.84
0.55,0.35,0.84
0.65,0.35,0.84
0.75,0.35,0.84
0.85,0.35,0.84
0.95,0.35,0.84
0.05,0.45,0.84
0.15,0.45,0.84
0.25,0.45,0.84
0.35,0.45,0.84
0.45,0.45,0.84
0.55,0.45,0.84
0.65,0.45,0.84
0.75,0.45,0.84
0.85,0.45,0.84
0.95,0.45,0.84
0.05,0.55,0.84
0.15,0.55,0.84
0.25,0.55,0.84
0.35,0.55,0.84
0.45,0.55,0.84
0.55,0.55,0.84
0.65,0.55,0.84
0.75,0.55,0.84
0.85,0.55,0.84
0.95,0.55,0.84
0.05,0.65,0.84
0.15,0.65,0.84
0.25,0.65,0.84
0.35,0.65,0.84
0.45,0.65,0.84
0.55,0.65,0.84
0.65,0.65,0.84
0.75,0.65,0.84
0.85,0.65,0.84
0.95,0.65,0.84
0.05,0.75,0.84
0.15,0.75,0.84
0.25,0.75,0.84
0.35,0.75,0.84
0.45,0.75,0.84
0.55,0.75,0.84
0.65,0.75,0.84
0.75,0.75,0.84
0.85,0.75,0.84
0.95,0.75,0.84
0.05,0.85,0.84
0.15,0.85,0.84
0.25,0.85,0.84
0.35,0.85,0.84
0.45,0.85,0.84
0.55,0.85,0.84
0.65,0.85,0.84
0.75,0.85,0.84
0.85,0.85,0.84
0.95,0.85,0.84
0.05,0.95,0.84
0.15,0.95,0.84
0.25,0.95,0.84
0.35,0.95,0.84
0.45,0.95,0.84
0.55,0.95,0.84
0.65,0.95,0.84
0.75,0.95,0.84
0.85,0.95,0.84
0.95,0.95,0.84
0.05,-0.95,0.85
0.15,-0.95,0.85
0.25,-0.95,0.85
0.35,-0.95,0.85
0.45,-0.95,0.85
0.55,-0.95,0.85
0.65,-0.95,0.85
0.75,-0.95,0.85
0.85,-0.95,0.85
0.95,-0.95,0.85
0.05,-0.85,0.85
0.15,-0.85,0.85
0.25,-0.85,0.85
0.35,-0.85,0.85
0.45,-0.85,0.85
0.55,-0.85,0.85
0.65,-0.85,0.85
0.75,-0.85,0.85
0.85,-0.85,0.85
0.95,-0.85,0.85
0.05,-0.75,0.85
0.15,-0.75,0.85
0.25,-0.75,0.85
0.35,-0.75,0.85
0.45,-0.75,0.85
0.55,-0.75,0.85
0.65,-0.75,0.85
0.75,-0.75,0.85
0.85,-0.75,0.85
0.95,-0.75,0.85
0.05,-0.65,0.85
0.15,-0.65,0.85
0.25,-0.65,0.85
0.35,-0.65,0.85
0.45,-0.65,0.85
0.55,-0.65,0.85
0.65,-0.65,0.85
0.75,-0.65,0.85
0.85,-0.65,0.85
0.95,-0.65,0.85
0.05,-0.55,0.85
0.15,-0.55,0.85
0.25,-0.55,0.85
0.35,-0.55,0.85
0.45,-0.55,0.85
0.55,-0.55,0.85
0.65,-0.55,0.85
0.75,-0.55,0.85
0.85,-0.55,0.85
0.95,-0.55,0.85
0.05,-0.45,0.85
0.15,-0.45,0.85
0.25,-0.45,0.85
0.35,-0.45,0.85
0.45,-0.45,0.85
0.55,-0.45,0.85
0.65,-0.45,0.85
0.75,-0.45,0.85
0.85,-0.45,0.85
0.95,-0.45,0.85
0.05,-0.35,0.85
0.15,-0.35,0.85
0.25,-0.35,0.85
0.35,-0.35,0.85
0.45,-0.35,0.85
0.55,-0.35,0.85
0.65,-0.35,0.85
0.75,-0.35,0.85
0.85,-0.35,0.85
0.95,-0.35,0.85
0.05,-0.25,0.85
0.15,-0.25,0.85
0.25,-0.25,0.85
0.35,-0.25,0.85
0.45,-0.25,0.85
0.55,-0.25,0.85
0.65,-0.25,0.85
0.75,-0.25,0.85
0.85,-0.25,0.85
0.95,-0.25,0.85
0.05,-0.15,0.85
0.15,-0.15,0.85
0.25,-0.15,0.85
0.35,-0.15,0.85
0.45,-0.15,0.85
0.55,-0.15,0.85
0.65,-0.15,0.85
0.75,-0.15,0.85
0.85,-0.15,0.85
0.95,-0.15,0.85
0.05,-0.05,0.85
0.15,-0.05,0.85
0.25,-0.05,0.85
0.35,-0.05,0.85
0.45,-0.05,0.85
0.55,-0.05,0.85
0.65,-0.05,0.85
0.75,-0.05,0.85
0.85,-0.05,0.85
0.95,-0.05,0.85
0.05,0.05,0.85
0.15,0.05,0.85
0.25,0.05,0.85
0.35,0.05,0.85
0.45,0.05,0.85
0.55,0.05,0.85
0.65,0.05,0.85
0.75,0.05,0.85
0.85,0.05,0.85
0.95,0.05,0.85
0.05,0.15,0.85
0.15,0.15,0.85
0.25,0.15,0.85
0.35,0.15,0.85
0.45,0.15,0.85
0.55,0.15,0.85
0.65,0.15,0.85
0.75,0.15,0.85
0.85,0.15,0.85
0.95,0.15,0.85
0.05,0.25,0.85
0.15,0.25,0.85
0.25,0.25,0.85
0.35,0.25,0.85
0.45,0.25,0.85
0.55,0.25,0.85
0.65,0.25,0.85
0.75,0.25,0.85
0.85,0.25,0.85
0.95,0.25,0.85
0.05,0.35,0.85
0.15,0.35,0.85
0.25,0.35,0.85
0.35,0.35,0.85
0.45,0.35,0.85
0.55,0.35,0.85
0.65,0.35,0.85
0.75,0.35,0.85
0.85,0.35,0.85
0.95,0.35,0.85
0.05,0.45,0.85
0.15,0.45,0.85
0.25,0.45,0.85
0.35,0.45,0.85
0.45,0.45,0.85
0.55,0.45,0.85
0.65,0.45,0.85
0.75,0.45,0.85
0.85,0.45,0.85
0.95,0.45,0.85
0.05,0.55,0.85
0.15,0.55,0.85
0.25,0.55,0.85
0.35,0.55,0.85
0.45,0.55,0.85
0.55,0.55,0.85
0.65,0.55,0.85
0.75,0.55,0.85
0.85,0.55,0.85
0.95,0.55,0.85
0.05,0.65,0.85
0.15,0.65,0.85
0.25,0.65,0.85
0.35,0.65,0.85
0.45,0.65,0.85
0.55,0.65,0.85
0.65,0.65,0.85
0.75,0.65,0.85
0.85,0.65,0.85
0.95,0.65,0.85
0.05,0.75,0.85
0.15,0.75,0.85
0.25,0.75,0.85
0.35,0.75,0.85
0.45,0.75,0.85
0.55,0.75,0.85
0.65,0.75,0.85
0.75,0.75,0.85
0.85,0.75,0.85
0.95,0.75,0.85
0.05,0.85,0.85
0.15,0.85,0.85
0.25,0.85,0.85
0.35,0.85,0.85
0.45,0.85,0.85
0.55,0.85,0.85
0.65,0.85,0.85
0.75,0.85,0.85
0.85,0.85,0.85
0.95,0.85,0.85
0.05,0.95,0.85
0.15,0.95,0.85
0.25,0.95,0.85
0.35,0.95,0.85
0.45,0.95,0.85
0.55,0.95,0.85
0.65,0.95,0.85
0.75,0.95,0.85
0.85,0.95,0.85
0.95,0.95,0.85
0.05,-0.95,0.86
0.15,-0.95,0.86
0.25,-0.95,0.86
0.35,-0.95,0.86
0.45,-0.95,0.86
0.55,-0.95,0.86
0.65,-0.95,0.86
0.75,-0.95,0.86
0.85,-0.95,0.86
0.95,-0.95,0.86
0.05,-0.85,0.86
0.15,-0.85,0.86
0.25,-0.85,0.86
0.35,-0.85,0.86
0.45,-0.85,0.86
0.55,-0.85,0.86
0.65,-0.85,0.86
0.75,-0.85,0.86
0.85,-0.85,0.86
0.95,-0.85,0.86
0.05,-0.75,0.86
0.15,-0.75,0.86
0.25,-0.75,0.86
0.35,-0.75,0.86
0.45,-0.75,0.86
0.55,-0.75,0.86
0.65,-0.75,0.86
0.75,-0.75,0.86
0.85,-0.75,0.86
0.95,-0.75,0.86
0.05,-0.65,0.86
0.15,-0.65,0.86
0.25,-0.65,0.86
0.35,-0.65,0.86
0.45,-0.65,0.86
0.55,-0.65,0.86
0.65,-0.65,0.86
0.75,-0.65,0.86
0.85,-0.65,0.86
0.95,-0.65,0.86
0.05,-0.55,0.86
0.15,-0.55,0.86
0.25,-0.55,0.86
0.35,-0.55,0.86
0.45,-0.55,0.86
0.55,-0.55,0.86
0.65,-0.55,0.86
0.75,-0.55,0.86
0.85,-0.55,0.86
0.95,-0.55,0.86
0.05,-0.45,0.86
0.15,-0.45,0.86
0.25,-0.45,0.86
0.35,-0.45,0.86
0.45,-0.45,0.86
0.55,-0.45,0.86
0.65,-0.45,0.86
0.75,-0.45,0.86
0.85,-0.45,0.86
0.95,-0.45,0.86
0.05,-0.35,0.86
0.15,-0.35,0.86
0.25,-0.35,0.86
0.35,-0.35,0.86
0.45,-0.35,0.86
0.55,-0.35,0.86
0.65,-0.35,0.86
0.75,-0.35,0.86
0.85,-0.35,0.86
0.95,-0.35,0.86
0.05,-0.25,0.86
0.15,-0.25,0.86
0.25,-0.25,0.86
0.35,-0.25,0.86
0.45,-0.25,0.86
0.55,-0.25,0.86
0.65,-0.25,0.86
0.75,-0.25,0.86
0.85,-0.25,0.86
0.95,-0.25,0.86
0.05,-0.15,0.86
0.15,-0.15,0.86
0.25,-0.15,0.86
0.35,-0.15,0.86
0.45,-0.15,0.86
0.55,-0.15,0.86
0.65,-0.15,0.86
0.75,-0.15,0.86
0.85,-0.15,0.86
0.95,-0.15,0.86
0.05,-0.05,0.86
0.15,-0.05,0.86
0.25,-0.05,0.86
0.35,-0.05,0.86
0.45,-0.05,0.86
0.55,-0.05,0.86
0.65,-0.05,0.86
0.75,-0.05,0.86
0.85,-0.05,0.86
0.95,-0.05,0.86
0.05,0.05,0.86
0.15,0.05,0.86
0.25,0.05,0.86
0.35,0.05,0.86
0.45,0.05,0.86
0.55,0.05,0.86
0.65,0.05,0.86
0.75,0.05,0.86
0.85,0.05,0.86
0.95,0.05,0.86
0.05,0.15,0.86
0.15,0.15,0.86
0.25,0.15,0.86
0.35,0.15,0.86
0.45,0.15,0.86
0.55,0.15,0.86
0.65,0.15,0.86
0.75,0.15,0.86
0.85,0.15,0.86
0.95,0.15,0.86
0.05,0.25,0.86
0.15,0.25,0.86
0.25,0.25,0.86
0.35,0.25,0.86
0.45,0.25,0.86
0.55,0.25,0.86
0.65,0.25,0.86
0.75,0.25,0.86
0.85,0.25,0.86
0.95,0.25,0.86
0.05,0.35,0.86
0.15,0.35,0.86
0.25,0.35,0.86
0.35,0.35,0.86
0.45,0.35,0.86
0.55,0.35,0.86
0.65,0.35,0.86
0.75,0.35,0.86
0.85,0.35,0.86
0.95,0.35,0.86
0.05,0.45,0.86
0.15,0.45,0.86
0.25,0.45,0.86
0.35,0.45,0.86
0.45,0.45,0.86
0.55,0.45,0.86
0.65,0.45,0.86
0.75,0.45,0.86
0.85,0.45,0.86
0.95,0.45,0.86
0.05,0.55,0.86
0.15,0.55,0.86
0.25,0.55,0.86
0.35,0.55,0.86
0.45,0.55,0.86
0.55,0.55,0.86
0.65,0.55,0.86
0.75,0.55,0.86
0.85,0.55,0.86
0.95,0.55,0.86
0.05,0.65,0.86
0.15,0.65,0.86
0.25,0.65,0.86
0.35,0.65,0.86
0.45,0.65,0.86
0.55,0.65,0.86
0.65,0.65,0.86
0.75,0.65,0.86
0.85,0.65,0.86
0.95,0.65,0.86
0.05,0.75,0.86
0.15,0.75,0.86
0.25,0.75,0.86
0.35,0.75,0.86
0.45,0.75,0.86
0.55,0.75,0.86
0.65,0.75,0.86
0.75,0.75,0.86
0.85,0.75,0.86
0.95,0.75,0.86
0.05,0.85,0.86
0.15,0.85,0.86
0.25,0.85,0.86
0.35,0.85,0.86
0.45,0.85,0.86
0.55,0.85,0.86
0.65,0.85,0.86
0.75,0.85,0.86
0.85,0.85,0.86
0.95,0.85,0.86
0.05,0.95,0.86
0.15,0.95,0.86
0.25,0.95,0.86
0.35,0.95,0.86
0.45,0.95,0.86
0.55,0.95,0.86
0.65,0.95,0.86
0.75,0.95,0.86
0.85,0.95,0.86
0.95,0.95,0.86
0.05,-0.95,0.87
0.15,-0.95,0.87
0.25,-0.95,0.87
0.35,-0.95,0.87
0.45,-0.95,0.87
0.55,-0.95,0.87
0.65,-0.95,0.87
0.75,-0.95,0.87
0.85,-0.95,0.87
0.95,-0.95,0.87
0.05,-0.85,0.87
0.15,-0.85,0.87
0.25,-0.85,0.87
0.35,-0.85,0.87
0.45,-0.85,0.87
0.55,-0.85,0.87
0.65,-0.85,0.87
0.75,-0.85,0.87
0.85,-0.85,0.87
0.95,-0.85,0.87
0.05,-0.75,0.87
0.15,-0.75,0.87
0.25,-0.75,0.87
0.35,-0.75,0.87
0.45,-0.75,0.87
0.55,-0.75,0.87
0.65,-0.75,0.87
0.75,-0.75,0.87
0.85,-0.75,0.87
0.95,-0.75,0.87
0.05,-0.65,0.87
0.15,-0.65,0.87
0.25,-0.65,0.87
0.35,-0.65,0.87
0.45,-0.65,0.87
0.55,-0.65,0.87
0.65,-0.65,0.87
0.75,-0.65,0.87
0.85,-0.65,0.87
0.95,-0.65,0.87
0.05,-0.55,0.87
0.15,-0.55,0.87
0.25,-0.55,0.87
0.35,-0.55,0.87
0.45,-0.55,0.87
0.55,-0.55,0.87
0.65,-0.55,0.87
0.75,-0.55,0.87
0.85,-0.55,0.87
0.95,-0.55,0.87
0.05,-0.45,0.87
0.15,-0.45,0.87
0.25,-0.45,0.87
0.35,-0.45,0.87
0.45,-0.45,0.87
0.55,-0.45,0.87
0.65,-0.45,0.87
0.75,-0.45,0.87
0.85,-0.45,0.87
0.95,-0.45,0.87
0.05,-0.35,0.87
0.15,-0.35,0.87
0.25,-0.35,0.87
0.35,-0.35,0.87
0.45,-0.35,0.87
0.55,-0.35,0.87
0.65,-0.35,0.87
0.75,-0.35,0.87
0.85,-0.35,0.87
0.95,-0.35,0.87
0.05,-0.25,0.87
0.15,-0.25,0.87
0.25,-0.25,0.87
0.35,-0.25,0.87
0.45,-0.25,0.87
0.55,-0.25,0.87
0.65,-0.25,0.87
0.75,-0.25,0.87
0.85,-0.25,0.87
0.95,-0.25,0.87
0.05,-0.15,0.87
0.15,-0.15,0.87
0.25,-0.15,0.87
0.35,-0.15,0.87
0.45,-0.15,0.87
0.55,-0.15,0.87
0.65,-0.15,0.87
0.75,-0.15,0.87
0.85,-0.15,0.87
0.95,-0.15,0.87
0.05,-0.05,0.87
0.15,-0.05,0.87
0.25,-0.05,0.87
0.35,-0.05,0.87
0.45,-0.05,0.87
0.55,-0.05,0.87
0.65,-0.05,0.87
0.75,-0.05,0.87
0.85,-0.05,0.87
0.95,-0.05,0.87
0.05,0.05,0.87
0.15,0.05,0.87
0.25,0.05,0.87
0.35,0.05,0.87
0.45,0.05,0.87
0.55,0.05,0.87
0.65,0.05,0.87
0.75,0.05,0.87
0.85,0.05,0.87
0.95,0.05,0.87
0.05,0.15,0.87
0.15,0.15,0.87
0.25,0.15,0.87
0.35,0.15,0.87
0.45,0.15,0.87
0.55,0.15,0.87
0.65,0.15,0.87
0.75,0.15,0.87
0.85,0.15,0.87
0.95,0.15,0.87
0.05,0.25,0.87
0.15,0.25,0.87
0.25,0.25,0.87
0.35,0.25,0.87
0.45,0.25,0.87
0.55,0.25,0.87
0.65,0.25,0.87
0.75,0.25,0.87
0.85,0.25,0.87
0.95,0.25,0.87
0.05,0.35,0.87
0.15,0.35,0.87
0.25,0.35,0.87
0.35,0.35,0.87
0.45,0.35,0.87
0.55,0.35,0.87
0.65,0.35,0.87
0.75,0.35,0.87
0.85,0.35,0.87
0.95,0.35,0.87
0.05,0.45,0.87
0.15,0.45,0.87
0.25,0.45,0.87
0.35,0.45,0.87
0.45,0.45,0.87
0.55,0.45,0.87
0.65,0.45,0.87
0.75,0.45,0.87
0.85,0.45,0.87
0.95,0.45,0.87
0.05,0.55,0.87
0.15,0.55,0.87
0.25,0.55,0.87
0.35,0.55,0.87
0.45,0.55,0.87
0.55,0.55,0.87
0.65,0.55,0.87
0.75,0.55,0.87
0.85,0.55,0.87
0.95,0.55,0.87
0.05,0.65,0.87
0.15,0.65,0.87
0.25,0.65,0.87
0.35,0.65,0.87
0.45,0.65,0.87
0.55,0.65,0.87
0.65,0.65,0.87
0.75,0.65,0.87
0.85,0.65,0.87
0.95,0.65,0.87
0.05,0.75,0.87
0.15,0.75,0.87
0.25,0.75,0.87
0.35,0.75,0.87
0.45,0.75,0.87
0.55,0.75,0.87
0.65,0.75,0.87
0.75,0.75,0.87
0.85,0.75,0.87
0.95,0.75,0.87
0.05,0.85,0.87
0.15,0.85,0.87
0.25,0.85,0.87
0.35,0.85,0.87
0.45,0.85,0.87
0.55,0.85,0.87
0.65,0.85,0.87
0.75,0.85,0.87
0.85,0.85,0.87
0.95,0.85,0.87
0.05,0.95,0.87
0.15,0.95,0.87
0.25,0.95,0.87
0.35,0.95,0.87
0.45,0.95,0.87
0.55,0.95,0.87
0.65,0.95,0.87
0.75,0.95,0.87
0.85,0.95,0.87
0.95,0.95,0.87
0.05,-0.95,0.88
0.15,-0.95,0.88
0.25,-0.95,0.88
0.35,-0.95,0.88
0.45,-0.95,0.88
0.55,-0.95,0.88
0.65,-0.95,0.88
0.75,-0.95,0.88
0.85,-0.95,0.88
0.95,-0.95,0.88
0.05,-0.85,0.88
0.15,-0.85,0.88
0.25,-0.85,0.88
0.35,-0.85,0.88
0.45,-0.85,0.88
0.55,-0.85,0.88
0.65,-0.85,0.88
0.75,-0.85,0.88
0.85,-0.85,0.88
0.95,-0.85,0.88
0.05,-0.75,0.88
0.15,-0.75,0.88
0.25,-0.75,0.88
0.35,-0.75,0.88
0.45,-0.75,0.88
0.55,-0.75,0.88
0.65,-0.75,0.88
0.75,-0.75,0.88
0.85,-0.75,0.88
0.95,-0.75,0.88
0.05,-0.65,0.88
0.15,-0.65,0.88
0.25,-0.65,0.88
0.35,-0.65,0.88
0.45,-0.65,0.88
0.55,-0.65,0.88
0.65,-0.65,0.88
0.75,-0.65,0.88
0.85,-0.65,0.88
0.95,-0.65,0.88
0.05,-0.55,0.88
0.15,-0.55,0.88
0.25,-0.55,0.88
0.35,-0.55,0.88
0.45,-0.55,0.88
0.55,-0.55,0.88
0.65,-0.55,0.88
0.75,-0.55,0.88
0.85,-0.55,0.88
0.95,-0.55,0.88
0.05,-0.45,0.88
0.15,-0.45,0.88
0.25,-0.45,0.88
0.35,-0.45,0.88
0.45,-0.45,0.88
0.55,-0.45,0.88
0.65,-0.45,0.88
0.75,-0.45,0.88
0.85,-0.45,0.88
0.95,-0.45,0.88
0.05,-0.35,0.88
0.15,-0.35,0.88
0.25,-0.35,0.88
0.35,-0.35,0.88
0.45,-0.35,0.88
0.55,-0.35,0.88
0.65,-0.35,0.88
0.75,-0.35,0.88
0.85,-0.35,0.88
0.95,-0.35,0.88
0.05,-0.25,0.88
0.15,-0.25,0.88
0.25,-0.25,0.88
0.35,-0.25,0.88
0.45,-0.25,0.88
0.55,-0.25,0.88
0.65,-0.25,0.88
0.75,-0.25,0.88
0.85,-0.25,0.88
0.95,-0.25,0.88
0.05,-0.15,0.88
0.15,-0.15,0.88
0.25,-0.15,0.88
0.35,-0.15,0.88
0.45,-0.15,0.88
0.55,-0.15,0.88
0.65,-0.15,0.88
0.75,-0.15,0.88
0.85,-0.15,0.88
0.95,-0.15,0.88
0.05,-0.05,0.88
0.15,-0.05,0.88
0.25,-0.05,0.88
0.35,-0.05,0.88
0.45,-0.05,0.88
0.55,-0.05,0.88
0.65,-0.05,0.88
0.75,-0.05,0.88
0.85,-0.05,0.88
0.95,-0.05,0.88
0.05,0.05,0.88
0.15,0.05,0.88
0.25,0.05,0.88
0.35,0.05,0.88
0.45,0.05,0.88
0.55,0.05,0.88
0.65,0.05,0.88
0.75,0.05,0.88
0.85,0.05,0.88
0.95,0.05,0.88
0.05,0.15,0.88
0.15,0.15,0.88
0.25,0.15,0.88
0.35,0.15,0.88
0.45,0.15,0.88
0.55,0.15,0.88
0.65,0.15,0.88
0.75,0.15,0.88
0.85,0.15,0.88
0.95,0.15,0.88
0.05,0.25,0.88
0.15,0.25,0.88
0.25,0.25,0.88
0.35,0.25,0.88
0.45,0.25,0.88
0.55,0.25,0.88
0.65,0.25,0.88
0.75,0.25,0.88
0.85,0.25,0.88
0.95,0.25,0.88
0.05,0.35,0.88
0.15,0.35,0.88
0.25,0.35,0.88
0.35,0.35,0.88
0.45,0.35,0.88
0.55,0.35,0.88
0.65,0.35,0.88
0.75,0.35,0.88
0.85,0.35,0.88
0.95,0.35,0.88
0.05,0.45,0.88
0.15,0.45,0.88
0.25,0.45,0.88
0.35,0.45,0.88
0.45,0.45,0.88
0.55,0.45,0.88
0.65,0.45,0.88
0.75,0.45,0.88
0.85,0.45,0.88
0.95,0.45,0.88
0.05,0.55,0.88
0.15,0.55,0.88
0.25,0.55,0.88
0.35,0.55,0.88
0.45,0.55,0.88
0.55,0.55,0.88
0.65,0.55,0.88
0.75,0.55,0.88
0.85,0.55,0.88
0.95,0.55,0.88
0.05,0.65,0.88
0.15,0.65,0.88
0.25,0.65,0.88
0.35,0.65,0.88
0.45,0.65,0.88
0.55,0.65,0.88
0.65,0.65,0.88
0.75,0.65,0.88
0.85,0.65,0.88
0.95,0.65,0.88
0.05,0.75,0.88
0.15,0.75,0.88
0.25,0.75,0.88
0.35,0.75,0.88
0.45,0.75,0.88
0.55,0.75,0.88
0.65,0.75,0.88
0.75,0.75,0.88
0.85,0.75,0.88
0.95,0.75,0.88
0.05,0.85,0.88
0.15,0.85,0.88
0.25,0.85,0.88
0.35,0.85,0.88
0.45,0.85,0.88
0.55,0.85,0.88
0.65,0.85,0.88
0.75,0.85,0.88
0.85,0.85,0.88
0.95,0.85,0.88
0.05,0.95,0.88
0.15,0.95,0.88
0.25,0.95,0.88
0.35,0.95,0.88
0.45,0.95,0.88
0.55,0.95,0.88
0.65,0.95,0.88
0.75,0.95,0.88
0.85,0.95,0.88
0.95,0.95,0.88
0.05,-0.95,0.89
0.15,-0.95,0.89
0.25,-0.95,0.89
0.35,-0.95,0.89
0.45,-0.95,0.89
0.55,-0.95,0.89
0.65,-0.95,0.89
0.75,-0.95,0.89
0.85,-0.95,0.89
0.95,-0.95,0.89
0.05,-0.85,0.89
0.15,-0.85,0.89
0.25,-0.85,0.89
0.35,-0.85,0.89
0.45,-0.85,0.89
0.55,-0.85,0.89
0.65,-0.85,0.89
0.75,-0.85,0.89
0.85,-0.85,0.89
0.95,-0.85,0.89
0.05,-0.75,0.89
0.15,-0.75,0.89
0.25,-0.75,0.89
0.35,-0.75,0.89
0.45,-0.75,0.89
0.55,-0.75,0.89
0.65,-0.75,0.89
0.75,-0.75,0.89
0.85,-0.75,0.89
0.95,-0.75,0.89
0.05,-0.65,0.89
0.15,-0.65,0.89
0.25,-0.65,0.89
0.35,-0.65,0.89
0.45,-0.65,0.89
0.55,-0.65,0.89
0.65,-0.65,0.89
0.75,-0.65,0.89
0.85,-0.65,0.89
0.95,-0.65,0.89
0.05,-0.55,0.89
0.15,-0.55,0.89
0.25,-0.55,0.89
0.35,-0.55,0.89
0.45,-0.55,0.89
0.55,-0.55,0.89
0.65,-0.55,0.89
0.75,-0.55,0.89
0.85,-0.55,0.89
0.95,-0.55,0.89
0.05,-0.45,0.89
0.15,-0.45,0.89
0.25,-0.45,0.89
0.35,-0.45,0.89
0.45,-0.45,0.89
0.55,-0.45,0.89
0.65,-0.45,0.89
0.75,-0.45,0.89
0.85,-0.45,0.89
0.95,-0.45,0.89
0.05,-0.35,0.89
0.15,-0.35,0.89
0.25,-0.35,0.89
0.35,-0.35,0.89
0.45,-0.35,0.89
0.55,-0.35,0.89
0.65,-0.35,0.89
0.75,-0.35,0.89
0.85,-0.35,0.89
0.95,-0.35,0.89
0.05,-0.25,0.89
0.15,-0.25,0.89
0.25,-0.25,0.89
0.35,-0.25,0.89
0.45,-0.25,0.89
0.55,-0.25,0.89
0.65,-0.25,0.89
0.75,-0.25,0.89
0.85,-0.25,0.89
0.95,-0.25,0.89
0.05,-0.15,0.89
0.15,-0.15,0.89
0.25,-0.15,0.89
0.35,-0.15,0.89
0.45,-0.15,0.89
0.55,-0.15,0.89
0.65,-0.15,0.89
0.75,-0.15,0.89
0.85,-0.15,0.89
0.95,-0.15,0.89
0.05,-0.05,0.89
0.15,-0.05,0.89
0.25,-0.05,0.89
0.35,-0.05,0.89
0.45,-0.05,0.89
0.55,-0.05,0.89
0.65,-0.05,0.89
0.75,-0.05,0.89
0.85,-0.05,0.89
0.95,-0.05,0.89
0.05,0.05,0.89
0.15,0.05,0.89
0.25,0.05,0.89
0.35,0.05,0.89
0.45,0.05,0.89
0.55,0.05,0.89
0.65,0.05,0.89
0.75,0.05,0.89
0.85,0.05,0.89
0.95,0.05,0.89
0.05,0.15,0.89
0.15,0.15,0.89
0.25,0.15,0.89
0.35,0.15,0.89
0.45,0.15,0.89
0.55,0.15,0.89
0.65,0.15,0.89
0.75,0.15,0.89
0.85,0.15,0.89
0.95,0.15,0.89
0.05,0.25,0.89
0.15,0.25,0.89
0.25,0.25,0.89
0.35,0.25,0.89
0.45,0.25,0.89
0.55,0.25,0.89
0.65,0.25,0.89
0.75,0.25,0.89
0.85,0.25,0.89
0.95,0.25,0.89
0.05,0.35,0.89
0.15,0.35,0.89
0.25,0.35,0.89
0.35,0.35,0.89
0.45,0.35,0.89
0.55,0.35,0.89
0.65,0.35,0.89
0.75,0.35,0.89
0.85,0.35,0.89
0.95,0.35,0.89
0.05,0.45,0.89
0.15,0.45,0.89
0.25,0.45,0.89
0.35,0.45,0.89
0.45,0.45,0.89
0.55,0.45,0.89
0.65,0.45,0.89
0.75,0.45,0.89
0.85,0.45,0.89
0.95,0.45,0.89
0.05,0.55,0.89
0.15,0.55,0.89
0.25,0.55,0.89
0.35,0.55,0.89
0.45,0.55,0.89
0.55,0.55,0.89
0.65,0.55,0.89
0.75,0.55,0.89
0.85,0.55,0.89
0.95,0.55,0.89
0.05,0.65,0.89
0.15,0.65,0.89
0.25,0.65,0.89
0.35,0.65,0.89
0.45,0.65,0.89
0.55,0.65,0.89
0.65,0.65,0.89
0.75,0.65,0.89
0.85,0.65,0.89
0.95,0.65,0.89
0.05,0.75,0.89
0.15,0.75,0.89
0.25,0.75,0.89
0.35,0.75,0.89
0.45,0.75,0.89
0.55,0.75,0.89
0.65,0.75,0.89
0.75,0.75,0.89
0.85,0.75,0.89
0.95,0.75,0.89
0.05,0.85,0.89
0.15,0.85,0.89
0.25,0.85,0.89
0.35,0.85,0.89
0.45,0.85,0.89
0.55,0.85,0.89
0.65,0.85,0.89
0.75,0.85,0.89
0.85,0.85,0.89
0.95,0.85,0.89
0.05,0.95,0.89
0.15,0.95,0.89
0.25,0.95,0.89
0.35,0.95,0.89
0.45,0.95,0.89
0.55,0.95,0.89
0.65,0.95,0.89
0.75,0.95,0.89
0.85,0.95,0.89
0.95,0.95,0.89
0.05,-0.95,0.9
0.15,-0.95,0.9
0.25,-0.95,0.9
0.35,-0.95,0.9
0.45,-0.95,0.9
0.55,-0.95,0.9
0.65,-0.95,0.9
0.75,-0.95,0.9
0.85,-0.95,0.9
0.95,-0.95,0.9
0.05,-0.85,0.9
0.15,-0.85,0.9
0.25,-0.85,0.9
0.35,-0.85,0.9
0.45,-0.85,0.9
0.55,-0.85,0.9
0.65,-0.85,0.9
0.75,-0.85,0.9
0.85,-0.85,0.9
0.95,-0.85,0.9
0.05,-0.75,0.9
0.15,-0.75,0.9
0.25,-0.75,0.9
0.35,-0.75,0.9
0.45,-0.75,0.9
0.55,-0.75,0.9
0.65,-0.75,0.9
0.75,-0.75,0.9
0.85,-0.75,0.9
0.95,-0.75,0.9
0.05,-0.65,0.9
0.15,-0.65,0.9
0.25,-0.65,0.9
0.35,-0.65,0.9
0.45,-0.65,0.9
0.55,-0.65,0.9
0.65,-0.65,0.9
0.75,-0.65,0.9
0.85,-0.65,0.9
0.95,-0.65,0.9
0.05,-0.55,0.9
0.15,-0.55,0.9
0.25,-0.55,0.9
0.35,-0.55,0.9
0.45,-0.55,0.9
0.55,-0.55,0.9
0.65,-0.55,0.9
0.75,-0.55,0.9
0.85,-0.55,0.9
0.95,-0.55,0.9
0.05,-0.45,0.9
0.15,-0.45,0.9
0.25,-0.45,0.9
0.35,-0.45,0.9
0.45,-0.45,0.9
0.55,-0.45,0.9
0.65,-0.45,0.9
0.75,-0.45,0.9
0.85,-0.45,0.9
0.95,-0.45,0.9
0.05,-0.35,0.9
0.15,-0.35,0.9
0.25,-0.35,0.9
0.35,-0.35,0.9
0.45,-0.35,0.9
0.55,-0.35,0.9
0.65,-0.35,0.9
0.75,-0.35,0.9
0.85,-0.35,0.9
0.95,-0.35,0.9
0.05,-0.25,0.9
0.15,-0.25,0.9
0.25,-0.25,0.9
0.35,-0.25,0.9
0.45,-0.25,0.9
0.55,-0.25,0.9
0.65,-0.25,0.9
0.75,-0.25,0.9
0.85,-0.25,0.9
0.95,-0.25,0.9
0.05,-0.15,0.9
0.15,-0.15,0.9
0.25,-0.15,0.9
0.35,-0.15,0.9
0.45,-0.15,0.9
0.55,-0.15,0.9
0.65,-0.15,0.9
0.75,-0.15,0.9
0.85,-0.15,0.9
0.95,-0.15,0.9
0.05,-0.05,0.9
0.15,-0.05,0.9
0.25,-0.05,0.9
0.35,-0.05,0.9
0.45,-0.05,0.9
0.55,-0.05,0.9
0.65,-0.05,0.9
0.75,-0.05,0.9
0.85,-0.05,0.9
0.95,-0.05,0.9
0.05,0.05,0.9
0.15,0.05,0.9
0.25,0.05,0.9
0.35,0.05,0.9
0.45,0.05,0.9
0.55,0.05,0.9
0.65,0.05,0.9
0.75,0.05,0.9
0.85,0.05,0.9
0.95,0.05,0.9
0.05,0.15,0.9
0.15,0.15,0.9
0.25,0.15,0.9
0.35,0.15,0.9
0.45,0.15,0.9
0.55,0.15,0.9
0.65,0.15,0.9
0.75,0.15,0.9
0.85,0.15,0.9
0.95,0.15,0.9
0.05,0.25,0.9
0.15,0.25,0.9
0.25,0.25,0.9
0.35,0.25,0.9
0.45,0.25,0.9
0.55,0.25,0.9
0.65,0.25,0.9
0.75,0.25,0.9
0.85,0.25,0.9
0.95,0.25,0.9
0.05,0.35,0.9
0.15,0.35,0.9
0.25,0.35,0.9
0.35,0.35,0.9
0.45,0.35,0.9
0.55,0.35,0.9
0.65,0.35,0.9
0.75,0.35,0.9
0.85,0.35,0.9
0.95,0.35,0.9
0.05,0.45,0.9
0.15,0.45,0.9
0.25,0.45,0.9
0.35,0.45,0.9
0.45,0.45,0.9
0.55,0.45,0.9
0.65,0.45,0.9
0.75,0.45,0.9
0.85,0.45,0.9
0.95,0.45,0.9
0.05,0.55,0.9
0.15,0.55,0.9
0.25,0.55,0.9
0.35,0.55,0.9
0.45,0.55,0.9
0.55,0.55,0.9
0.65,0.55,0.9
0.75,0.55,0.9
0.85,0.55,0.9
0.95,0.55,0.9
0.05,0.65,0.9
0.15,0.65,0.9
0.25,0.65,0.9
0.35,0.65,0.9
0.45,0.65,0.9
0.55,0.65,0.9
0.65,0.65,0.9
0.75,0.65,0.9
0.85,0.65,0.9
0.95,0.65,0.9
0.05,0.75,0.9
0.15,0.75,0.9
0.25,0.75,0.9
0.35,0.75,0.9
0.45,0.75,0.9
0.55,0.75,0.9
0.65,0.75,0.9
0.75,0.75,0.9
0.85,0.75,0.9
0.95,0.75,0.9
0.05,0.85,0.9
0.15,0.85,0.9
0.25,0.85,0.9
0.35,0.85,0.9
0.45,0.85,0.9
0.55,0.85,0.9
0.65,0.85,0.9
0.75,0.85,0.9
0.85,0.85,0.9
0.95,0.85,0.9
0.05,0.95,0.9
0.15,0.95,0.9
0.25,0.95,0.9
0.35,0.95,0.9
0.45,0.95,0.9
0.55,0.95,0.9
0.65,0.95,0.9
0.75,0.95,0.9
0.85,0.95,0.9
0.95,0.95,0.9
0.05,-0.95,0.91
0.15,-0.95,0.91
0.25,-0.95,0.91
0.35,-0.95,0.91
0.45,-0.95,0.91
0.55,-0.95,0.91
0.65,-0.95,0.91
0.75,-0.95,0.91
0.85,-0.95,0.91
0.95,-0.95,0.91
0.05,-0.85,0.91
0.15,-0.85,0.91
0.25,-0.85,0.91
0.35,-0.85,0.91
0.45,-0.85,0.91
0.55,-0.85,0.91
0.65,-0.85,0.91
0.75,-0.85,0.91
0.85,-0.85,0.91
0.95,-0.85,0.91
0.05,-0.75,0.91
0.15,-0.75,0.91
0.25,-0.75,0.91
0.35,-0.75,0.91
0.45,-0.75,0.91
0.55,-0.75,0.91
0.65,-0.75,0.91
0.75,-0.75,0.91
0.85,-0.75,0.91
0.95,-0.75,0.91
0.05,-0.65,0.91
0.15,-0.65,0.91
0.25,-0.65,0.91
0.35,-0.65,0.91
0.45,-0.65,0.91
0.55,-0.65,0.91
0.65,-0.65,0.91
0.75,-0.65,0.91
0.85,-0.65,0.91
0.95,-0.65,0.91
0.05,-0.55,0.91
0.15,-0.55,0.91
0.25,-0.55,0.91
0.35,-0.55,0.91
0.45,-0.55,0.91
0.55,-0.55,0.91
0.65,-0.55,0.91
0.75,-0.55,0.91
0.85,-0.55,0.91
0.95,-0.55,0.91
0.05,-0.45,0.91
0.15,-0.45,0.91
0.25,-0.45,0.91
0.35,-0.45,0.91
0.45,-0.45,0.91
0.55,-0.45,0.91
0.65,-0.45,0.91
0.75,-0.45,0.91
0.85,-0.45,0.91
0.95,-0.45,0.91
0.05,-0.35,0.91
0.15,-0.35,0.91
0.25,-0.35,0.91
0.35,-0.35,0.91
0.45,-0.35,0.91
0.55,-0.35,0.91
0.65,-0.35,0.91
0.75,-0.35,0.91
0.85,-0.35,0.91
0.95,-0.35,0.91
0.05,-0.25,0.91
0.15,-0.25,0.91
0.25,-0.25,0.91
0.35,-0.25,0.91
0.45,-0.25,0.91
0.55,-0.25,0.91
0.65,-0.25,0.91
0.75,-0.25,0.91
0.85,-0.25,0.91
0.95,-0.25,0.91
0.05,-0.15,0.91
0.15,-0.15,0.91
0.25,-0.15,0.91
0.35,-0.15,0.91
0.45,-0.15,0.91
0.55,-0.15,0.91
0.65,-0.15,0.91
0.75,-0.15,0.91
0.85,-0.15,0.91
0.95,-0.15,0.91
0.05,-0.05,0.91
0.15,-0.05,0.91
0.25,-0.05,0.91
0.35,-0.05,0.91
0.45,-0.05,0.91
0.55,-0.05,0.91
0.65,-0.05,0.91
0.75,-0.05,0.91
0.85,-0.05,0.91
0.95,-0.05,0.91
0.05,0.05,0.91
0.15,0.05,0.91
0.25,0.05,0.91
0.35,0.05,0.91
0.45,0.05,0.91
0.55,0.05,0.91
0.65,0.05,0.91
0.75,0.05,0.91
0.85,0.05,0.91
0.95,0.05,0.91
0.05,0.15,0.91
0.15,0.15,0.91
0.25,0.15,0.91
0.35,0.15,0.91
0.45,0.15,0.91
0.55,0.15,0.91
0.65,0.15,0.91
0.75,0.15,0.91
0.85,0.15,0.91
0.95,0.15,0.91
0.05,0.25,0.91
0.15,0.25,0.91
0.25,0.25,0.91
0.35,0.25,0.91
0.45,0.25,0.91
0.55,0.25,0.91
0.65,0.25,0.91
0.75,0.25,0.91
0.85,0.25,0.91
0.95,0.25,0.91
0.05,0.35,0.91
0.15,0.35,0.91
0.25,0.35,0.91
0.35,0.35,0.91
0.45,0.35,0.91
0.55,0.35,0.91
0.65,0.35,0.91
0.75,0.35,0.91
0.85,0.35,0.91
0.95,0.35,0.91
0.05,0.45,0.91
0.15,0.45,0.91
0.25,0.45,0.91
0.35,0.45,0.91
0.45,0.45,0.91
0.55,0.45,0.91
0.65,0.45,0.91
0.75,0.45,0.91
0.85,0.45,0.91
0.95,0.45,0.91
0.05,0.55,0.91
0.15,0.55,0.91
0.25,0.55,0.91
0.35,0.55,0.91
0.45,0.55,0.91
0.55,0.55,0.91
0.65,0.55,0.91
0.75,0.55,0.91
0.85,0.55,0.91
0.95,0.55,0.91
0.05,0.65,0.91
0.15,0.65,0.91
0.25,0.65,0.91
0.35,0.65,0.91
0.45,0.65,0.91
0.55,0.65,0.91
0.65,0.65,0.91
0.75,0.65,0.91
0.85,0.65,0.91
0.95,0.65,0.91
0.05,0.75,0.91
0.15,0.75,0.91
0.25,0.75,0.91
0.35,0.75,0.91
0.45,0.75,0.91
0.55,0.75,0.91
0.65,0.75,0.91
0.75,0.75,0.91
0.85,0.75,0.91
0.95,0.75,0.91
0.05,0.85,0.91
0.15,0.85,0.91
0.25,0.85,0.91
0.35,0.85,0.91
0.45,0.85,0.91
0.55,0.85,0.91
0.65,0.85,0.91
0.75,0.85,0.91
0.85,0.85,0.91
0.95,0.85,0.91
0.05,0.95,0.91
0.15,0.95,0.91
0.25,0.95,0.91
0.35,0.95,0.91
0.45,0.95,0.91
0.55,0.95,0.91
0.65,0.95,0.91
0.75,0.95,0.91
0.85,0.95,0.91
0.95,0.95,0.91
0.05,-0.95,0.92
0.15,-0.95,0.92
0.25,-0.95,0.92
0.35,-0.95,0.92
0.45,-0.95,0.92
0.55,-0.95,0.92
0.65,-0.95,0.92
0.75,-0.95,0.92
0.85,-0.95,0.92
0.95,-0.95,0.92
0.05,-0.85,0.92
0.15,-0.85,0.92
0.25,-0.85,0.92
0.35,-0.85,0.92
0.45,-0.85,0.92
0.55,-0.85,0.92
0.65,-0.85,0.92
0.75,-0.85,0.92
0.85,-0.85,0.92
0.95,-0.85,0.92
0.05,-0.75,0.92
0.15,-0.75,0.92
0.25,-0.75,0.92
0.35,-0.75,0.92
0.45,-0.75,0.92
0.55,-0.75,0.92
0.65,-0.75,0.92
0.75,-0.75,0.92
0.85,-0.75,0.92
0.95,-0.75,0.92
0.05,-0.65,0.92
0.15,-0.65,0.92
0.25,-0.65,0.92
0.35,-0.65,0.92
0.45,-0.65,0.92
0.55,-0.65,0.92
0.65,-0.65,0.92
0.75,-0.65,0.92
0.85,-0.65,0.92
0.95,-0.65,0.92
0.05,-0.55,0.92
0.15,-0.55,0.92
0.25,-0.55,0.92
0.35,-0.55,0.92
0.45,-0.55,0.92
0.55,-0.55,0.92
0.65,-0.55,0.92
0.75,-0.55,0.92
0.85,-0.55,0.92
0.95,-0.55,0.92
0.05,-0.45,0.92
0.15,-0.45,0.92
0.25,-0.45,0.92
0.35,-0.45,0.92
0.45,-0.45,0.92
0.55,-0.45,0.92
0.65,-0.45,0.92
0.75,-0.45,0.92
0.85,-0.45,0.92
0.95,-0.45,0.92
0.05,-0.35,0.92
0.15,-0.35,0.92
0.25,-0.35,0.92
0.35,-0.35,0.92
0.45,-0.35,0.92
0.55,-0.35,0.92
0.65,-0.35,0.92
0.75,-0.35,0.92
0.85,-0.35,0.92
0.95,-0.35,0.92
0.05,-0.25,0.92
0.15,-0.25,0.92
0.25,-0.25,0.92
0.35,-0.25,0.92
0.45,-0.25,0.92
0.55,-0.25,0.92
0.65,-0.25,0.92
0.75,-0.25,0.92
0.85,-0.25,0.92
0.95,-0.25,0.92
0.05,-0.15,0.92
0.15,-0.15,0.92
0.25,-0.15,0.92
0.35,-0.15,0.92
0.45,-0.15,0.92
0.55,-0.15,0.92
0.65,-0.15,0.92
0.75,-0.15,0.92
0.85,-0.15,0.92
0.95,-0.15,0.92
0.05,-0.05,0.92
0.15,-0.05,0.92
0.25,-0.05,0.92
0.35,-0.05,0.92
0.45,-0.05,0.92
0.55,-0.05,0.92
0.65,-0.05,0.92
0.75,-0.05,0.92
0.85,-0.05,0.92
0.95,-0.05,0.92
0.05,0.05,0.92
0.15,0.05,0.92
0.25,0.05,0.92
0.35,0.05,0.92
0.45,0.05,0.92
0.55,0.05,0.92
0.65,0.05,0.92
0.75,0.05,0.92
0.85,0.05,0.92
0.95,0.05,0.92
0.05,0.15,0.92
0.15,0.15,0.92
0.25,0.15,0.92
0.35,0.15,0.92
0.45,0.15,0.92
0.55,0.15,0.92
0.65,0.15,0.92
0.75,0.15,0.92
0.85,0.15,0.92
0.95,0.15,0.92
0.05,0.25,0.92
0.15,0.25,0.92
0.25,0.25,0.92
0.35,0.25,0.92
0.45,0.25,0.92
0.55,0.25,0.92
0.65,0.25,0.92
0.75,0.25,0.92
0.85,0.25,0.92
0.95,0.25,0.92
0.05,0.35,0.92
0.15,0.35,0.92
0.25,0.35,0.92
0.35,0.35,0.92
0.45,0.35,0.92
0.55,0.35,0.92
0.65,0.35,0.92
0.75,0.35,0.92
0.85,0.35,0.92
0.95,0.35,0.92
0.05,0.45,0.92
0.15,0.45,0.92
0.25,0.45,0.92
0.35,0.45,0.92
0.45,0.45,0.92
0.55,0.45,0.92
0.65,0.45,0.92
0.75,0.45,0.92
0.85,0.45,0.92
0.95,0.45,0.92
0.05,0.55,0.92
0.15,0.55,0.92
0.25,0.55,0.92
0.35,0.55,0.92
0.45,0.55,0.92
0.55,0.55,0.92
0.65,0.55,0.92
0.75,0.55,0.92
0.85,0.55,0.92
0.95,0.55,0.92
0.05,0.65,0.92
0.15,0.65,0.92
0.25,0.65,0.92
0.35,0.65,0.92
0.45,0.65,0.92
0.55,0.65,0.92
0.65,0.65,0.92
0.75,0.65,0.92
0.85,0.65,0.92
0.95,0.65,0.92
0.05,0.75,0.92
0.15,0.75,0.92
0.25,0.75,0.92
0.35,0.75,0.92
0.45,0.75,0.92
0.55,0.75,0.92
0.65,0.75,0.92
0.75,0.75,0.92
0.85,0.75,0.92
0.95,0.75,0.92
0.05,0.85,0.92
0.15,0.85,0.92
0.25,0.85,0.92
0.35,0.85,0.92
0.45,0.85,0.92
0.55,0.85,0.92
0.65,0.85,0.92
0.75,0.85,0.92
0.85,0.85,0.92
0.95,0.85,0.92
0.05,0.95,0.92
0.15,0.95,0.92
0.25,0.95,0.92
0.35,0.95,0.92
0.45,0.95,0.92
0.55,0.95,0.92
0.65,0.95,0.92
0.75,0.95,0.92
0.85,0.95,0.92
0.95,0.95,0.92
0.05,-0.95,0.93
0.15,-0.95,0.93
0.25,-0.95,0.93
0.35,-0.95,0.93
0.45,-0.95,0.93
0.55,-0.95,0.93
0.65,-0.95,0.93
0.75,-0.95,0.93
0.85,-0.95,0.93
0.95,-0.95,0.93
0.05,-0.85,0.93
0.15,-0.85,0.93
0.25,-0.85,0.93
0.35,-0.85,0.93
0.45,-0.85,0.93
0.55,-0.85,0.93
0.65,-0.85,0.93
0.75,-0.85,0.93
0.85,-0.85,0.93
0.95,-0.85,0.93
0.05,-0.75,0.93
0.15,-0.75,0.93
0.25,-0.75,0.93
0.35,-0.75,0.93
0.45,-0.75,0.93
0.55,-0.75,0.93
0.65,-0.75,0.93
0.75,-0.75,0.93
0.85,-0.75,0.93
0.95,-0.75,0.93
0.05,-0.65,0.93
0.15,-0.65,0.93
0.25,-0.65,0.93
0.35,-0.65,0.93
0.45,-0.65,0.93
0.55,-0.65,0.93
0.65,-0.65,0.93
0.75,-0.65,0.93
0.85,-0.65,0.93
0.95,-0.65,0.93
0.05,-0.55,0.93
0.15,-0.55,0.93
0.25,-0.55,0.93
0.35,-0.55,0.93
0.45,-0.55,0.93
0.55,-0.55,0.93
0.65,-0.55,0.93
0.75,-0.55,0.93
0.85,-0.55,0.93
0.95,-0.55,0.93
0.05,-0.45,0.93
0.15,-0.45,0.93
0.25,-0.45,0.93
0.35,-0.45,0.93
0.45,-0.45,0.93
0.55,-0.45,0.93
0.65,-0.45,0.93
0.75,-0.45,0.93
0.85,-0.45,0.93
0.95,-0.45,0.93
0.05,-0.35,0.93
0.15,-0.35,0.93
0.25,-0.35,0.93
0.35,-0.35,0.93
0.45,-0.35,0.93
0.55,-0.35,0.93
0.65,-0.35,0.93
0.75,-0.35,0.93
0.85,-0.35,0.93
0.95,-0.35,0.93
0.05,-0.25,0.93
0.15,-0.25,0.93
0.25,-0.25,0.93
0.35,-0.25,0.93
0.45,-0.25,0.93
0.55,-0.25,0.93
0.65,-0.25,0.93
0.75,-0.25,0.93
0.85,-0.25,0.93
0.95,-0.25,0.93
0.05,-0.15,0.93
0.15,-0.15,0.93
0.25,-0.15,0.93
0.35,-0.15,0.93
0.45,-0.15,0.93
0.55,-0.15,0.93
0.65,-0.15,0.93
0.75,-0.15,0.93
0.85,-0.15,0.93
0.95,-0.15,0.93
0.05,-0.05,0.93
0.15,-0.05,0.93
0.25,-0.05,0.93
0.35,-0.05,0.93
0.45,-0.05,0.93
0.55,-0.05,0.93
0.65,-0.05,0.93
0.75,-0.05,0.93
0.85,-0.05,0.93
0.95,-0.05,0.93
0.05,0.05,0.93
0.15,0.05,0.93
0.25,0.05,0.93
0.35,0.05,0.93
0.45,0.05,0.93
0.55,0.05,0.93
0.65,0.05,0.93
0.75,0.05,0.93
0.85,0.05,0.93
0.95,0.05,0.93
0.05,0.15,0.93
0.15,0.15,0.93
0.25,0.15,0.93
0.35,0.15,0.93
0.45,0.15,0.93
0.55,0.15,0.93
0.65,0.15,0.93
0.75,0.15,0.93
0.85,0.15,0.93
0.95,0.15,0.93
0.05,0.25,0.93
0.15,0.25,0.93
0.25,0.25,0.93
0.35,0.25,0.93
0.45,0.25,0.93
0.55,0.25,0.93
0.65,0.25,0.93
0.75,0.25,0.93
0.85,0.25,0.93
0.95,0.25,0.93
0.05,0.35,0.93
0.15,0.35,0.93
0.25,0.35,0.93
0.35,0.35,0.93
0.45,0.35,0.93
0.55,0.35,0.93
0.65,0.35,0.93
0.75,0.35,0.93
0.85,0.35,0.93
0.95,0.35,0.93
0.05,0.45,0.93
0.15,0.45,0.93
0.25,0.45,0.93
0.35,0.45,0.93
0.45,0.45,0.93
0.55,0.45,0.93
0.65,0.45,0.93
0.75,0.45,0.93
0.85,0.45,0.93
0.95,0.45,0.93
0.05,0.55,0.93
0.15,0.55,0.93
0.25,0.55,0.93
0.35,0.55,0.93
0.45,0.55,0.93
0.55,0.55,0.93
0.65,0.55,0.93
0.75,0.55,0.93
0.85,0.55,0.93
0.95,0.55,0.93
0.05,0.65,0.93
0.15,0.65,0.93
0.25,0.65,0.93
0.35,0.65,0.93
0.45,0.65,0.93
0.55,0.65,0.93
0.65,0.65,0.93
0.75,0.65,0.93
0.85,0.65,0.93
0.95,0.65,0.93
0.05,0.75,0.93
0.15,0.75,0.93
0.25,0.75,0.93
0.35,0.75,0.93
0.45,0.75,0.93
0.55,0.75,0.93
0.65,0.75,0.93
0.75,0.75,0.93
0.85,0.75,0.93
0.95,0.75,0.93
0.05,0.85,0.93
0.15,0.85,0.93
0.25,0.85,0.93
0.35,0.85,0.93
0.45,0.85,0.93
0.55,0.85,0.93
0.65,0.85,0.93
0.75,0.85,0.93
0.85,0.85,0.93
0.95,0.85,0.93
0.05,0.95,0.93
0.15,0.95,0.93
0.25,0.95,0.93
0.35,0.95,0.93
0.45,0.95,0.93
0.55,0.95,0.93
0.65,0.95,0.93
0.75,0.95,0.93
0.85,0.95,0.93
0.95,0.95,0.93
0.05,-0.95,0.94
0.15,-0.95,0.94
0.25,-0.95,0.94
0.35,-0.95,0.94
0.45,-0.95,0.94
0.55,-0.95,0.94
0.65,-0.95,0.94
0.75,-0.95,0.94
0.85,-0.95,0.94
0.95,-0.95,0.94
0.05,-0.85,0.94
0.15,-0.85,0.94
0.25,-0.85,0.94
0.35,-0.85,0.94
0.45,-0.85,0.94
0.55,-0.85,0.94
0.65,-0.85,0.94
0.75,-0.85,0.94
0.85,-0.85,0.94
0.95,-0.85,0.94
0.05,-0.75,0.94
0.15,-0.75,0.94
0.25,-0.75,0.94
0.35,-0.75,0.94
0.45,-0.75,0.94
0.55,-0.75,0.94
0.65,-0.75,0.94
0.75,-0.75,0.94
0.85,-0.75,0.94
0.95,-0.75,0.94
0.05,-0.65,0.94
0.15,-0.65,0.94
0.25,-0.65,0.94
0.35,-0.65,0.94
0.45,-0.65,0.94
0.55,-0.65,0.94
0.65,-0.65,0.94
0.75,-0.65,0.94
0.85,-0.65,0.94
0.95,-0.65,0.94
0.05,-0.55,0.94
0.15,-0.55,0.94
0.25,-0.55,0.94
0.35,-0.55,0.94
0.45,-0.55,0.94
0.55,-0.55,0.94
0.65,-0.55,0.94
0.75,-0.55,0.94
0.85,-0.55,0.94
0.95,-0.55,0.94
0.05,-0.45,0.94
0.15,-0.45,0.94
0.25,-0.45,0.94
0.35,-0.45,0.94
0.45,-0.45,0.94
0.55,-0.45,0.94
0.65,-0.45,0.94
0.75,-0.45,0.94
0.85,-0.45,0.94
0.95,-0.45,0.94
0.05,-0.35,0.94
0.15,-0.35,0.94
0.25,-0.35,0.94
0.35,-0.35,0.94
0.45,-0.35,0.94
0.55,-0.35,0.94
0.65,-0.35,0.94
0.75,-0.35,0.94
0.85,-0.35,0.94
0.95,-0.35,0.94
0.05,-0.25,0.94
0.15,-0.25,0.94
0.25,-0.25,0.94
0.35,-0.25,0.94
0.45,-0.25,0.94
0.55,-0.25,0.94
0.65,-0.25,0.94
0.75,-0.25,0.94
0.85,-0.25,0.94
0.95,-0.25,0.94
0.05,-0.15,0.94
0.15,-0.15,0.94
0.25,-0.15,0.94
0.35,-0.15,0.94
0.45,-0.15,0.94
0.55,-0.15,0.94
0.65,-0.15,0.94
0.75,-0.15,0.94
0.85,-0.15,0.94
0.95,-0.15,0.94
0.05,-0.05,0.94
0.15,-0.05,0.94
0.25,-0.05,0.94
0.35,-0.05,0.94
0.45,-0.05,0.94
0.55,-0.05,0.94
0.65,-0.05,0.94
0.75,-0.05,0.94
0.85,-0.05,0.94
0.95,-0.05,0.94
0.05,0.05,0.94
0.15,0.05,0.94
0.25,0.05,0.94
0.35,0.05,0.94
0.45,0.05,0.94
0.55,0.05,0.94
0.65,0.05,0.94
0.75,0.05,0.94
0.85,0.05,0.94
0.95,0.05,0.94
0.05,0.15,0.94
0.15,0.15,0.94
0.25,0.15,0.94
0.35,0.15,0.94
0.45,0.15,0.94
0.55,0.15,0.94
0.65,0.15,0.94
0.75,0.15,0.94
0.85,0.15,0.94
0.95,0.15,0.94
0.05,0.25,0.94
0.15,0.25,0.94
0.25,0.25,0.94
0.35,0.25,0.94
0.45,0.25,0.94
0.55,0.25,0.94
0.65,0.25,0.94
0.75,0.25,0.94
0.85,0.25,0.94
0.95,0.25,0.94
0.05,0.35,0.94
0.15,0.35,0.94
0.25,0.35,0.94
0.35,0.35,0.94
0.45,0.35,0.94
0.55,0.35,0.94
0.65,0.35,0.94
0.75,0.35,0.94
0.85,0.35,0.94
0.95,0.35,0.94
0.05,0.45,0.94
0.15,0.45,0.94
0.25,0.45,0.94
0.35,0.45,0.94
0.45,0.45,0.94
0.55,0.45,0.94
0.65,0.45,0.94
0.75,0.45,0.94
0.85,0.45,0.94
0.95,0.45,0.94
0.05,0.55,0.94
0.15,0.55,0.94
0.25,0.55,0.94
0.35,0.55,0.94
0.45,0.55,0.94
0.55,0.55,0.94
0.65,0.55,0.94
0.75,0.55,0.94
0.85,0.55,0.94
0.95,0.55,0.94
0.05,0.65,0.94
0.15,0.65,0.94
0.25,0.65,0.94
0.35,0.65,0.94
0.45,0.65,0.94
0.55,0.65,0.94
0.65,0.65,0.94
0.75,0.65,0.94
0.85,0.65,0.94
0.95,0.65,0.94
0.05,0.75,0.94
0.15,0.75,0.94
0.25,0.75,0.94
0.35,0.75,0.94
0.45,0.75,0.94
0.55,0.75,0.94
0.65,0.75,0.94
0.75,0.75,0.94
0.85,0.75,0.94
0.95,0.75,0.94
0.05,0.85,0.94
0.15,0.85,0.94
0.25,0.85,0.94
0.35,0.85,0.94
0.45,0.85,0.94
0.55,0.85,0.94
0.65,0.85,0.94
0.75,0.85,0.94
0.85,0.85,0.94
0.95,0.85,0.94
0.05,0.95,0.94
0.15,0.95,0.94
0.25,0.95,0.94
0.35,0.95,0.94
0.45,0.95,0.94
0.55,0.95,0.94
0.65,0.95,0.94
0.75,0.95,0.94
0.85,0.95,0.94
0.95,0.95,0.94
0.05,-0.95,0.95
0.15,-0.95,0.95
0.25,-0.95,0.95
0.35,-0.95,0.95
0.45,-0.95,0.95
0.55,-0.95,0.95
0.65,-0.95,0.95
0.75,-0.95,0.95
0.85,-0.95,0.95
0.95,-0.95,0.95
0.05,-0.85,0.95
0.15,-0.85,0.95
0.25,-0.85,0.95
0.35,-0.85,0.95
0.45,-0.85,0.95
0.55,-0.85,0.95
0.65,-0.85,0.95
0.75,-0.85,0.95
0.85,-0.85,0.95
0.95,-0.85,0.95
0.05,-0.75,0.95
0.15,-0.75,0.95
0.25,-0.75,0.95
0.35,-0.75,0.95
0.45,-0.75,0.95
0.55,-0.75,0.95
0.65,-0.75,0.95
0.75,-0.75,0.95
0.85,-0.75,0.95
0.95,-0.75,0.95
0.05,-0.65,0.95
0.15,-0.65,0.95
0.25,-0.65,0.95
0.35,-0.65,0.95
0.45,-0.65,0.95
0.55,-0.65,0.95
0.65,-0.65,0.95
0.75,-0.65,0.95
0.85,-0.65,0.95
0.95,-0.65,0.95
0.05,-0.55,0.95
0.15,-0.55,0.95
0.25,-0.55,0.95
0.35,-0.55,0.95
0.45,-0.55,0.95
0.55,-0.55,0.95
0.65,-0.55,0.95
0.75,-0.55,0.95
0.85,-0.55,0.95
0.95,-0.55,0.95
0.05,-0.45,0.95
0.15,-0.45,0.95
0.25,-0.45,0.95
0.35,-0.45,0.95
0.45,-0.45,0.95
0.55,-0.45,0.95
0.65,-0.45,0.95
0.75,-0.45,0.95
0.85,-0.45,0.95
0.95,-0.45,0.95
0.05,-0.35,0.95
0.15,-0.35,0.95
0.25,-0.35,0.95
0.35,-0.35,0.95
0.45,-0.35,0.95
0.55,-0.35,0.95
0.65,-0.35,0.95
0.75,-0.35,0.95
0.85,-0.35,0.95
0.95,-0.35,0.95
0.05,-0.25,0.95
0.15,-0.25,0.95
0.25,-0.25,0.95
0.35,-0.25,0.95
0.45,-0.25,0.95
0.55,-0.25,0.95
0.65,-0.25,0.95
0.75,-0.25,0.95
0.85,-0.25,0.95
0.95,-0.25,0.95
0.05,-0.15,0.95
0.15,-0.15,0.95
0.25,-0.15,0.95
0.35,-0.15,0.95
0.45,-0.15,0.95
0.55,-0.15,0.95
0.65,-0.15,0.95
0.75,-0.15,0.95
0.85,-0.15,0.95
0.95,-0.15,0.95
0.05,-0.05,0.95
0.15,-0.05,0.95
0.25,-0.05,0.95
0.35,-0.05,0.95
0.45,-0.05,0.95
0.55,-0.05,0.95
0.65,-0.05,0.95
0.75,-0.05,0.95
0.85,-0.05,0.95
0.95,-0.05,0.95
0.05,0.05,0.95
0.15,0.05,0.95
0.25,0.05,0.95
0.35,0.05,0.95
0.45,0.05,0.95
0.55,0.05,0.95
0.65,0.05,0.95
0.75,0.05,0.95
0.85,0.05,0.95
0.95,0.05,0.95
0.05,0.15,0.95
0.15,0.15,0.95
0.25,0.15,0.95
0.35,0.15,0.95
0.45,0.15,0.95
0.55,0.15,0.95
0.65,0.15,0.95
0.75,0.15,0.95
0.85,0.15,0.95
0.95,0.15,0.95
0.05,0.25,0.95
0.15,0.25,0.95
0.25,0.25,0.95
0.35,0.25,0.95
0.45,0.25,0.95
0.55,0.25,0.95
0.65,0.25,0.95
0.75,0.25,0.95
0.85,0.25,0.95
0.95,0.25,0.95
0.05,0.35,0.95
0.15,0.35,0.95
0.25,0.35,0.95
0.35,0.35,0.95
0.45,0.35,0.95
0.55,0.35,0.95
0.65,0.35,0.95
0.75,0.35,0.95
0.85,0.35,0.95
0.95,0.35,0.95
0.05,0.45,0.95
0.15,0.45,0.95
0.25,0.45,0.95
0.35,0.45,0.95
0.45,0.45,0.95
0.55,0.45,0.95
0.65,0.45,0.95
0.75,0.45,0.95
0.85,0.45,0.95
0.95,0.45,0.95
0.05,0.55,0.95
0.15,0.55,0.95
0.25,0.55,0.95
0.35,0.55,0.95
0.45,0.55,0.95
0.55,0.55,0.95
0.65,0.55,0.95
0.75,0.55,0.95
0.85,0.55,0.95
0.95,0.55,0.95
0.05,0.65,0.95
0.15,0.65,0.95
0.25,0.65,0.95
0.35,0.65,0.95
0.45,0.65,0.95
0.55,0.65,0.95
0.65,0.65,0.95
0.75,0.65,0.95
0.85,0.65,0.95
0.95,0.65,0.95
0.05,0.75,0.95
0.15,0.75,0.95
0.25,0.75,0.95
0.35,0.75,0.95
0.45,0.75,0.95
0.55,0.75,0.95
0.65,0.75,0.95
0.75,0.75,0.95
0.85,0.75,0.95
0.95,0.75,0.95
0.05,0.85,0.95
0.15,0.85,0.95
0.25,0.85,0.95
0.35,0.85,0.95
0.45,0.85,0.95
0.55,0.85,0.95
0.65,0.85,0.95
0.75,0.85,0.95
0.85,0.85,0.95
0.95,0.85,0.95
0.05,0.95,0.95
0.15,0.95,0.95
0.25,0.95,0.95
0.35,0.95,0.95
0.45,0.95,0.95
0.55,0.95,0.95
0.65,0.95,0.95
0.75,0.95,0.95
0.85,0.95,0.95
0.95,0.95,0.95
0.05,-0.95,0.96
0.15,-0.95,0.96
0.25,-0.95,0.96
0.35,-0.95,0.96
0.45,-0.95,0.96
0.55,-0.95,0.96
0.65,-0.95,0.96
0.75,-0.95,0.96
0.85,-0.95,0.96
0.95,-0.95,0.96
0.05,-0.85,0.96
0.15,-0.85,0.96
0.25,-0.85,0.96
0.35,-0.85,0.96
0.45,-0.85,0.96
0.55,-0.85,0.96
0.65,-0.85,0.96
0.75,-0.85,0.96
0.85,-0.85,0.96
0.95,-0.85,0.96
0.05,-0.75,0.96
0.15,-0.75,0.96
0.25,-0.75,0.96
0.35,-0.75,0.96
0.45,-0.75,0.96
0.55,-0.75,0.96
0.65,-0.75,0.96
0.75,-0.75,0.96
0.85,-0.75,0.96
0.95,-0.75,0.96
0.05,-0.65,0.96
0.15,-0.65,0.96
0.25,-0.65,0.96
0.35,-0.65,0.96
0.45,-0.65,0.96
0.55,-0.65,0.96
0.65,-0.65,0.96
0.75,-0.65,0.96
0.85,-0.65,0.96
0.95,-0.65,0.96
0.05,-0.55,0.96
0.15,-0.55,0.96
0.25,-0.55,0.96
0.35,-0.55,0.96
0.45,-0.55,0.96
0.55,-0.55,0.96
0.65,-0.55,0.96
0.75,-0.55,0.96
0.85,-0.55,0.96
0.95,-0.55,0.96
0.05,-0.45,0.96
0.15,-0.45,0.96
0.25,-0.45,0.96
0.35,-0.45,0.96
0.45,-0.45,0.96
0.55,-0.45,0.96
0.65,-0.45,0.96
0.75,-0.45,0.96
0.85,-0.45,0.96
0.95,-0.45,0.96
0.05,-0.35,0.96
0.15,-0.35,0.96
0.25,-0.35,0.96
0.35,-0.35,0.96
0.45,-0.35,0.96
0.55,-0.35,0.96
0.65,-0.35,0.96
0.75,-0.35,0.96
0.85,-0.35,0.96
0.95,-0.35,0.96
0.05,-0.25,0.96
0.15,-0.25,0.96
0.25,-0.25,0.96
0.35,-0.25,0.96
0.45,-0.25,0.96
0.55,-0.25,0.96
0.65,-0.25,0.96
0.75,-0.25,0.96
0.85,-0.25,0.96
0.95,-0.25,0.96
0.05,-0.15,0.96
0.15,-0.15,0.96
0.25,-0.15,0.96
0.35,-0.15,0.96
0.45,-0.15,0.96
0.55,-0.15,0.96
0.65,-0.15,0.96
0.75,-0.15,0.96
0.85,-0.15,0.96
0.95,-0.15,0.96
0.05,-0.05,0.96
0.15,-0.05,0.96
0.25,-0.05,0.96
0.35,-0.05,0.96
0.45,-0.05,0.96
0.55,-0.05,0.96
0.65,-0.05,0.96
0.75,-0.05,0.96
0.85,-0.05,0.96
0.95,-0.05,0.96
0.05,0.05,0.96
0.15,0.05,0.96
0.25,0.05,0.96
0.35,0.05,0.96
0.45,0.05,0.96
0.55,0.05,0.96
0.65,0.05,0.96
0.75,0.05,0.96
0.85,0.05,0.96
0.95,0.05,0.96
0.05,0.15,0.96
0.15,0.15,0.96
0.25,0.15,0.96
0.35,0.15,0.96
0.45,0.15,0.96
0.55,0.15,0.96
0.65,0.15,0.96
0.75,0.15,0.96
0.85,0.15,0.96
0.95,0.15,0.96
0.05,0.25,0.96
0.15,0.25,0.96
0.25,0.25,0.96
0.35,0.25,0.96
0.45,0.25,0.96
0.55,0.25,0.96
0.65,0.25,0.96
0.75,0.25,0.96
0.85,0.25,0.96
0.95,0.25,0.96
0.05,0.35,0.96
0.15,0.35,0.96
0.25,0.35,0.96
0.35,0.35,0.96
0.45,0.35,0.96
0.55,0.35,0.96
0.65,0.35,0.96
0.75,0.35,0.96
0.85,0.35,0.96
0.95,0.35,0.96
0.05,0.45,0.96
0.15,0.45,0.96
0.25,0.45,0.96
0.35,0.45,0.96
0.45,0.45,0.96
0.55,0.45,0.96
0.65,0.45,0.96
0.75,0.45,0.96
0.85,0.45,0.96
0.95,0.45,0.96
0.05,0.55,0.96
0.15,0.55,0.96
0.25,0.55,0.96
0.35,0.55,0.96
0.45,0.55,0.96
0.55,0.55,0.96
0.65,0.55,0.96
0.75,0.55,0.96
0.85,0.55,0.96
0.95,0.55,0.96
0.05,0.65,0.96
0.15,0.65,0.96
0.25,0.65,0.96
0.35,0.65,0.96
0.45,0.65,0.96
0.55,0.65,0.96
0.65,0.65,0.96
0.75,0.65,0.96
0.85,0.65,0.96
0.95,0.65,0.96
0.05,0.75,0.96
0.15,0.75,0.96
0.25,0.75,0.96
0.35,0.75,0.96
0.45,0.75,0.96
0.55,0.75,0.96
0.65,0.75,0.96
0.75,0.75,0.96
0.85,0.75,0.96
0.95,0.75,0.96
0.05,0.85,0.96
0.15,0.85,0.96
0.25,0.85,0.96
0.35,0.85,0.96
0.45,0.85,0.96
0.55,0.85,0.96
0.65,0.85,0.96
0.75,0.85,0.96
0.85,0.85,0.96
0.95,0.85,0.96
0.05,0.95,0.96
0.15,0.95,0.96
0.25,0.95,0.96
0.35,0.95,0.96
0.45,0.95,0.96
0.55,0.95,0.96
0.65,0.95,0.96
0.75,0.95,0.96
0.85,0.95,0.96
0.95,0.95,0.96
0.05,-0.95,0.97
0.15,-0.95,0.97
0.25,-0.95,0.97
0.35,-0.95,0.97
0.45,-0.95,0.97
0.55,-0.95,0.97
0.65,-0.95,0.97
0.75,-0.95,0.97
0.85,-0.95,0.97
0.95,-0.95,0.97
0.05,-0.85,0.97
0.15,-0.85,0.97
0.25,-0.85,0.97
0.35,-0.85,0.97
0.45,-0.85,0.97
0.55,-0.85,0.97
0.65,-0.85,0.97
0.75,-0.85,0.97
0.85,-0.85,0.97
0.95,-0.85,0.97
0.05,-0.75,0.97
0.15,-0.75,0.97
0.25,-0.75,0.97
0.35,-0.75,0.97
0.45,-0.75,0.97
0.55,-0.75,0.97
0.65,-0.75,0.97
0.75,-0.75,0.97
0.85,-0.75,0.97
0.95,-0.75,0.97
0.05,-0.65,0.97
0.15,-0.65,0.97
0.25,-0.65,0.97
0.35,-0.65,0.97
0.45,-0.65,0.97
0.55,-0.65,0.97
0.65,-0.65,0.97
0.75,-0.65,0.97
0.85,-0.65,0.97
0.95,-0.65,0.97
0.05,-0.55,0.97
0.15,-0.55,0.97
0.25,-0.55,0.97
0.35,-0.55,0.97
0.45,-0.55,0.97
0.55,-0.55,0.97
0.65,-0.55,0.97
0.75,-0.55,0.97
0.85,-0.55,0.97
0.95,-0.55,0.97
0.05,-0.45,0.97
0.15,-0.45,0.97
0.25,-0.45,0.97
0.35,-0.45,0.97
0.45,-0.45,0.97
0.55,-0.45,0.97
0.65,-0.45,0.97
0.75,-0.45,0.97
0.85,-0.45,0.97
0.95,-0.45,0.97
0.05,-0.35,0.97
0.15,-0.35,0.97
0.25,-0.35,0.97
0.35,-0.35,0.97
0.45,-0.35,0.97
0.55,-0.35,0.97
0.65,-0.35,0.97
0.75,-0.35,0.97
0.85,-0.35,0.97
0.95,-0.35,0.97
0.05,-0.25,0.97
0.15,-0.25,0.97
0.25,-0.25,0.97
0.35,-0.25,0.97
0.45,-0.25,0.97
0.55,-0.25,0.97
0.65,-0.25,0.97
0.75,-0.25,0.97
0.85,-0.25,0.97
0.95,-0.25,0.97
0.05,-0.15,0.97
0.15,-0.15,0.97
0.25,-0.15,0.97
0.35,-0.15,0.97
0.45,-0.15,0.97
0.55,-0.15,0.97
0.65,-0.15,0.97
0.75,-0.15,0.97
0.85,-0.15,0.97
0.95,-0.15,0.97
0.05,-0.05,0.97
0.15,-0.05,0.97
0.25,-0.05,0.97
0.35,-0.05,0.97
0.45,-0.05,0.97
0.55,-0.05,0.97
0.65,-0.05,0.97
0.75,-0.05,0.97
0.85,-0.05,0.97
0.95,-0.05,0.97
0.05,0.05,0.97
0.15,0.05,0.97
0.25,0.05,0.97
0.35,0.05,0.97
0.45,0.05,0.97
0.55,0.05,0.97
0.65,0.05,0.97
0.75,0.05,0.97
0.85,0.05,0.97
0.95,0.05,0.97
0.05,0.15,0.97
0.15,0.15,0.97
0.25,0.15,0.97
0.35,0.15,0.97
0.45,0.15,0.97
0.55,0.15,0.97
0.65,0.15,0.97
0.75,0.15,0.97
0.85,0.15,0.97
0.95,0.15,0.97
0.05,0.25,0.97
0.15,0.25,0.97
0.25,0.25,0.97
0.35,0.25,0.97
0.45,0.25,0.97
0.55,0.25,0.97
0.65,0.25,0.97
0.75,0.25,0.97
0.85,0.25,0.97
0.95,0.25,0.97
0.05,0.35,0.97
0.15,0.35,0.97
0.25,0.35,0.97
0.35,0.35,0.97
0.45,0.35,0.97
0.55,0.35,0.97
0.65,0.35,0.97
0.75,0.35,0.97
0.85,0.35,0.97
0.95,0.35,0.97
0.05,0.45,0.97
0.15,0.45,0.97
0.25,0.45,0.97
0.35,0.45,0.97
0.45,0.45,0.97
0.55,0.45,0.97
0.65,0.45,0.97
0.75,0.45,0.97
0.85,0.45,0.97
0.95,0.45,0.97
0.05,0.55,0.97
0.15,0.55,0.97
0.25,0.55,0.97
0.35,0.55,0.97
0.45,0.55,0.97
0.55,0.55,0.97
0.65,0.55,0.97
0.75,0.55,0.97
0.85,0.55,0.97
0.95,0.55,0.97
0.05,0.65,0.97
0.15,0.65,0.97
0.25,0.65,0.97
0.35,0.65,0.97
0.45,0.65,0.97
0.55,0.65,0.97
0.65,0.65,0.97
0.75,0.65,0.97
0.85,0.65,0.97
0.95,0.65,0.97
0.05,0.75,0.97
0.15,0.75,0.97
0.25,0.75,0.97
0.35,0.75,0.97
0.45,0.75,0.97
0.55,0.75,0.97
0.65,0.75,0.97
0.75,0.75,0.97
0.85,0.75,0.97
0.95,0.75,0.97
0.05,0.85,0.97
0.15,0.85,0.97
0.25,0.85,0.97
0.35,0.85,0.97
0.45,0.85,0.97
0.55,0.85,0.97
0.65,0.85,0.97
0.75,0.85,0.97
0.85,0.85,0.97
0.95,0.85,0.97
0.05,0.95,0.97
0.15,0.95,0.97
0.25,0.95,0.97
0.35,0.95,0.97
0.45,0.95,0.97
0.55,0.95,0.97
0.65,0.95,0.97
0.75,0.95,0.97
0.85,0.95,0.97
0.95,0.95,0.97
0.05,-0.95,0.98
0.15,-0.95,0.98
0.25,-0.95,0.98
0.35,-0.95,0.98
0.45,-0.95,0.98
0.55,-0.95,0.98
0.65,-0.95,0.98
0.75,-0.95,0.98
0.85,-0.95,0.98
0.95,-0.95,0.98
0.05,-0.85,0.98
0.15,-0.85,0.98
0.25,-0.85,0.98
0.35,-0.85,0.98
0.45,-0.85,0.98
0.55,-0.85,0.98
0.65,-0.85,0.98
0.75,-0.85,0.98
0.85,-0.85,0.98
0.95,-0.85,0.98
0.05,-0.75,0.98
0.15,-0.75,0.98
0.25,-0.75,0.98
0.35,-0.75,0.98
0.45,-0.75,0.98
0.55,-0.75,0.98
0.65,-0.75,0.98
0.75,-0.75,0.98
0.85,-0.75,0.98
0.95,-0.75,0.98
0.05,-0.65,0.98
0.15,-0.65,0.98
0.25,-0.65,0.98
0.35,-0.65,0.98
0.45,-0.65,0.98
0.55,-0.65,0.98
0.65,-0.65,0.98
0.75,-0.65,0.98
0.85,-0.65,0.98
0.95,-0.65,0.98
0.05,-0.55,0.98
0.15,-0.55,0.98
0.25,-0.55,0.98
0.35,-0.55,0.98
0.45,-0.55,0.98
0.55,-0.55,0.98
0.65,-0.55,0.98
0.75,-0.55,0.98
0.85,-0.55,0.98
0.95,-0.55,0.98
0.05,-0.45,0.98
0.15,-0.45,0.98
0.25,-0.45,0.98
0.35,-0.45,0.98
0.45,-0.45,0.98
0.55,-0.45,0.98
0.65,-0.45,0.98
0.75,-0.45,0.98
0.85,-0.45,0.98
0.95,-0.45,0.98
0.05,-0.35,0.98
0.15,-0.35,0.98
0.25,-0.35,0.98
0.35,-0.35,0.98
0.45,-0.35,0.98
0.55,-0.35,0.98
0.65,-0.35,0.98
0.75,-0.35,0.98
0.85,-0.35,0.98
0.95,-0.35,0.98
0.05,-0.25,0.98
0.15,-0.25,0.98
0.25,-0.25,0.98
0.35,-0.25,0.98
0.45,-0.25,0.98
0.55,-0.25,0.98
0.65,-0.25,0.98
0.75,-0.25,0.98
0.85,-0.25,0.98
0.95,-0.25,0.98
0.05,-0.15,0.98
0.15,-0.15,0.98
0.25,-0.15,0.98
0.35,-0.15,0.98
0.45,-0.15,0.98
0.55,-0.15,0.98
0.65,-0.15,0.98
0.75,-0.15,0.98
0.85,-0.15,0.98
0.95,-0.15,0.98
0.05,-0.05,0.98
0.15,-0.05,0.98
0.25,-0.05,0.98
0.35,-0.05,0.98
0.45,-0.05,0.98
0.55,-0.05,0.98
0.65,-0.05,0.98
0.75,-0.05,0.98
0.85,-0.05,0.98
0.95,-0.05,0.98
0.05,0.05,0.98
0.15,0.05,0.98
0.25,0.05,0.98
0.35,0.05,0.98
0.45,0.05,0.98
0.55,0.05,0.98
0.65,0.05,0.98
0.75,0.05,0.98
0.85,0.05,0.98
0.95,0.05,0.98
0.05,0.15,0.98
0.15,0.15,0.98
0.25,0.15,0.98
0.35,0.15,0.98
0.45,0.15,0.98
0.55,0.15,0.98
0.65,0.15,0.98
0.75,0.15,0.98
0.85,0.15,0.98
0.95,0.15,0.98
0.05,0.25,0.98
0.15,0.25,0.98
0.25,0.25,0.98
0.35,0.25,0.98
0.45,0.25,0.98
0.55,0.25,0.98
0.65,0.25,0.98
0.75,0.25,0.98
0.85,0.25,0.98
0.95,0.25,0.98
0.05,0.35,0.98
0.15,0.35,0.98
0.25,0.35,0.98
0.35,0.35,0.98
0.45,0.35,0.98
0.55,0.35,0.98
0.65,0.35,0.98
0.75,0.35,0.98
0.85,0.35,0.98
0.95,0.35,0.98
0.05,0.45,0.98
0.15,0.45,0.98
0.25,0.45,0.98
0.35,0.45,0.98
0.45,0.45,0.98
0.55,0.45,0.98
0.65,0.45,0.98
0.75,0.45,0.98
0.85,0.45,0.98
0.95,0.45,0.98
0.05,0.55,0.98
0.15,0.55,0.98
0.25,0.55,0.98
0.35,0.55,0.98
0.45,0.55,0.98
0.55,0.55,0.98
0.65,0.55,0.98
0.75,0.55,0.98
0.85,0.55,0.98
0.95,0.55,0.98
0.05,0.65,0.98
0.15,0.65,0.98
0.25,0.65,0.98
0.35,0.65,0.98
0.45,0.65,0.98
0.55,0.65,0.98
0.65,0.65,0.98
0.75,0.65,0.98
0.85,0.65,0.98
0.95,0.65,0.98
0.05,0.75,0.98
0.15,0.75,0.98
0.25,0.75,0.98
0.35,0.75,0.98
0.45,0.75,0.98
0.55,0.75,0.98
0.65,0.75,0.98
0.75,0.75,0.98
0.85,0.75,0.98
0.95,0.75,0.98
0.05,0.85,0.98
0.15,0.85,0.98
0.25,0.85,0.98
0.35,0.85,0.98
0.45,0.85,0.98
0.55,0.85,0.98
0.65,0.85,0.98
0.75,0.85,0.98
0.85,0.85,0.98
0.95,0.85,0.98
0.05,0.95,0.98
0.15,0.95,0.98
0.25,0.95,0.98
0.35,0.95,0.98
0.45,0.95,0.98
0.55,0.95,0.98
0.65,0.95,0.98
0.75,0.95,0.98
0.85,0.95,0.98
0.95,0.95,0.98
0.05,-0.95,0.99
0.15,-0.95,0.99
0.25,-0.95,0.99
0.35,-0.95,0.99
0.45,-0.95,0.99
0.55,-0.95,0.99
0.65,-0.95,0.99
0.75,-0.95,0.99
0.85,-0.95,0.99
0.95,-0.95,0.99
0.05,-0.85,0.99
0.15,-0.85,0.99
0.25,-0.85,0.99
0.35,-0.85,0.99
0.45,-0.85,0.99
0.55,-0.85,0.99
0.65,-0.85,0.99
0.75,-0.85,0.99
0.85,-0.85,0.99
0.95,-0.85,0.99
0.05,-0.75,0.99
0.15,-0.75,0.99
0.25,-0.75,0.99
0.35,-0.75,0.99
0.45,-0.75,0.99
0.55,-0.75,0.99
0.65,-0.75,0.99
0.75,-0.75,0.99
0.85,-0.75,0.99
0.95,-0.75,0.99
0.05,-0.65,0.99
0.15,-0.65,0.99
0.25,-0.65,0.99
0.35,-0.65,0.99
0.45,-0.65,0.99
0.55,-0.65,0.99
0.65,-0.65,0.99
0.75,-0.65,0.99
0.85,-0.65,0.99
0.95,-0.65,0.99
0.05,-0.55,0.99
0.15,-0.55,0.99
0.25,-0.55,0.99
0.35,-0.55,0.99
0.45,-0.55,0.99
0.55,-0.55,0.99
0.65,-0.55,0.99
0.75,-0.55,0.99
0.85,-0.55,0.99
0.95,-0.55,0.99
0.05,-0.45,0.99
0.15,-0.45,0.99
0.25,-0.45,0.99
0.35,-0.45,0.99
0.45,-0.45,0.99
0.55,-0.45,0.99
0.65,-0.45,0.99
0.75,-0.45,0.99
0.85,-0.45,0.99
0.95,-0.45,0.99
0.05,-0.35,0.99
0.15,-0.35,0.99
0.25,-0.35,0.99
0.35,-0.35,0.99
0.45,-0.35,0.99
0.55,-0.35,0.99
0.65,-0.35,0.99
0.75,-0.35,0.99
0.85,-0.35,0.99
0.95,-0.35,0.99
0.05,-0.25,0.99
0.15,-0.25,0.99
0.25,-0.25,0.99
0.35,-0.25,0.99
0.45,-0.25,0.99
0.55,-0.25,0.99
0.65,-0.25,0.99
0.75,-0.25,0.99
0.85,-0.25,0.99
0.95,-0.25,0.99
0.05,-0.15,0.99
0.15,-0.15,0.99
0.25,-0.15,0.99
0.35,-0.15,0.99
0.45,-0.15,0.99
0.55,-0.15,0.99
0.65,-0.15,0.99
0.75,-0.15,0.99
0.85,-0.15,0.99
0.95,-0.15,0.99
0.05,-0.05,0.99
0.15,-0.05,0.99
0.25,-0.05,0.99
0.35,-0.05,0.99
0.45,-0.05,0.99
0.55,-0.05,0.99
0.65,-0.05,0.99
0.75,-0.05,0.99
0.85,-0.05,0.99
0.95,-0.05,0.99
0.05,0.05,0.99
0.15,0.05,0.99
0.25,0.05,0.99
0.35,0.05,0.99
0.45,0.05,0.99
0.55,0.05,0.99
0.65,0.05,0.99
0.75,0.05,0.99
0.85,0.05,0.99
0.95,0.05,0.99
0.05,0.15,0.99
0.15,0.15,0.99
0.25,0.15,0.99
0.35,0.15,0.99
0.45,0.15,0.99
0.55,0.15,0.99
0.65,0.15,0.99
0.75,0.15,0.99
0.85,0.15,0.99
0.95,0.15,0.99
0.05,0.25,0.99
0.15,0.25,0.99
0.25,0.25,0.99
0.35,0.25,0.99
0.45,0.25,0.99
0.55,0.25,0.99
0.65,0.25,0.99
0.75,0.25,0.99
0.85,0.25,0.99
0.95,0.25,0.99
0.05,0.35,0.99
0.15,0.35,0.99
0.25,0.35,0.99
0.35,0.35,0.99
0.45,0.35,0.99
0.55,0.35,0.99
0.65,0.35,0.99
0.75,0.35,0.99
0.85,0.35,0.99
0.95,0.35,0.99
0.05,0.45,0.99
0.15,0.45,0.99
0.25,0.45,0.99
0.35,0.45,0.99
0.45,0.45,0.99
0.55,0.45,0.99
0.65,0.45,0.99
0.75,0.45,0.99
0.85,0.45,0.99
0.95,0.45,0.99
0.05,0.55,0.99
0.15,0.55,0.99
0.25,0.55,0.99
0.35,0.55,0.99
0.45,0.55,0.99
0.55,0.55,0.99
0.65,0.55,0.99
0.75,0.55,0.99
0.85,0.55,0.99
0.95,0.55,0.99
0.05,0.65,0.99
0.15,0.65,0.99
0.25,0.65,0.99
0.35,0.65,0.99
0.45,0.65,0.99
0.55,0.65,0.99
0.65,0.65,0.99
0.75,0.65,0.99
0.85,0.65,0.99
0.95,0.65,0.99
0.05,0.75,0.99
0.15,0.75,0.99
0.25,0.75,0.99
0.35,0.75,0.99
0.45,0.75,0.99
0.55,0.75,0.99
0.65,0.75,0.99
0.75,0.75,0.99
0.85,0.75,0.99
0.95,0.75,0.99
0.05,0.85,0.99
0.15,0.85,0.99
0.25,0.85,0.99
0.35,0.85,0.99
0.45,0.85,0.99
0.55,0.85,0.99
0.65,0.85,0.99
0.75,0.85,0.99
0.85,0.85,0.99
0.95,0.85,0.99
0.05,0.95,0.99
0.15,0.95,0.99
0.25,0.95,0.99
0.35,0.95,0.99
0.45,0.95,0.99
0.55,0.95,0.99
0.65,0.95,0.99
0.75,0.95,0.99
0.85,0.95,0.99
0.95,0.95,0.99
0.05,-0.95,1.0
0.15,-0.95,1.0
0.25,-0.95,1.0
0.35,-0.95,1.0
0.45,-0.95,1.0
0.55,-0.95,1.0
0.65,-0.95,1.0
0.75,-0.95,1.0
0.85,-0.95,1.0
0.95,-0.95,1.0
0.05,-0.85,1.0
0.15,-0.85,1.0
0.25,-0.85,1.0
0.35,-0.85,1.0
0.45,-0.85,1.0
0.55,-0.85,1.0
0.65,-0.85,1.0
0.75,-0.85,1.0
0.85,-0.85,1.0
0.95,-0.85,1.0
0.05,-0.75,1.0
0.15,-0.75,1.0
0.25,-0.75,1.0
0.35,-0.75,1.0
0.45,-0.75,1.0
0.55,-0.75,1.0
0.65,-0.75,1.0
0.75,-0.75,1.0
0.85,-0.75,1.0
0.95,-0.75,1.0
0.05,-0.65,1.0
0.15,-0.65,1.0
0.25,-0.65,1.0
0.35,-0.65,1.0
0.45,-0.65,1.0
0.55,-0.65,1.0
0.65,-0.65,1.0
0.75,-0.65,1.0
0.85,-0.65,1.0
0.95,-0.65,1.0
0.05,-0.55,1.0
0.15,-0.55,1.0
0.25,-0.55,1.0
0.35,-0.55,1.0
0.45,-0.55,1.0
0.55,-0.55,1.0
0.65,-0.55,1.0
0.75,-0.55,1.0
0.85,-0.55,1.0
0.95,-0.55,1.0
0.05,-0.45,1.0
0.15,-0.45,1.0
0.25,-0.45,1.0
0.35,-0.45,1.0
0.45,-0.45,1.0
0.55,-0.45,1.0
0.65,-0.45,1.0
0.75,-0.45,1.0
0.85,-0.45,1.0
0.95,-0.45,1.0
0.05,-0.35,1.0
0.15,-0.35,1.0
0.25,-0.35,1.0
0.35,-0.35,1.0
0.45,-0.35,1.0
0.55,-0.35,1.0
0.65,-0.35,1.0
0.75,-0.35,1.0
0.85,-0.35,1.0
0.95,-0.35,1.0
0.05,-0.25,1.0
0.15,-0.25,1.0
0.25,-0.25,1.0
0.35,-0.25,1.0
0.45,-0.25,1.0
0.55,-0.25,1.0
0.65,-0.25,1.0
0.75,-0.25,1.0
0.85,-0.25,1.0
0.95,-0.25,1.0
0.05,-0.15,1.0
0.15,-0.15,1.0
0.25,-0.15,1.0
0.35,-0.15,1.0
0.45,-0.15,1.0
0.55,-0.15,1.0
0.65,-0.15,1.0
0.75,-0.15,1.0
0.85,-0.15,1.0
0.95,-0.15,1.0
0.05,-0.05,1.0
0.15,-0.05,1.0
0.25,-0.05,1.0
0.35,-0.05,1.0
0.45,-0.05,1.0
0.55,-0.05,1.0
0.65,-0.05,1.0
0.75,-0.05,1.0
0.85,-0.05,1.0
0.95,-0.05,1.0
0.05,0.05,1.0
0.15,0.05,1.0
0.25,0.05,1.0
0.35,0.05,1.0
0.45,0.05,1.0
0.55,0.05,1.0
0.65,0.05,1.0
0.75,0.05,1.0
0.85,0.05,1.0
0.95,0.05,1.0
0.05,0.15,1.0
0.15,0.15,1.0
0.25,0.15,1.0
0.35,0.15,1.0
0.45,0.15,1.0
0.55,0.15,1.0
0.65,0.15,1.0
0.75,0.15,1.0
0.85,0.15,1.0
0.95,0.15,1.0
0.05,0.25,1.0
0.15,0.25,1.0
0.25,0.25,1.0
0.35,0.25,1.0
0.45,0.25,1.0
0.55,0.25,1.0
0.65,0.25,1.0
0.75,0.25,1.0
0.85,0.25,1.0
0.95,0.25,1.0
0.05,0.35,1.0
0.15,0.35,1.0
0.25,0.35,1.0
0.35,0.35,1.0
0.45,0.35,1.0
0.55,0.35,1.0
0.65,0.35,1.0
0.75,0.35,1.0
0.85,0.35,1.0
0.95,0.35,1.0
0.05,0.45,1.0
0.15,0.45,1.0
0.25,0.45,1.0
0.35,0.45,1.0
0.45,0.45,1.0
0.55,0.45,1.0
0.65,0.45,1.0
0.75,0.45,1.0
0.85,0.45,1.0
0.95,0.45,1.0
0.05,0.55,1.0
0.15,0.55,1.0
0.25,0.55,1.0
0.35,0.55,1.0
0.45,0.55,1.0
0.55,0.55,1.0
0.65,0.55,1.0
0.75,0.55,1.0
0.85,0.55,1.0
0.95,0.55,1.0
0.05,0.65,1.0
0.15,0.65,1.0
0.25,0.65,1.0
0.35,0.65,1.0
0.45,0.65,1.0
0.55,0.65,1.0
0.65,0.65,1.0
0.75,0.65,1.0
0.85,0.65,1.0
0.95,0.65,1.0
0.05,0.75,1.0
0.15,0.75,1.0
0.25,0.75,1.0
0.35,0.75,1.0
0.45,0.75,1.0
0.55,0.75,1.0
0.65,0.75,1.0
0.75,0.75,1.0
0.85,0.75,1.0
0.95,0.75,1.0
0.05,0.85,1.0
0.15,0.85,1.0
0.25,0.85,1.0
0.35,0.85,1.0
0.45,0.85,1.0
0.55,0.85,1.0
0.65,0.85,1.0
0.75,0.85,1.0
0.85,0.85,1.0
0.95,0.85,1.0
0.05,0.95,1.0
0.15,0.95,1.0
0.25,0.95,1.0
0.35,0.95,1.0
0.45,0.95,1.0
0.55,0.95,1.0
0.65,0.95,1.0
0.75,0.95,1.0
0.85,0.95,1.0
0.95,0.95,1.0
