q,psi
-0.95,0.0
-0.95,0.0
-0.95,0.0
-0.95,0.0
-0.95,0.0
-0.95,0.0
-0.95,0.0
-0.95,0.0
-0.95,0.0
-0.95,0.0
-0.85,0.0
-0.85,0.0
-0.85,0.0
-0.85,0.0
-0.85,0.0
-0.85,0.0
-0.85,0.0
-0.85,0.0
-0.85,0.0
-0.85,0.0
-0.75,0.0
-0.75,0.0
-0.75,0.0
-0.75,0.0
-0.75,0.0
-0.75,0.0
-0.75,0.0
-0.75,0.0
-0.75,0.0
-0.75,0.0
-0.65,0.0
-0.65,0.0
-0.65,0.0
-0.65,0.0
-0.65,0.0
-0.65,0.0
-0.65,0.0
-0.65,0.0
-0.65,0.0
-0.65,0.0
-0.55,0.0
-0.55,0.0
-0.55,0.0
-0.55,0.0
-0.55,0.0
-0.55,0.0
-0.55,0.0
-0.55,0.0
-0.55,0.0
-0.55,0.0
-0.45,0.0
-0.45,0.0
-0.45,0.0
-0.45,0.0
-0.45,0.0
-0.45,0.0
-0.45,0.0
-0.45,0.0
-0.45,0.0
-0.45,0.0
-0.35,0.0
-0.35,0.0
-0.35,0.0
-0.35,0.0
-0.35,0.0
-0.35,0.0
-0.35,0.0
-0.35,0.0
-0.35,0.0
-0.35,0.0
-0.25,0.0
-0.25,0.0
-0.25,0.0
-0.25,0.0
-0.25,0.0
-0.25,0.0
-0.25,0.0
-0.25,0.0
-0.25,0.0
-0.25,0.0
-0.15,0.0
-0.15,0.0
-0.15,0.0
-0.15,0.0
-0.15,0.0
-0.15,0.0
-0.15,0.0
-0.15,0.0
-0.15,0.0
-0.15,0.0
-0.05,0.0
-0.05,0.0
-0.05,0.0
-0.05,0.0
-0.05,0.0
-0.05,0.0
-0.05,0.0
-0.05,0.0
-0.05,0.0
-0.05,0.0
0.05,0.0
0.05,0.0
0.05,0.0
0.05,0.0
0.05,0.0
0.05,0.0
0.05,0.0
0.05,0.0
0.05,0.0
0.05,0.0
0.15,0.0
0.15,0.0
0.15,0.0
0.15,0.0
0.15,0.0
0.15,0.0
0.15,0.0
0.15,0.0
0.15,0.0
0.15,0.0
0.25,0.0
0.25,0.0
0.25,0.0
0.25,0.0
0.25,0.0
0.25,0.0
0.25,0.0
0.25,0.0
0.25,0.0
0.25,0.0
0.35,0.0
0.35,0.0
0.35,0.0
0.35,0.0
0.35,0.0
0.35,0.0
0.35,0.0
0.35,0.0
0.35,0.0
0.35,0.0
0.45,0.0
0.45,0.0
0.45,0.0
0.45,0.0
0.45,0.0
0.45,0.0
0.45,0.0
0.45,0.0
0.45,0.0
0.45,0.0
0.55,0.0
0.55,0.0
0.55,0.0
0.55,0.0
0.55,0.0
0.55,0.0
0.55,0.0
0.55,0.0
0.55,0.0
0.55,0.0
0.65,0.0
0.65,0.0
0.65,0.0
0.65,0.0
0.65,0.0
0.65,0.0
0.65,0.0
0.65,0.0
0.65,0.0
0.65,0.0
0.75,0.0
0.75,0.0
0.75,0.0
0.75,0.0
0.75,0.0
0.75,0.0
0.75,0.0
0.75,0.0
0.75,0.0
0.75,0.0
0.85,0.0
0.85,0.0
0.85,0.0
0.85,0.0
0.85,0.0
0.85,0.0
0.85,0.0
0.85,0.0
0.85,0.0
0.85,0.0
0.95,0.0
0.95,0.0
0.95,0.0
0.95,0.0
0.95,0.0
0.95,0.0
0.95,0.0
0.95,0.0
0.95,0.0
0.95,0.0
-0.95,-0.01
-0.96,-0.02
-0.95,-0.02
-0.95,-0.03
-0.95,-0.03
-0.95,-0.02
-0.95,-0.02
-0.95,-0.02
-0.95,-0.01
-0.95,-0.01
-0.85,-0.02
-0.86,-0.05
-0.86,-0.07
-0.85,-0.07
-0.85,-0.08
-0.85,-0.07
-0.85,-0.07
-0.85,-0.06
-0.85,-0.04
-0.86,-0.02
-0.76,-0.03
-0.76,-0.07
-0.76,-0.1
-0.76,-0.12
-0.76,-0.12
-0.76,-0.12
-0.76,-0.11
-0.76,-0.09
-0.76,-0.06
-0.76,-0.03
-0.66,-0.04
-0.66,-0.09
-0.66,-0.13
-0.66,-0.15
-0.66,-0.15
-0.66,-0.15
-0.66,-0.13
-0.66,-0.11
-0.66,-0.08
-0.66,-0.03
-0.56,-0.04
-0.56,-0.11
-0.56,-0.14
-0.56,-0.16
-0.56,-0.17
-0.56,-0.16
-0.56,-0.15
-0.56,-0.12
-0.56,-0.08
-0.56,-0.03
-0.46,-0.05
-0.46,-0.11
-0.46,-0.14
-0.46,-0.16
-0.46,-0.17
-0.46,-0.16
-0.46,-0.15
-0.46,-0.12
-0.46,-0.08
-0.46,-0.03
-0.36,-0.04
-0.36,-0.1
-0.36,-0.13
-0.36,-0.15
-0.36,-0.15
-0.36,-0.15
-0.36,-0.13
-0.36,-0.11
-0.36,-0.08
-0.36,-0.03
-0.26,-0.03
-0.26,-0.08
-0.26,-0.1
-0.26,-0.12
-0.26,-0.12
-0.26,-0.12
-0.26,-0.11
-0.26,-0.09
-0.26,-0.06
-0.25,-0.02
-0.16,-0.02
-0.16,-0.05
-0.16,-0.07
-0.15,-0.07
-0.15,-0.08
-0.15,-0.08
-0.15,-0.07
-0.15,-0.06
-0.15,-0.04
-0.15,-0.01
-0.05,-0.01
-0.05,-0.02
-0.05,-0.02
-0.05,-0.03
-0.05,-0.03
-0.05,-0.03
-0.05,-0.02
-0.05,-0.02
-0.05,-0.01
-0.05,-0.01
0.05,0.01
0.05,0.02
0.05,0.02
0.05,0.03
0.05,0.03
0.05,0.03
0.05,0.02
0.05,0.02
0.05,0.01
0.05,0.01
0.16,0.02
0.16,0.05
0.16,0.07
0.15,0.07
0.15,0.08
0.15,0.07
0.15,0.07
0.15,0.06
0.15,0.04
0.15,0.01
0.26,0.03
0.26,0.08
0.26,0.1
0.26,0.12
0.26,0.12
0.26,0.12
0.26,0.11
0.26,0.09
0.26,0.06
0.25,0.02
0.36,0.04
0.36,0.1
0.36,0.13
0.36,0.15
0.36,0.15
0.36,0.15
0.36,0.13
0.36,0.11
0.36,0.08
0.36,0.03
0.46,0.05
0.46,0.11
0.46,0.14
0.46,0.16
0.46,0.17
0.46,0.16
0.46,0.15
0.46,0.12
0.46,0.08
0.46,0.03
0.56,0.04
0.56,0.11
0.56,0.14
0.56,0.16
0.56,0.17
0.56,0.16
0.56,0.15
0.56,0.12
0.56,0.08
0.56,0.03
0.66,0.04
0.66,0.09
0.66,0.13
0.66,0.15
0.66,0.15
0.66,0.15
0.66,0.13
0.66,0.11
0.66,0.08
0.66,0.03
0.76,0.03
0.76,0.07
0.76,0.1
0.76,0.12
0.76,0.12
0.76,0.12
0.76,0.11
0.76,0.09
0.76,0.06
0.76,0.03
0.85,0.02
0.86,0.05
0.86,0.07
0.85,0.07
0.85,0.08
0.85,0.07
0.85,0.07
0.85,0.06
0.85,0.04
0.86,0.02
0.95,0.01
0.96,0.02
0.95,0.02
0.95,0.03
0.95,0.03
0.95,0.02
0.95,0.02
0.95,0.02
0.95,0.01
0.95,0.01
-0.96,-0.02
-0.97,-0.05
-0.96,-0.05
-0.95,-0.05
-0.95,-0.05
-0.95,-0.04
-0.94,-0.04
-0.94,-0.03
-0.94,-0.02
-0.96,-0.01
-0.85,-0.04
-0.86,-0.1
-0.86,-0.14
-0.86,-0.15
-0.86,-0.15
-0.86,-0.14
-0.86,-0.12
-0.86,-0.1
-0.86,-0.07
-0.87,-0.04
-0.76,-0.06
-0.77,-0.16
-0.77,-0.21
-0.77,-0.23
-0.76,-0.24
-0.76,-0.22
-0.76,-0.19
-0.76,-0.16
-0.76,-0.11
-0.76,-0.05
-0.67,-0.08
-0.68,-0.2
-0.67,-0.27
-0.67,-0.3
-0.67,-0.3
-0.67,-0.28
-0.66,-0.25
-0.66,-0.2
-0.66,-0.13
-0.66,-0.05
-0.58,-0.1
-0.58,-0.23
-0.57,-0.3
-0.57,-0.33
-0.57,-0.33
-0.57,-0.31
-0.57,-0.27
-0.56,-0.22
-0.56,-0.15
-0.56,-0.06
-0.48,-0.11
-0.48,-0.23
-0.47,-0.3
-0.47,-0.33
-0.47,-0.33
-0.47,-0.31
-0.47,-0.27
-0.46,-0.22
-0.46,-0.14
-0.46,-0.05
-0.39,-0.1
-0.38,-0.21
-0.37,-0.27
-0.37,-0.3
-0.37,-0.3
-0.37,-0.28
-0.36,-0.25
-0.36,-0.2
-0.36,-0.13
-0.36,-0.05
-0.28,-0.08
-0.27,-0.17
-0.27,-0.22
-0.27,-0.24
-0.26,-0.24
-0.26,-0.22
-0.26,-0.19
-0.26,-0.15
-0.26,-0.1
-0.25,-0.04
-0.17,-0.05
-0.16,-0.11
-0.16,-0.14
-0.16,-0.15
-0.16,-0.15
-0.16,-0.14
-0.16,-0.13
-0.16,-0.1
-0.16,-0.07
-0.15,-0.02
-0.06,-0.02
-0.05,-0.04
-0.05,-0.05
-0.05,-0.05
-0.05,-0.05
-0.05,-0.05
-0.05,-0.04
-0.05,-0.03
-0.05,-0.02
-0.05,-0.01
0.06,0.02
0.05,0.04
0.05,0.05
0.05,0.05
0.05,0.05
0.05,0.05
0.05,0.04
0.05,0.03
0.05,0.02
0.05,0.01
0.17,0.05
0.16,0.11
0.16,0.14
0.16,0.15
0.16,0.15
0.16,0.14
0.16,0.12
0.16,0.1
0.16,0.07
0.15,0.02
0.28,0.08
0.27,0.17
0.27,0.22
0.27,0.24
0.26,0.24
0.26,0.22
0.26,0.19
0.26,0.15
0.26,0.1
0.25,0.04
0.39,0.1
0.38,0.21
0.37,0.27
0.37,0.3
0.37,0.3
0.37,0.28
0.36,0.25
0.36,0.2
0.36,0.13
0.36,0.05
0.48,0.11
0.48,0.23
0.47,0.3
0.47,0.33
0.47,0.33
0.47,0.31
0.47,0.27
0.46,0.22
0.46,0.14
0.46,0.05
0.58,0.1
0.58,0.23
0.57,0.3
0.57,0.33
0.57,0.33
0.57,0.31
0.57,0.27
0.56,0.22
0.56,0.15
0.56,0.06
0.67,0.08
0.68,0.2
0.67,0.27
0.67,0.3
0.67,0.3
0.67,0.28
0.66,0.25
0.66,0.2
0.66,0.13
0.66,0.05
0.76,0.06
0.77,0.16
0.77,0.21
0.77,0.23
0.76,0.24
0.76,0.22
0.76,0.19
0.76,0.16
0.76,0.11
0.76,0.05
0.85,0.04
0.86,0.1
0.86,0.14
0.86,0.15
0.86,0.15
0.86,0.14
0.86,0.12
0.86,0.1
0.86,0.07
0.87,0.04
0.96,0.02
0.97,0.05
0.96,0.05
0.95,0.05
0.95,0.05
0.95,0.04
0.94,0.04
0.94,0.03
0.94,0.02
0.96,0.01
-0.98,-0.03
-0.99,-0.08
-0.96,-0.08
-0.95,-0.07
-0.94,-0.06
-0.94,-0.05
-0.94,-0.04
-0.93,-0.03
-0.94,-0.02
-0.97,-0.02
-0.84,-0.05
-0.87,-0.16
-0.87,-0.21
-0.86,-0.22
-0.86,-0.21
-0.86,-0.19
-0.86,-0.16
-0.86,-0.13
-0.86,-0.09
-0.89,-0.05
-0.75,-0.09
-0.79,-0.25
-0.78,-0.32
-0.77,-0.35
-0.77,-0.34
-0.77,-0.31
-0.76,-0.26
-0.76,-0.2
-0.76,-0.14
-0.77,-0.06
-0.68,-0.13
-0.7,-0.32
-0.69,-0.41
-0.68,-0.44
-0.67,-0.43
-0.67,-0.39
-0.67,-0.33
-0.66,-0.26
-0.66,-0.17
-0.66,-0.07
-0.6,-0.16
-0.6,-0.36
-0.59,-0.46
-0.58,-0.49
-0.58,-0.48
-0.57,-0.43
-0.57,-0.37
-0.57,-0.28
-0.56,-0.18
-0.56,-0.07
-0.51,-0.18
-0.5,-0.37
-0.49,-0.47
-0.48,-0.49
-0.48,-0.48
-0.47,-0.43
-0.47,-0.37
-0.47,-0.28
-0.46,-0.18
-0.45,-0.06
-0.42,-0.17
-0.4,-0.34
-0.39,-0.43
-0.38,-0.45
-0.38,-0.43
-0.37,-0.39
-0.37,-0.33
-0.36,-0.25
-0.36,-0.16
-0.35,-0.05
-0.31,-0.14
-0.29,-0.28
-0.28,-0.34
-0.27,-0.36
-0.27,-0.35
-0.27,-0.31
-0.26,-0.26
-0.26,-0.2
-0.26,-0.13
-0.25,-0.04
-0.19,-0.1
-0.17,-0.18
-0.17,-0.22
-0.17,-0.23
-0.16,-0.22
-0.16,-0.2
-0.16,-0.17
-0.16,-0.13
-0.16,-0.08
-0.15,-0.03
-0.07,-0.03
-0.06,-0.06
-0.06,-0.08
-0.06,-0.08
-0.05,-0.08
-0.05,-0.07
-0.05,-0.06
-0.05,-0.04
-0.05,-0.03
-0.05,-0.01
0.07,0.03
0.06,0.06
0.06,0.08
0.06,0.08
0.05,0.08
0.05,0.07
0.05,0.06
0.05,0.04
0.05,0.03
0.05,0.01
0.19,0.1
0.17,0.18
0.17,0.22
0.17,0.23
0.16,0.22
0.16,0.2
0.16,0.17
0.16,0.13
0.16,0.08
0.15,0.03
0.31,0.14
0.29,0.28
0.28,0.34
0.27,0.36
0.27,0.35
0.27,0.31
0.26,0.26
0.26,0.2
0.26,0.13
0.25,0.04
0.42,0.17
0.4,0.34
0.39,0.43
0.38,0.45
0.38,0.43
0.37,0.39
0.37,0.33
0.36,0.25
0.36,0.16
0.35,0.05
0.51,0.18
0.5,0.37
0.49,0.47
0.48,0.49
0.48,0.48
0.47,0.43
0.47,0.37
0.47,0.28
0.46,0.18
0.45,0.06
0.6,0.16
0.6,0.36
0.59,0.46
0.58,0.49
0.58,0.48
0.57,0.43
0.57,0.37
0.57,0.28
0.56,0.18
0.56,0.07
0.68,0.13
0.7,0.32
0.69,0.41
0.68,0.44
0.67,0.43
0.67,0.39
0.67,0.33
0.66,0.26
0.66,0.17
0.66,0.07
0.75,0.09
0.79,0.25
0.78,0.32
0.77,0.35
0.77,0.34
0.77,0.31
0.76,0.26
0.76,0.2
0.76,0.14
0.77,0.06
0.84,0.05
0.87,0.16
0.87,0.21
0.86,0.22
0.86,0.21
0.86,0.19
0.86,0.16
0.86,0.13
0.86,0.09
0.89,0.05
0.98,0.03
0.99,0.08
0.96,0.08
0.95,0.07
0.94,0.06
0.94,0.05
0.94,0.04
0.93,0.03
0.94,0.02
0.97,0.02
-1.01,-0.06
-1.02,-0.11
-0.95,-0.09
-0.94,-0.08
-0.93,-0.07
-0.93,-0.05
-0.92,-0.04
-0.93,-0.03
-0.94,-0.03
-0.99,-0.03
-0.84,-0.07
-0.89,-0.22
-0.87,-0.27
-0.87,-0.28
-0.86,-0.26
-0.86,-0.22
-0.86,-0.19
-0.86,-0.14
-0.86,-0.11
-0.9,-0.07
-0.75,-0.11
-0.81,-0.34
-0.79,-0.43
-0.78,-0.44
-0.77,-0.42
-0.77,-0.37
-0.77,-0.3
-0.76,-0.23
-0.76,-0.15
-0.77,-0.07
-0.68,-0.17
-0.72,-0.44
-0.7,-0.55
-0.69,-0.56
-0.68,-0.53
-0.67,-0.47
-0.67,-0.39
-0.67,-0.29
-0.66,-0.19
-0.66,-0.07
-0.61,-0.22
-0.63,-0.5
-0.61,-0.62
-0.59,-0.64
-0.58,-0.6
-0.58,-0.53
-0.57,-0.43
-0.57,-0.32
-0.56,-0.2
-0.55,-0.07
-0.54,-0.25
-0.53,-0.52
-0.51,-0.63
-0.49,-0.64
-0.48,-0.6
-0.48,-0.53
-0.47,-0.43
-0.47,-0.32
-0.46,-0.2
-0.45,-0.06
-0.46,-0.26
-0.42,-0.49
-0.4,-0.58
-0.39,-0.59
-0.38,-0.55
-0.37,-0.48
-0.37,-0.39
-0.36,-0.29
-0.36,-0.17
-0.35,-0.05
-0.36,-0.22
-0.31,-0.4
-0.29,-0.47
-0.28,-0.47
-0.27,-0.44
-0.27,-0.38
-0.26,-0.31
-0.26,-0.23
-0.26,-0.14
-0.24,-0.04
-0.23,-0.15
-0.19,-0.27
-0.18,-0.31
-0.17,-0.3
-0.17,-0.28
-0.16,-0.24
-0.16,-0.2
-0.16,-0.15
-0.15,-0.09
-0.15,-0.03
-0.08,-0.05
-0.06,-0.09
-0.06,-0.11
-0.06,-0.11
-0.06,-0.1
-0.05,-0.08
-0.05,-0.07
-0.05,-0.05
-0.05,-0.03
-0.05,-0.01
0.08,0.05
0.06,0.09
0.06,0.11
0.06,0.11
0.06,0.1
0.05,0.08
0.05,0.07
0.05,0.05
0.05,0.03
0.05,0.01
0.23,0.15
0.19,0.27
0.18,0.31
0.17,0.3
0.17,0.28
0.16,0.24
0.16,0.2
0.16,0.15
0.15,0.09
0.15,0.03
0.36,0.22
0.31,0.4
0.29,0.47
0.28,0.47
0.27,0.44
0.27,0.38
0.26,0.31
0.26,0.23
0.26,0.14
0.24,0.04
0.46,0.26
0.42,0.49
0.4,0.58
0.39,0.59
0.38,0.55
0.37,0.48
0.37,0.39
0.36,0.29
0.36,0.17
0.35,0.05
0.54,0.25
0.53,0.52
0.51,0.63
0.49,0.64
0.48,0.6
0.48,0.53
0.47,0.43
0.47,0.32
0.46,0.2
0.45,0.06
0.61,0.22
0.63,0.5
0.61,0.62
0.59,0.64
0.58,0.6
0.58,0.53
0.57,0.43
0.57,0.32
0.56,0.2
0.55,0.07
0.68,0.17
0.72,0.44
0.7,0.55
0.69,0.56
0.68,0.53
0.67,0.47
0.67,0.39
0.67,0.29
0.66,0.19
0.66,0.07
0.75,0.11
0.81,0.34
0.79,0.43
0.78,0.44
0.77,0.42
0.77,0.37
0.77,0.3
0.76,0.23
0.76,0.15
0.77,0.07
0.84,0.07
0.89,0.22
0.87,0.27
0.87,0.28
0.86,0.26
0.86,0.22
0.86,0.19
0.86,0.14
0.86,0.11
0.9,0.07
1.01,0.06
1.02,0.11
0.95,0.09
0.94,0.08
0.93,0.07
0.93,0.05
0.92,0.04
0.93,0.03
0.94,0.03
0.99,0.03
-1.04,-0.08
-1.03,-0.13
-0.92,-0.09
-0.93,-0.08
-0.92,-0.06
-0.91,-0.05
-0.92,-0.04
-0.93,-0.03
-0.95,-0.04
-1.0,-0.04
-0.84,-0.1
-0.9,-0.28
-0.88,-0.32
-0.87,-0.31
-0.87,-0.28
-0.86,-0.24
-0.86,-0.2
-0.86,-0.15
-0.86,-0.11
-0.91,-0.07
-0.74,-0.14
-0.83,-0.42
-0.8,-0.51
-0.78,-0.51
-0.78,-0.47
-0.77,-0.4
-0.77,-0.33
-0.76,-0.24
-0.76,-0.16
-0.76,-0.06
-0.67,-0.2
-0.75,-0.55
-0.71,-0.66
-0.69,-0.67
-0.68,-0.61
-0.67,-0.52
-0.67,-0.42
-0.66,-0.3
-0.66,-0.19
-0.65,-0.06
-0.62,-0.27
-0.66,-0.64
-0.62,-0.76
-0.6,-0.75
-0.59,-0.68
-0.58,-0.58
-0.57,-0.46
-0.56,-0.33
-0.56,-0.2
-0.55,-0.06
-0.57,-0.32
-0.56,-0.67
-0.52,-0.78
-0.5,-0.77
-0.49,-0.69
-0.48,-0.59
-0.47,-0.46
-0.46,-0.33
-0.46,-0.2
-0.44,-0.06
-0.51,-0.34
-0.45,-0.64
-0.42,-0.73
-0.4,-0.71
-0.38,-0.63
-0.37,-0.53
-0.37,-0.42
-0.36,-0.3
-0.36,-0.17
-0.34,-0.05
-0.42,-0.32
-0.34,-0.54
-0.3,-0.6
-0.29,-0.57
-0.28,-0.51
-0.27,-0.43
-0.26,-0.33
-0.26,-0.24
-0.25,-0.14
-0.24,-0.04
-0.29,-0.23
-0.21,-0.36
-0.19,-0.39
-0.17,-0.37
-0.17,-0.33
-0.16,-0.27
-0.16,-0.21
-0.16,-0.15
-0.15,-0.09
-0.14,-0.02
-0.1,-0.08
-0.07,-0.13
-0.06,-0.14
-0.06,-0.13
-0.06,-0.11
-0.05,-0.09
-0.05,-0.07
-0.05,-0.05
-0.05,-0.03
-0.05,-0.01
0.1,0.08
0.07,0.13
0.06,0.14
0.06,0.13
0.06,0.11
0.05,0.09
0.05,0.07
0.05,0.05
0.05,0.03
0.05,0.01
0.29,0.23
0.21,0.36
0.19,0.39
0.17,0.37
0.17,0.33
0.16,0.27
0.16,0.21
0.16,0.15
0.15,0.09
0.14,0.02
0.42,0.32
0.34,0.54
0.3,0.6
0.29,0.57
0.28,0.51
0.27,0.43
0.26,0.33
0.26,0.24
0.25,0.14
0.24,0.04
0.51,0.34
0.45,0.64
0.42,0.73
0.4,0.71
0.38,0.63
0.37,0.53
0.37,0.42
0.36,0.3
0.36,0.17
0.34,0.05
0.57,0.32
0.56,0.67
0.52,0.78
0.5,0.77
0.49,0.69
0.48,0.59
0.47,0.46
0.46,0.33
0.46,0.2
0.44,0.06
0.62,0.27
0.66,0.64
0.62,0.76
0.6,0.75
0.59,0.68
0.58,0.58
0.57,0.46
0.56,0.33
0.56,0.2
0.55,0.06
0.67,0.2
0.75,0.55
0.71,0.66
0.69,0.67
0.68,0.61
0.67,0.52
0.67,0.42
0.66,0.3
0.66,0.19
0.65,0.06
0.74,0.14
0.83,0.42
0.8,0.51
0.78,0.51
0.78,0.47
0.77,0.4
0.77,0.33
0.76,0.24
0.76,0.16
0.76,0.06
0.84,0.1
0.9,0.28
0.88,0.32
0.87,0.31
0.87,0.28
0.86,0.24
0.86,0.2
0.86,0.15
0.86,0.11
0.91,0.07
1.04,0.08
1.03,0.13
0.92,0.09
0.93,0.08
0.92,0.06
0.91,0.05
0.92,0.04
0.93,0.03
0.95,0.04
1.0,0.04
-1.07,-0.1
-1.01,-0.13
-0.89,-0.08
-0.92,-0.07
-0.9,-0.05
-0.9,-0.04
-0.91,-0.03
-0.93,-0.04
-0.96,-0.04
-1.02,-0.05
-0.86,-0.12
-0.91,-0.32
-0.88,-0.35
-0.87,-0.34
-0.87,-0.3
-0.86,-0.25
-0.86,-0.2
-0.86,-0.15
-0.86,-0.11
-0.9,-0.07
-0.74,-0.16
-0.85,-0.5
-0.8,-0.58
-0.79,-0.56
-0.78,-0.5
-0.77,-0.42
-0.76,-0.33
-0.76,-0.24
-0.76,-0.15
-0.75,-0.05
-0.66,-0.23
-0.78,-0.65
-0.72,-0.76
-0.7,-0.73
-0.68,-0.65
-0.67,-0.54
-0.67,-0.42
-0.66,-0.3
-0.65,-0.18
-0.65,-0.06
-0.61,-0.31
-0.69,-0.76
-0.63,-0.87
-0.6,-0.84
-0.59,-0.74
-0.57,-0.61
-0.57,-0.47
-0.56,-0.33
-0.55,-0.19
-0.54,-0.05
-0.58,-0.38
-0.59,-0.81
-0.54,-0.91
-0.5,-0.86
-0.49,-0.75
-0.47,-0.61
-0.47,-0.47
-0.46,-0.32
-0.45,-0.18
-0.44,-0.05
-0.55,-0.43
-0.49,-0.79
-0.43,-0.86
-0.4,-0.8
-0.38,-0.69
-0.37,-0.56
-0.36,-0.42
-0.36,-0.29
-0.35,-0.16
-0.33,-0.04
-0.49,-0.42
-0.37,-0.68
-0.32,-0.72
-0.29,-0.66
-0.28,-0.56
-0.27,-0.45
-0.26,-0.34
-0.26,-0.23
-0.25,-0.13
-0.24,-0.03
-0.37,-0.33
-0.24,-0.48
-0.2,-0.48
-0.18,-0.43
-0.17,-0.36
-0.16,-0.29
-0.16,-0.22
-0.15,-0.15
-0.15,-0.08
-0.14,-0.02
-0.14,-0.13
-0.08,-0.17
-0.07,-0.17
-0.06,-0.15
-0.06,-0.13
-0.05,-0.1
-0.05,-0.07
-0.05,-0.05
-0.05,-0.03
-0.05,-0.01
0.14,0.13
0.08,0.17
0.07,0.17
0.06,0.15
0.06,0.13
0.05,0.1
0.05,0.07
0.05,0.05
0.05,0.03
0.05,0.01
0.37,0.33
0.24,0.48
0.2,0.48
0.18,0.43
0.17,0.36
0.16,0.29
0.16,0.22
0.15,0.15
0.15,0.08
0.14,0.02
0.49,0.42
0.37,0.68
0.32,0.72
0.29,0.66
0.28,0.56
0.27,0.45
0.26,0.34
0.26,0.23
0.25,0.13
0.24,0.03
0.55,0.43
0.49,0.79
0.43,0.86
0.4,0.8
0.38,0.69
0.37,0.56
0.36,0.42
0.36,0.29
0.35,0.16
0.33,0.04
0.58,0.38
0.59,0.81
0.54,0.91
0.5,0.86
0.49,0.75
0.47,0.61
0.47,0.47
0.46,0.32
0.45,0.18
0.44,0.05
0.61,0.31
0.69,0.76
0.63,0.87
0.6,0.84
0.59,0.74
0.57,0.61
0.57,0.47
0.56,0.33
0.55,0.19
0.54,0.05
0.66,0.23
0.78,0.65
0.72,0.76
0.7,0.73
0.68,0.65
0.67,0.54
0.67,0.42
0.66,0.3
0.65,0.18
0.65,0.06
0.74,0.16
0.85,0.5
0.8,0.58
0.79,0.56
0.78,0.5
0.77,0.42
0.76,0.33
0.76,0.24
0.76,0.15
0.75,0.05
0.86,0.12
0.91,0.32
0.88,0.35
0.87,0.34
0.87,0.3
0.86,0.25
0.86,0.2
0.86,0.15
0.86,0.11
0.9,0.07
1.07,0.1
1.01,0.13
0.89,0.08
0.92,0.07
0.9,0.05
0.9,0.04
0.91,0.03
0.93,0.04
0.96,0.04
1.02,0.05
-1.09,-0.11
-0.97,-0.11
-0.85,-0.05
-0.91,-0.07
-0.88,-0.04
-0.9,-0.04
-0.92,-0.04
-0.94,-0.04
-0.97,-0.05
-1.02,-0.05
-0.87,-0.14
-0.92,-0.34
-0.88,-0.36
-0.87,-0.34
-0.87,-0.29
-0.86,-0.24
-0.86,-0.2
-0.86,-0.15
-0.86,-0.11
-0.9,-0.07
-0.74,-0.19
-0.87,-0.55
-0.8,-0.62
-0.79,-0.58
-0.77,-0.5
-0.77,-0.41
-0.76,-0.32
-0.76,-0.23
-0.75,-0.14
-0.73,-0.04
-0.66,-0.26
-0.81,-0.73
-0.72,-0.82
-0.7,-0.77
-0.68,-0.66
-0.67,-0.53
-0.66,-0.4
-0.66,-0.28
-0.65,-0.16
-0.65,-0.05
-0.61,-0.34
-0.73,-0.86
-0.64,-0.96
-0.6,-0.89
-0.58,-0.75
-0.57,-0.6
-0.56,-0.44
-0.56,-0.3
-0.55,-0.17
-0.54,-0.04
-0.58,-0.42
-0.63,-0.93
-0.55,-1.02
-0.51,-0.92
-0.48,-0.77
-0.47,-0.61
-0.46,-0.45
-0.46,-0.3
-0.45,-0.16
-0.43,-0.04
-0.56,-0.49
-0.52,-0.93
-0.44,-0.97
-0.4,-0.87
-0.38,-0.71
-0.37,-0.55
-0.36,-0.4
-0.35,-0.27
-0.35,-0.14
-0.33,-0.03
-0.55,-0.52
-0.41,-0.83
-0.33,-0.83
-0.29,-0.72
-0.27,-0.58
-0.26,-0.45
-0.26,-0.32
-0.25,-0.21
-0.25,-0.11
-0.24,-0.02
-0.48,-0.45
-0.28,-0.61
-0.21,-0.57
-0.18,-0.48
-0.16,-0.38
-0.16,-0.29
-0.15,-0.21
-0.15,-0.14
-0.15,-0.07
-0.14,-0.01
-0.21,-0.19
-0.11,-0.23
-0.07,-0.21
-0.06,-0.17
-0.06,-0.13
-0.05,-0.1
-0.05,-0.07
-0.05,-0.05
-0.05,-0.02
-0.05,-0.0
0.21,0.19
0.11,0.23
0.07,0.21
0.06,0.17
0.06,0.13
0.05,0.1
0.05,0.07
0.05,0.05
0.05,0.02
0.05,0.0
0.48,0.45
0.28,0.61
0.21,0.57
0.18,0.48
0.16,0.38
0.16,0.29
0.15,0.21
0.15,0.14
0.15,0.07
0.14,0.01
0.55,0.52
0.41,0.83
0.33,0.83
0.29,0.72
0.27,0.58
0.26,0.45
0.26,0.32
0.25,0.21
0.25,0.11
0.24,0.02
0.56,0.49
0.52,0.93
0.44,0.97
0.4,0.87
0.38,0.71
0.37,0.55
0.36,0.4
0.35,0.27
0.35,0.14
0.33,0.03
0.58,0.42
0.63,0.93
0.55,1.02
0.51,0.92
0.48,0.77
0.47,0.61
0.46,0.45
0.46,0.3
0.45,0.16
0.43,0.04
0.61,0.34
0.73,0.86
0.64,0.96
0.6,0.89
0.58,0.75
0.57,0.6
0.56,0.44
0.56,0.3
0.55,0.17
0.54,0.04
0.66,0.26
0.81,0.73
0.72,0.82
0.7,0.77
0.68,0.66
0.67,0.53
0.66,0.4
0.66,0.28
0.65,0.16
0.65,0.05
0.74,0.19
0.87,0.55
0.8,0.62
0.79,0.58
0.77,0.5
0.77,0.41
0.76,0.32
0.76,0.23
0.75,0.14
0.73,0.04
0.87,0.14
0.92,0.34
0.88,0.36
0.87,0.34
0.87,0.29
0.86,0.24
0.86,0.2
0.86,0.15
0.86,0.11
0.9,0.07
1.09,0.11
0.97,0.11
0.85,0.05
0.91,0.07
0.88,0.04
0.9,0.04
0.92,0.04
0.94,0.04
0.97,0.05
1.02,0.05
-1.08,-0.1
-0.92,-0.08
-0.83,-0.03
-0.91,-0.06
-0.87,-0.03
-0.9,-0.04
-0.93,-0.04
-0.95,-0.05
-0.97,-0.05
-1.02,-0.05
-0.88,-0.15
-0.93,-0.35
-0.88,-0.36
-0.87,-0.34
-0.87,-0.28
-0.86,-0.23
-0.86,-0.19
-0.86,-0.14
-0.86,-0.1
-0.88,-0.05
-0.75,-0.21
-0.89,-0.59
-0.8,-0.63
-0.78,-0.58
-0.77,-0.49
-0.76,-0.39
-0.76,-0.29
-0.76,-0.21
-0.75,-0.12
-0.72,-0.03
-0.66,-0.28
-0.84,-0.8
-0.72,-0.86
-0.69,-0.78
-0.67,-0.64
-0.66,-0.5
-0.66,-0.37
-0.65,-0.25
-0.65,-0.14
-0.65,-0.04
-0.6,-0.37
-0.76,-0.95
-0.64,-1.01
-0.6,-0.9
-0.58,-0.73
-0.56,-0.56
-0.56,-0.41
-0.55,-0.27
-0.55,-0.14
-0.53,-0.03
-0.57,-0.45
-0.67,-1.04
-0.55,-1.09
-0.5,-0.95
-0.48,-0.76
-0.46,-0.57
-0.46,-0.41
-0.45,-0.26
-0.45,-0.14
-0.43,-0.03
-0.55,-0.53
-0.56,-1.04
-0.45,-1.06
-0.4,-0.9
-0.37,-0.71
-0.36,-0.53
-0.35,-0.37
-0.35,-0.24
-0.35,-0.12
-0.33,-0.02
-0.56,-0.59
-0.45,-0.96
-0.34,-0.93
-0.29,-0.76
-0.27,-0.58
-0.26,-0.42
-0.25,-0.29
-0.25,-0.19
-0.25,-0.1
-0.23,-0.02
-0.6,-0.57
-0.34,-0.76
-0.22,-0.66
-0.18,-0.52
-0.16,-0.39
-0.15,-0.28
-0.15,-0.19
-0.15,-0.12
-0.15,-0.06
-0.14,-0.01
-0.32,-0.27
-0.15,-0.31
-0.08,-0.25
-0.06,-0.19
-0.05,-0.14
-0.05,-0.1
-0.05,-0.07
-0.05,-0.04
-0.05,-0.02
-0.05,-0.0
0.32,0.27
0.15,0.31
0.08,0.25
0.06,0.19
0.05,0.14
0.05,0.1
0.05,0.07
0.05,0.04
0.05,0.02
0.05,0.0
0.6,0.57
0.34,0.76
0.22,0.66
0.18,0.52
0.16,0.39
0.15,0.28
0.15,0.19
0.15,0.12
0.15,0.06
0.14,0.01
0.56,0.59
0.45,0.96
0.34,0.93
0.29,0.76
0.27,0.58
0.26,0.42
0.25,0.29
0.25,0.19
0.25,0.1
0.23,0.02
0.55,0.53
0.56,1.04
0.45,1.06
0.4,0.9
0.37,0.71
0.36,0.53
0.35,0.37
0.35,0.24
0.35,0.12
0.33,0.02
0.57,0.45
0.67,1.04
0.55,1.09
0.5,0.95
0.48,0.76
0.46,0.57
0.46,0.41
0.45,0.26
0.45,0.14
0.43,0.03
0.6,0.37
0.76,0.95
0.64,1.01
0.6,0.9
0.58,0.73
0.56,0.56
0.56,0.41
0.55,0.27
0.55,0.14
0.53,0.03
0.66,0.28
0.84,0.8
0.72,0.86
0.69,0.78
0.67,0.64
0.66,0.5
0.66,0.37
0.65,0.25
0.65,0.14
0.65,0.04
0.75,0.21
0.89,0.59
0.8,0.63
0.78,0.58
0.77,0.49
0.76,0.39
0.76,0.29
0.76,0.21
0.75,0.12
0.72,0.03
0.88,0.15
0.93,0.35
0.88,0.36
0.87,0.34
0.87,0.28
0.86,0.23
0.86,0.19
0.86,0.14
0.86,0.1
0.88,0.05
1.08,0.1
0.92,0.08
0.83,0.03
0.91,0.06
0.87,0.03
0.9,0.04
0.93,0.04
0.95,0.05
0.97,0.05
1.02,0.05
-1.05,-0.08
-0.87,-0.05
-0.83,-0.02
-0.92,-0.06
-0.86,-0.02
-0.92,-0.04
-0.94,-0.04
-0.96,-0.05
-0.98,-0.05
-1.02,-0.05
-0.87,-0.14
-0.93,-0.34
-0.87,-0.34
-0.87,-0.32
-0.87,-0.27
-0.86,-0.22
-0.86,-0.17
-0.86,-0.13
-0.86,-0.09
-0.86,-0.04
-0.76,-0.21
-0.9,-0.61
-0.79,-0.62
-0.78,-0.56
-0.77,-0.46
-0.76,-0.36
-0.76,-0.26
-0.76,-0.18
-0.75,-0.1
-0.72,-0.02
-0.67,-0.3
-0.86,-0.84
-0.71,-0.86
-0.69,-0.75
-0.67,-0.6
-0.66,-0.45
-0.66,-0.33
-0.65,-0.21
-0.65,-0.12
-0.65,-0.03
-0.61,-0.39
-0.8,-1.02
-0.64,-1.03
-0.59,-0.88
-0.57,-0.69
-0.56,-0.51
-0.55,-0.36
-0.55,-0.23
-0.55,-0.12
-0.53,-0.02
-0.57,-0.48
-0.71,-1.12
-0.55,-1.12
-0.49,-0.93
-0.47,-0.71
-0.46,-0.52
-0.45,-0.36
-0.45,-0.22
-0.45,-0.11
-0.43,-0.02
-0.55,-0.56
-0.6,-1.14
-0.46,-1.12
-0.39,-0.9
-0.36,-0.67
-0.35,-0.48
-0.35,-0.32
-0.35,-0.2
-0.35,-0.1
-0.33,-0.02
-0.52,-0.61
-0.48,-1.08
-0.35,-1.0
-0.28,-0.78
-0.26,-0.56
-0.25,-0.39
-0.25,-0.26
-0.25,-0.16
-0.25,-0.08
-0.24,-0.01
-0.68,-0.68
-0.4,-0.91
-0.24,-0.76
-0.18,-0.55
-0.16,-0.38
-0.15,-0.26
-0.15,-0.17
-0.15,-0.1
-0.15,-0.05
-0.14,-0.01
-0.46,-0.37
-0.23,-0.42
-0.11,-0.31
-0.06,-0.21
-0.05,-0.14
-0.05,-0.09
-0.05,-0.06
-0.05,-0.04
-0.05,-0.02
-0.05,-0.0
0.46,0.37
0.23,0.42
0.11,0.31
0.06,0.21
0.05,0.14
0.05,0.09
0.05,0.06
0.05,0.04
0.05,0.02
0.05,0.0
0.68,0.68
0.4,0.91
0.24,0.76
0.18,0.55
0.16,0.38
0.15,0.26
0.15,0.17
0.15,0.1
0.15,0.05
0.14,0.01
0.52,0.61
0.48,1.08
0.35,1.0
0.28,0.78
0.26,0.56
0.25,0.39
0.25,0.26
0.25,0.16
0.25,0.08
0.24,0.01
0.55,0.56
0.6,1.14
0.46,1.12
0.39,0.9
0.36,0.67
0.35,0.48
0.35,0.32
0.35,0.2
0.35,0.1
0.33,0.02
0.57,0.48
0.71,1.12
0.55,1.12
0.49,0.93
0.47,0.71
0.46,0.52
0.45,0.36
0.45,0.22
0.45,0.11
0.43,0.02
0.61,0.39
0.8,1.02
0.64,1.03
0.59,0.88
0.57,0.69
0.56,0.51
0.55,0.36
0.55,0.23
0.55,0.12
0.53,0.02
0.67,0.3
0.86,0.84
0.71,0.86
0.69,0.75
0.67,0.6
0.66,0.45
0.66,0.33
0.65,0.21
0.65,0.12
0.65,0.03
0.76,0.21
0.9,0.61
0.79,0.62
0.78,0.56
0.77,0.46
0.76,0.36
0.76,0.27
0.76,0.18
0.75,0.1
0.72,0.02
0.87,0.14
0.93,0.34
0.87,0.34
0.87,0.32
0.87,0.27
0.86,0.22
0.86,0.17
0.86,0.13
0.86,0.09
0.86,0.04
1.05,0.08
0.87,0.05
0.83,0.02
0.92,0.06
0.86,0.02
0.92,0.04
0.94,0.04
0.96,0.05
0.98,0.05
1.02,0.05
-1.01,-0.05
-0.84,-0.02
-0.85,-0.02
-0.92,-0.05
-0.86,-0.02
-0.94,-0.05
-0.94,-0.05
-0.96,-0.05
-0.97,-0.05
-1.0,-0.04
-0.85,-0.11
-0.93,-0.32
-0.87,-0.32
-0.88,-0.3
-0.87,-0.24
-0.86,-0.2
-0.86,-0.16
-0.86,-0.12
-0.86,-0.08
-0.85,-0.02
-0.75,-0.2
-0.91,-0.61
-0.78,-0.59
-0.78,-0.52
-0.76,-0.41
-0.76,-0.32
-0.76,-0.23
-0.75,-0.16
-0.75,-0.09
-0.72,-0.01
-0.67,-0.31
-0.88,-0.86
-0.7,-0.82
-0.68,-0.7
-0.66,-0.54
-0.65,-0.4
-0.65,-0.28
-0.65,-0.18
-0.65,-0.1
-0.66,-0.03
-0.62,-0.41
-0.83,-1.06
-0.62,-1.01
-0.58,-0.82
-0.56,-0.62
-0.55,-0.44
-0.55,-0.31
-0.55,-0.19
-0.55,-0.1
-0.53,-0.02
-0.57,-0.5
-0.75,-1.19
-0.55,-1.12
-0.48,-0.89
-0.45,-0.65
-0.45,-0.45
-0.45,-0.3
-0.45,-0.19
-0.45,-0.1
-0.43,-0.02
-0.57,-0.59
-0.65,-1.23
-0.46,-1.15
-0.38,-0.88
-0.35,-0.62
-0.34,-0.42
-0.35,-0.27
-0.35,-0.17
-0.35,-0.09
-0.34,-0.01
-0.45,-0.61
-0.52,-1.18
-0.36,-1.06
-0.28,-0.78
-0.25,-0.53
-0.24,-0.34
-0.25,-0.22
-0.25,-0.13
-0.25,-0.07
-0.24,-0.01
-0.69,-0.72
-0.47,-1.05
-0.27,-0.86
-0.18,-0.58
-0.15,-0.37
-0.14,-0.23
-0.15,-0.14
-0.15,-0.09
-0.15,-0.04
-0.14,-0.01
-0.61,-0.48
-0.37,-0.56
-0.17,-0.4
-0.08,-0.24
-0.05,-0.14
-0.05,-0.08
-0.05,-0.05
-0.05,-0.03
-0.05,-0.01
-0.05,-0.0
0.61,0.48
0.37,0.56
0.17,0.4
0.08,0.24
0.05,0.14
0.05,0.08
0.05,0.05
0.05,0.03
0.05,0.02
0.05,0.0
0.69,0.72
0.47,1.05
0.27,0.86
0.18,0.58
0.15,0.37
0.14,0.23
0.15,0.14
0.15,0.09
0.15,0.04
0.14,0.01
0.45,0.61
0.52,1.18
0.36,1.06
0.28,0.78
0.25,0.53
0.24,0.34
0.25,0.22
0.25,0.13
0.25,0.07
0.24,0.01
0.57,0.59
0.65,1.23
0.46,1.15
0.38,0.88
0.35,0.62
0.34,0.42
0.35,0.27
0.35,0.17
0.35,0.09
0.34,0.01
0.57,0.51
0.75,1.19
0.55,1.13
0.48,0.89
0.45,0.65
0.45,0.45
0.45,0.3
0.45,0.19
0.45,0.1
0.43,0.02
0.62,0.41
0.83,1.06
0.62,1.01
0.58,0.82
0.56,0.62
0.55,0.44
0.55,0.31
0.55,0.19
0.55,0.1
0.53,0.02
0.67,0.31
0.88,0.86
0.7,0.82
0.68,0.7
0.66,0.54
0.65,0.4
0.65,0.28
0.65,0.18
0.65,0.1
0.66,0.03
0.75,0.2
0.91,0.61
0.78,0.59
0.78,0.52
0.76,0.41
0.76,0.32
0.76,0.23
0.75,0.16
0.75,0.09
0.72,0.01
0.85,0.11
0.93,0.32
0.87,0.32
0.88,0.3
0.87,0.24
0.86,0.2
0.86,0.16
0.86,0.12
0.86,0.08
0.85,0.02
1.01,0.05
0.84,0.02
0.85,0.02
0.92,0.05
0.86,0.02
0.94,0.05
0.94,0.05
0.96,0.05
0.97,0.05
1.0,0.04
-0.97,-0.02
-0.83,-0.0
-0.88,-0.03
-0.91,-0.04
-0.86,-0.01
-0.96,-0.05
-0.94,-0.05
-0.96,-0.05
-0.97,-0.04
-0.99,-0.03
-0.82,-0.08
-0.94,-0.3
-0.86,-0.29
-0.88,-0.27
-0.86,-0.22
-0.86,-0.18
-0.86,-0.15
-0.86,-0.11
-0.86,-0.07
-0.84,-0.02
-0.73,-0.18
-0.92,-0.59
-0.76,-0.54
-0.77,-0.47
-0.76,-0.36
-0.76,-0.28
-0.76,-0.21
-0.75,-0.14
-0.75,-0.08
-0.73,-0.01
-0.66,-0.3
-0.89,-0.85
-0.68,-0.76
-0.67,-0.62
-0.65,-0.47
-0.65,-0.34
-0.65,-0.24
-0.65,-0.16
-0.65,-0.09
-0.66,-0.03
-0.62,-0.42
-0.85,-1.07
-0.6,-0.95
-0.57,-0.74
-0.55,-0.54
-0.55,-0.38
-0.55,-0.26
-0.55,-0.17
-0.55,-0.09
-0.53,-0.02
-0.55,-0.51
-0.78,-1.23
-0.53,-1.09
-0.46,-0.81
-0.44,-0.56
-0.44,-0.38
-0.44,-0.25
-0.45,-0.16
-0.45,-0.09
-0.44,-0.02
-0.62,-0.64
-0.69,-1.3
-0.45,-1.15
-0.36,-0.83
-0.34,-0.55
-0.34,-0.36
-0.34,-0.23
-0.35,-0.14
-0.35,-0.08
-0.34,-0.01
-0.42,-0.62
-0.55,-1.26
-0.36,-1.12
-0.26,-0.77
-0.24,-0.48
-0.24,-0.3
-0.24,-0.19
-0.25,-0.11
-0.25,-0.06
-0.24,-0.01
-0.6,-0.72
-0.52,-1.18
-0.31,-0.97
-0.18,-0.62
-0.14,-0.36
-0.14,-0.21
-0.14,-0.12
-0.15,-0.07
-0.15,-0.04
-0.14,-0.01
-0.71,-0.55
-0.54,-0.72
-0.29,-0.53
-0.11,-0.29
-0.05,-0.15
-0.05,-0.08
-0.05,-0.04
-0.05,-0.03
-0.05,-0.01
-0.05,-0.0
0.71,0.55
0.54,0.72
0.29,0.53
0.11,0.3
0.05,0.15
0.05,0.08
0.05,0.04
0.05,0.03
0.05,0.01
0.05,0.0
0.6,0.72
0.52,1.18
0.31,0.97
0.18,0.62
0.14,0.36
0.14,0.21
0.14,0.12
0.15,0.07
0.15,0.04
0.14,0.01
0.42,0.62
0.55,1.26
0.36,1.12
0.26,0.77
0.24,0.48
0.24,0.3
0.24,0.19
0.25,0.11
0.25,0.06
0.24,0.01
0.62,0.64
0.69,1.3
0.45,1.15
0.36,0.83
0.34,0.55
0.34,0.36
0.34,0.23
0.35,0.14
0.35,0.08
0.34,0.01
0.55,0.51
0.78,1.23
0.53,1.09
0.46,0.81
0.44,0.56
0.44,0.38
0.44,0.25
0.45,0.16
0.45,0.09
0.44,0.02
0.62,0.42
0.85,1.07
0.6,0.95
0.57,0.74
0.55,0.54
0.55,0.38
0.55,0.26
0.55,0.17
0.55,0.09
0.53,0.02
0.66,0.3
0.89,0.85
0.68,0.76
0.67,0.62
0.65,0.47
0.65,0.34
0.65,0.24
0.65,0.16
0.65,0.09
0.66,0.03
0.73,0.18
0.92,0.59
0.76,0.54
0.77,0.47
0.76,0.36
0.76,0.28
0.76,0.21
0.75,0.14
0.75,0.08
0.73,0.01
0.82,0.08
0.94,0.3
0.86,0.29
0.88,0.27
0.86,0.22
0.86,0.18
0.86,0.15
0.86,0.11
0.86,0.07
0.84,0.02
0.97,0.02
0.83,0.0
0.88,0.03
0.91,0.04
0.86,0.01
0.96,0.05
0.94,0.05
0.96,0.04
0.97,0.04
0.99,0.03
-0.94,-0.0
-0.84,-0.0
-0.9,-0.03
-0.91,-0.04
-0.88,-0.02
-0.98,-0.06
-0.94,-0.04
-0.96,-0.04
-0.96,-0.03
-0.98,-0.02
-0.79,-0.05
-0.94,-0.28
-0.86,-0.26
-0.88,-0.24
-0.86,-0.2
-0.87,-0.17
-0.86,-0.13
-0.86,-0.1
-0.86,-0.06
-0.84,-0.01
-0.7,-0.15
-0.93,-0.55
-0.75,-0.47
-0.77,-0.41
-0.75,-0.31
-0.76,-0.24
-0.76,-0.18
-0.76,-0.13
-0.75,-0.08
-0.74,-0.02
-0.64,-0.27
-0.91,-0.81
-0.65,-0.67
-0.66,-0.54
-0.65,-0.4
-0.65,-0.29
-0.65,-0.21
-0.65,-0.15
-0.65,-0.09
-0.67,-0.03
-0.63,-0.41
-0.86,-1.05
-0.57,-0.86
-0.55,-0.64
-0.54,-0.45
-0.54,-0.31
-0.55,-0.22
-0.55,-0.15
-0.55,-0.09
-0.53,-0.02
-0.51,-0.5
-0.81,-1.23
-0.5,-1.02
-0.44,-0.72
-0.43,-0.48
-0.44,-0.32
-0.44,-0.22
-0.45,-0.15
-0.45,-0.08
-0.44,-0.02
-0.66,-0.67
-0.72,-1.35
-0.43,-1.14
-0.34,-0.77
-0.32,-0.48
-0.33,-0.3
-0.34,-0.2
-0.35,-0.13
-0.35,-0.07
-0.34,-0.02
-0.48,-0.67
-0.58,-1.35
-0.36,-1.17
-0.25,-0.76
-0.22,-0.45
-0.23,-0.26
-0.24,-0.16
-0.25,-0.1
-0.25,-0.06
-0.24,-0.01
-0.49,-0.69
-0.55,-1.28
-0.36,-1.11
-0.19,-0.69
-0.13,-0.36
-0.13,-0.19
-0.14,-0.11
-0.15,-0.07
-0.15,-0.04
-0.15,-0.01
-0.71,-0.56
-0.68,-0.86
-0.48,-0.71
-0.2,-0.4
-0.07,-0.18
-0.05,-0.08
-0.05,-0.04
-0.05,-0.02
-0.05,-0.01
-0.05,-0.0
0.71,0.56
0.68,0.86
0.48,0.71
0.2,0.4
0.07,0.18
0.05,0.08
0.05,0.04
0.05,0.02
0.05,0.01
0.05,0.0
0.49,0.69
0.55,1.28
0.36,1.11
0.19,0.69
0.13,0.36
0.13,0.19
0.14,0.11
0.15,0.07
0.15,0.04
0.15,0.01
0.48,0.67
0.58,1.35
0.36,1.17
0.25,0.76
0.22,0.45
0.23,0.26
0.24,0.16
0.25,0.1
0.25,0.06
0.24,0.01
0.66,0.67
0.72,1.35
0.43,1.14
0.34,0.77
0.32,0.48
0.33,0.3
0.34,0.2
0.35,0.13
0.35,0.07
0.34,0.02
0.51,0.5
0.81,1.23
0.5,1.02
0.44,0.72
0.43,0.48
0.44,0.32
0.44,0.22
0.45,0.15
0.45,0.08
0.44,0.02
0.63,0.41
0.86,1.05
0.57,0.86
0.55,0.64
0.54,0.45
0.54,0.31
0.55,0.22
0.55,0.15
0.55,0.09
0.53,0.02
0.64,0.27
0.91,0.81
0.65,0.67
0.66,0.54
0.65,0.4
0.65,0.29
0.65,0.21
0.65,0.15
0.65,0.09
0.67,0.03
0.7,0.15
0.93,0.55
0.75,0.47
0.77,0.41
0.75,0.31
0.76,0.24
0.76,0.18
0.76,0.13
0.75,0.08
0.74,0.02
0.79,0.05
0.94,0.28
0.86,0.26
0.88,0.24
0.86,0.2
0.87,0.17
0.86,0.13
0.86,0.1
0.86,0.06
0.84,0.01
0.94,0.0
0.84,0.0
0.9,0.03
0.91,0.04
0.88,0.02
0.98,0.06
0.94,0.04
0.96,0.04
0.96,0.03
0.98,0.02
-0.93,0.01
-0.86,-0.01
-0.92,-0.04
-0.9,-0.03
-0.9,-0.03
-0.99,-0.06
-0.92,-0.03
-0.96,-0.03
-0.95,-0.02
-0.97,-0.01
-0.77,-0.03
-0.94,-0.26
-0.85,-0.23
-0.88,-0.22
-0.86,-0.18
-0.87,-0.16
-0.87,-0.13
-0.86,-0.1
-0.86,-0.06
-0.84,-0.01
-0.68,-0.12
-0.94,-0.52
-0.73,-0.4
-0.77,-0.35
-0.75,-0.27
-0.76,-0.22
-0.76,-0.17
-0.76,-0.13
-0.75,-0.08
-0.75,-0.03
-0.59,-0.22
-0.92,-0.76
-0.62,-0.57
-0.66,-0.45
-0.64,-0.33
-0.65,-0.25
-0.65,-0.2
-0.66,-0.15
-0.66,-0.09
-0.67,-0.04
-0.65,-0.39
-0.87,-1.0
-0.54,-0.75
-0.54,-0.54
-0.53,-0.37
-0.54,-0.27
-0.55,-0.2
-0.56,-0.15
-0.56,-0.1
-0.53,-0.02
-0.48,-0.47
-0.83,-1.21
-0.46,-0.93
-0.42,-0.62
-0.42,-0.39
-0.43,-0.27
-0.45,-0.2
-0.45,-0.15
-0.46,-0.09
-0.45,-0.03
-0.62,-0.66
-0.74,-1.37
-0.41,-1.09
-0.31,-0.7
-0.31,-0.41
-0.33,-0.26
-0.34,-0.18
-0.35,-0.13
-0.36,-0.08
-0.34,-0.02
-0.58,-0.73
-0.61,-1.42
-0.36,-1.21
-0.23,-0.77
-0.2,-0.42
-0.22,-0.24
-0.24,-0.15
-0.25,-0.1
-0.26,-0.06
-0.25,-0.02
-0.44,-0.69
-0.56,-1.36
-0.43,-1.26
-0.23,-0.81
-0.13,-0.4
-0.13,-0.19
-0.14,-0.11
-0.15,-0.07
-0.15,-0.04
-0.15,-0.01
-0.63,-0.53
-0.71,-0.92
-0.68,-0.9
-0.38,-0.58
-0.12,-0.25
-0.05,-0.1
-0.05,-0.04
-0.05,-0.03
-0.05,-0.01
-0.05,-0.0
0.63,0.53
0.71,0.92
0.68,0.9
0.38,0.58
0.12,0.25
0.05,0.1
0.05,0.04
0.05,0.03
0.05,0.01
0.05,0.0
0.44,0.69
0.56,1.36
0.43,1.26
0.23,0.81
0.13,0.4
0.13,0.19
0.14,0.11
0.15,0.07
0.15,0.04
0.15,0.01
0.58,0.73
0.61,1.42
0.36,1.22
0.23,0.77
0.2,0.42
0.22,0.24
0.24,0.15
0.25,0.1
0.26,0.06
0.25,0.02
0.62,0.66
0.74,1.37
0.41,1.09
0.31,0.7
0.31,0.41
0.33,0.26
0.34,0.18
0.35,0.13
0.36,0.08
0.34,0.02
0.48,0.47
0.83,1.21
0.46,0.93
0.42,0.62
0.42,0.39
0.43,0.27
0.45,0.2
0.45,0.15
0.46,0.09
0.45,0.03
0.65,0.39
0.87,1.0
0.54,0.75
0.54,0.54
0.53,0.37
0.54,0.27
0.55,0.2
0.56,0.15
0.56,0.1
0.53,0.02
0.59,0.22
0.92,0.76
0.62,0.57
0.66,0.45
0.64,0.33
0.65,0.25
0.65,0.2
0.66,0.15
0.66,0.09
0.67,0.04
0.68,0.12
0.94,0.52
0.73,0.4
0.77,0.35
0.75,0.27
0.76,0.22
0.76,0.17
0.76,0.13
0.75,0.08
0.75,0.03
0.77,0.03
0.94,0.26
0.85,0.23
0.88,0.22
0.86,0.18
0.87,0.16
0.87,0.13
0.86,0.1
0.86,0.06
0.84,0.01
0.93,-0.01
0.86,0.01
0.92,0.04
0.9,0.03
0.9,0.03
0.99,0.06
0.92,0.03
0.96,0.03
0.95,0.02
0.97,0.01
-0.93,0.0
-0.88,-0.02
-0.93,-0.04
-0.9,-0.02
-0.92,-0.04
-0.99,-0.06
-0.91,-0.02
-0.95,-0.03
-0.94,-0.02
-0.97,-0.01
-0.76,-0.02
-0.95,-0.25
-0.84,-0.2
-0.88,-0.2
-0.87,-0.17
-0.87,-0.16
-0.87,-0.13
-0.87,-0.1
-0.86,-0.07
-0.84,-0.02
-0.67,-0.09
-0.95,-0.48
-0.7,-0.33
-0.78,-0.31
-0.75,-0.24
-0.76,-0.21
-0.76,-0.18
-0.76,-0.14
-0.75,-0.09
-0.76,-0.04
-0.54,-0.18
-0.93,-0.71
-0.59,-0.47
-0.66,-0.38
-0.64,-0.29
-0.65,-0.24
-0.66,-0.2
-0.66,-0.16
-0.66,-0.11
-0.67,-0.04
-0.65,-0.37
-0.87,-0.94
-0.49,-0.62
-0.52,-0.44
-0.53,-0.31
-0.54,-0.25
-0.56,-0.21
-0.56,-0.17
-0.56,-0.11
-0.53,-0.03
-0.48,-0.44
-0.85,-1.16
-0.42,-0.81
-0.4,-0.52
-0.41,-0.33
-0.43,-0.24
-0.45,-0.2
-0.46,-0.16
-0.46,-0.11
-0.45,-0.03
-0.52,-0.61
-0.76,-1.34
-0.37,-1.02
-0.29,-0.64
-0.29,-0.37
-0.32,-0.24
-0.35,-0.18
-0.36,-0.15
-0.36,-0.1
-0.35,-0.03
-0.64,-0.77
-0.63,-1.46
-0.36,-1.25
-0.22,-0.81
-0.19,-0.44
-0.21,-0.24
-0.24,-0.16
-0.25,-0.12
-0.26,-0.08
-0.25,-0.02
-0.48,-0.72
-0.56,-1.4
-0.49,-1.4
-0.3,-0.98
-0.13,-0.5
-0.12,-0.23
-0.14,-0.12
-0.15,-0.08
-0.15,-0.05
-0.15,-0.01
-0.56,-0.51
-0.61,-0.9
-0.77,-1.02
-0.64,-0.81
-0.24,-0.39
-0.06,-0.14
-0.05,-0.06
-0.05,-0.03
-0.05,-0.02
-0.05,-0.01
0.56,0.51
0.61,0.9
0.77,1.02
0.64,0.81
0.24,0.39
0.06,0.14
0.05,0.06
0.05,0.03
0.05,0.02
0.05,0.01
0.48,0.72
0.56,1.4
0.49,1.4
0.3,0.98
0.13,0.5
0.12,0.23
0.14,0.12
0.15,0.08
0.15,0.05
0.15,0.01
0.64,0.77
0.63,1.46
0.36,1.25
0.22,0.81
0.19,0.44
0.21,0.24
0.24,0.16
0.25,0.12
0.26,0.08
0.25,0.02
0.52,0.61
0.76,1.34
0.37,1.02
0.29,0.64
0.29,0.37
0.32,0.24
0.35,0.18
0.36,0.15
0.36,0.1
0.35,0.03
0.48,0.44
0.85,1.16
0.42,0.81
0.4,0.52
0.41,0.33
0.43,0.24
0.45,0.2
0.46,0.16
0.46,0.11
0.45,0.03
0.65,0.37
0.87,0.94
0.49,0.62
0.52,0.44
0.53,0.31
0.54,0.25
0.56,0.21
0.56,0.17
0.56,0.11
0.53,0.03
0.54,0.18
0.93,0.71
0.59,0.47
0.66,0.38
0.64,0.29
0.65,0.24
0.66,0.2
0.66,0.16
0.66,0.11
0.67,0.04
0.67,0.09
0.95,0.48
0.7,0.33
0.78,0.31
0.75,0.24
0.76,0.21
0.76,0.18
0.76,0.14
0.75,0.09
0.76,0.04
0.76,0.02
0.95,0.25
0.84,0.2
0.88,0.2
0.87,0.17
0.87,0.16
0.87,0.13
0.87,0.1
0.86,0.07
0.84,0.02
0.93,-0.0
0.88,0.02
0.93,0.04
0.9,0.02
0.92,0.04
0.99,0.06
0.91,0.02
0.95,0.03
0.94,0.02
0.97,0.01
-0.94,-0.0
-0.91,-0.03
-0.93,-0.04
-0.9,-0.03
-0.95,-0.05
-0.97,-0.06
-0.89,-0.01
-0.96,-0.03
-0.93,-0.02
-0.97,-0.02
-0.75,-0.01
-0.96,-0.24
-0.84,-0.18
-0.89,-0.19
-0.87,-0.17
-0.87,-0.16
-0.87,-0.13
-0.87,-0.11
-0.86,-0.08
-0.86,-0.03
-0.68,-0.08
-0.95,-0.46
-0.68,-0.27
-0.78,-0.28
-0.75,-0.24
-0.76,-0.22
-0.77,-0.2
-0.76,-0.16
-0.76,-0.11
-0.77,-0.05
-0.5,-0.13
-0.95,-0.66
-0.55,-0.37
-0.66,-0.33
-0.64,-0.27
-0.66,-0.25
-0.66,-0.23
-0.66,-0.19
-0.66,-0.13
-0.66,-0.05
-0.62,-0.32
-0.87,-0.86
-0.45,-0.5
-0.52,-0.36
-0.53,-0.28
-0.55,-0.25
-0.56,-0.24
-0.57,-0.2
-0.56,-0.13
-0.53,-0.04
-0.53,-0.44
-0.84,-1.09
-0.36,-0.68
-0.38,-0.44
-0.41,-0.3
-0.44,-0.25
-0.46,-0.23
-0.46,-0.19
-0.46,-0.13
-0.46,-0.04
-0.43,-0.54
-0.77,-1.3
-0.32,-0.94
-0.27,-0.59
-0.28,-0.36
-0.32,-0.26
-0.35,-0.22
-0.36,-0.18
-0.36,-0.12
-0.35,-0.04
-0.6,-0.75
-0.64,-1.46
-0.36,-1.26
-0.23,-0.87
-0.17,-0.49
-0.21,-0.29
-0.24,-0.2
-0.26,-0.15
-0.26,-0.1
-0.25,-0.03
-0.54,-0.75
-0.57,-1.43
-0.53,-1.48
-0.4,-1.18
-0.17,-0.66
-0.11,-0.31
-0.13,-0.16
-0.15,-0.11
-0.16,-0.06
-0.15,-0.02
-0.57,-0.51
-0.51,-0.84
-0.66,-1.0
-0.84,-1.0
-0.48,-0.62
-0.11,-0.24
-0.05,-0.09
-0.05,-0.04
-0.05,-0.02
-0.05,-0.01
0.57,0.51
0.51,0.84
0.66,1.0
0.84,1.0
0.48,0.62
0.11,0.24
0.05,0.09
0.05,0.04
0.05,0.02
0.05,0.01
0.54,0.75
0.57,1.43
0.53,1.48
0.4,1.18
0.17,0.66
0.11,0.31
0.13,0.16
0.15,0.11
0.16,0.06
0.15,0.02
0.6,0.75
0.64,1.46
0.36,1.26
0.23,0.87
0.17,0.49
0.21,0.29
0.24,0.2
0.26,0.15
0.26,0.1
0.25,0.03
0.43,0.54
0.77,1.3
0.32,0.94
0.27,0.59
0.28,0.36
0.32,0.26
0.35,0.22
0.36,0.18
0.36,0.12
0.35,0.04
0.53,0.44
0.84,1.09
0.36,0.68
0.38,0.44
0.41,0.3
0.44,0.25
0.46,0.23
0.46,0.19
0.46,0.13
0.46,0.04
0.62,0.32
0.87,0.86
0.45,0.5
0.52,0.36
0.53,0.28
0.55,0.25
0.56,0.24
0.57,0.2
0.56,0.13
0.53,0.04
0.5,0.13
0.95,0.66
0.55,0.37
0.66,0.33
0.64,0.27
0.66,0.25
0.66,0.23
0.66,0.19
0.66,0.13
0.66,0.05
0.68,0.08
0.95,0.46
0.68,0.27
0.78,0.28
0.75,0.24
0.76,0.22
0.77,0.2
0.76,0.16
0.76,0.11
0.77,0.05
0.75,0.01
0.96,0.24
0.84,0.18
0.89,0.19
0.87,0.17
0.87,0.16
0.87,0.13
0.87,0.11
0.86,0.08
0.86,0.03
0.94,0.0
0.91,0.03
0.93,0.04
0.9,0.03
0.95,0.05
0.97,0.06
0.89,0.01
0.96,0.03
0.93,0.02
0.97,0.02
-0.96,-0.01
-0.92,-0.04
-0.93,-0.04
-0.91,-0.04
-0.96,-0.06
-0.95,-0.05
-0.88,-0.01
-0.96,-0.04
-0.93,-0.02
-0.98,-0.02
-0.75,-0.01
-0.96,-0.24
-0.83,-0.16
-0.9,-0.2
-0.87,-0.19
-0.87,-0.18
-0.87,-0.15
-0.87,-0.13
-0.86,-0.09
-0.87,-0.04
-0.7,-0.09
-0.95,-0.44
-0.66,-0.23
-0.79,-0.27
-0.76,-0.25
-0.77,-0.25
-0.77,-0.23
-0.77,-0.19
-0.76,-0.13
-0.77,-0.06
-0.49,-0.11
-0.96,-0.62
-0.51,-0.29
-0.67,-0.3
-0.65,-0.28
-0.67,-0.29
-0.67,-0.27
-0.67,-0.23
-0.66,-0.15
-0.66,-0.05
-0.56,-0.27
-0.87,-0.79
-0.4,-0.39
-0.52,-0.32
-0.53,-0.29
-0.56,-0.3
-0.57,-0.29
-0.57,-0.24
-0.56,-0.16
-0.53,-0.04
-0.58,-0.43
-0.82,-1.01
-0.3,-0.55
-0.38,-0.39
-0.41,-0.31
-0.44,-0.3
-0.46,-0.28
-0.47,-0.24
-0.47,-0.16
-0.46,-0.05
-0.41,-0.5
-0.76,-1.23
-0.27,-0.85
-0.26,-0.57
-0.28,-0.4
-0.32,-0.32
-0.35,-0.27
-0.36,-0.22
-0.36,-0.15
-0.34,-0.04
-0.52,-0.68
-0.65,-1.43
-0.34,-1.25
-0.24,-0.93
-0.17,-0.59
-0.2,-0.37
-0.24,-0.26
-0.26,-0.19
-0.26,-0.12
-0.24,-0.03
-0.54,-0.75
-0.6,-1.45
-0.56,-1.52
-0.48,-1.32
-0.26,-0.88
-0.11,-0.45
-0.13,-0.23
-0.15,-0.14
-0.15,-0.08
-0.15,-0.02
-0.61,-0.53
-0.54,-0.85
-0.46,-0.91
-0.8,-1.04
-0.79,-0.88
-0.27,-0.42
-0.06,-0.15
-0.05,-0.06
-0.05,-0.03
-0.05,-0.01
0.61,0.53
0.54,0.85
0.46,0.91
0.8,1.04
0.79,0.88
0.27,0.42
0.06,0.15
0.05,0.06
0.05,0.03
0.05,0.01
0.54,0.75
0.6,1.45
0.56,1.52
0.48,1.32
0.26,0.88
0.11,0.45
0.13,0.24
0.15,0.14
0.15,0.08
0.15,0.02
0.52,0.69
0.65,1.43
0.34,1.25
0.24,0.93
0.17,0.59
0.2,0.37
0.24,0.26
0.26,0.19
0.26,0.12
0.24,0.03
0.41,0.5
0.76,1.23
0.27,0.85
0.26,0.57
0.28,0.4
0.32,0.32
0.35,0.27
0.36,0.22
0.36,0.14
0.34,0.04
0.58,0.43
0.82,1.01
0.3,0.55
0.38,0.39
0.41,0.31
0.44,0.3
0.46,0.28
0.47,0.24
0.47,0.16
0.46,0.05
0.56,0.27
0.87,0.79
0.4,0.39
0.52,0.32
0.53,0.29
0.56,0.3
0.57,0.29
0.57,0.24
0.56,0.16
0.53,0.04
0.49,0.11
0.96,0.62
0.51,0.29
0.67,0.3
0.65,0.28
0.67,0.29
0.67,0.27
0.67,0.23
0.66,0.15
0.66,0.05
0.7,0.09
0.95,0.44
0.66,0.23
0.79,0.27
0.76,0.25
0.77,0.25
0.77,0.23
0.77,0.19
0.76,0.13
0.77,0.06
0.75,0.01
0.96,0.24
0.83,0.16
0.9,0.2
0.87,0.19
0.87,0.18
0.87,0.15
0.87,0.13
0.86,0.09
0.87,0.04
0.96,0.01
0.92,0.04
0.93,0.04
0.91,0.04
0.96,0.06
0.95,0.05
0.88,0.01
0.96,0.04
0.93,0.02
0.98,0.02
-0.99,-0.03
-0.93,-0.05
-0.93,-0.04
-0.93,-0.05
-0.96,-0.07
-0.92,-0.04
-0.89,-0.02
-0.97,-0.05
-0.92,-0.02
-0.99,-0.03
-0.75,-0.02
-0.97,-0.25
-0.82,-0.16
-0.9,-0.22
-0.87,-0.21
-0.88,-0.2
-0.88,-0.18
-0.87,-0.15
-0.86,-0.1
-0.88,-0.06
-0.73,-0.1
-0.96,-0.43
-0.64,-0.21
-0.8,-0.3
-0.76,-0.29
-0.78,-0.3
-0.77,-0.27
-0.77,-0.22
-0.76,-0.15
-0.77,-0.06
-0.51,-0.11
-0.97,-0.6
-0.48,-0.24
-0.68,-0.32
-0.66,-0.33
-0.67,-0.35
-0.68,-0.33
-0.67,-0.27
-0.66,-0.17
-0.65,-0.06
-0.48,-0.21
-0.87,-0.74
-0.36,-0.3
-0.53,-0.33
-0.54,-0.34
-0.57,-0.36
-0.58,-0.35
-0.57,-0.29
-0.56,-0.18
-0.53,-0.05
-0.6,-0.41
-0.79,-0.93
-0.24,-0.45
-0.38,-0.39
-0.41,-0.37
-0.45,-0.37
-0.47,-0.35
-0.47,-0.29
-0.46,-0.19
-0.46,-0.06
-0.44,-0.49
-0.74,-1.16
-0.21,-0.76
-0.26,-0.59
-0.27,-0.46
-0.33,-0.4
-0.35,-0.34
-0.36,-0.27
-0.36,-0.17
-0.34,-0.05
-0.46,-0.64
-0.65,-1.4
-0.33,-1.23
-0.26,-0.99
-0.18,-0.71
-0.19,-0.49
-0.23,-0.34
-0.25,-0.24
-0.26,-0.14
-0.24,-0.04
-0.49,-0.71
-0.61,-1.46
-0.59,-1.54
-0.53,-1.4
-0.36,-1.1
-0.15,-0.65
-0.12,-0.34
-0.14,-0.19
-0.15,-0.1
-0.14,-0.03
-0.6,-0.53
-0.65,-0.91
-0.41,-0.88
-0.54,-0.93
-0.94,-1.04
-0.57,-0.68
-0.13,-0.27
-0.05,-0.1
-0.05,-0.04
-0.05,-0.01
0.6,0.53
0.65,0.91
0.41,0.88
0.54,0.93
0.94,1.04
0.57,0.68
0.13,0.27
0.05,0.1
0.05,0.04
0.05,0.01
0.49,0.71
0.61,1.46
0.59,1.54
0.53,1.4
0.36,1.1
0.15,0.65
0.12,0.34
0.14,0.19
0.15,0.1
0.14,0.03
0.46,0.64
0.65,1.4
0.33,1.23
0.26,0.99
0.18,0.71
0.19,0.49
0.23,0.34
0.25,0.24
0.26,0.14
0.24,0.04
0.44,0.49
0.74,1.16
0.21,0.76
0.26,0.59
0.27,0.46
0.33,0.4
0.35,0.34
0.36,0.27
0.36,0.17
0.34,0.05
0.6,0.41
0.79,0.93
0.24,0.45
0.38,0.39
0.41,0.37
0.45,0.37
0.47,0.35
0.47,0.29
0.46,0.19
0.46,0.06
0.48,0.21
0.87,0.74
0.36,0.3
0.53,0.33
0.54,0.34
0.57,0.36
0.58,0.35
0.57,0.29
0.56,0.18
0.53,0.05
0.51,0.11
0.97,0.6
0.48,0.24
0.68,0.32
0.66,0.33
0.67,0.35
0.68,0.33
0.67,0.27
0.66,0.17
0.65,0.06
0.73,0.1
0.96,0.43
0.64,0.21
0.8,0.3
0.76,0.29
0.78,0.3
0.77,0.27
0.77,0.22
0.76,0.15
0.77,0.06
0.75,0.02
0.97,0.25
0.82,0.16
0.9,0.22
0.87,0.21
0.88,0.2
0.88,0.18
0.87,0.15
0.86,0.1
0.88,0.06
0.99,0.03
0.93,0.05
0.93,0.04
0.93,0.05
0.96,0.07
0.92,0.04
0.89,0.02
0.97,0.05
0.92,0.02
0.99,0.03
-1.01,-0.04
-0.93,-0.06
-0.93,-0.05
-0.94,-0.07
-0.95,-0.07
-0.89,-0.04
-0.9,-0.03
-0.97,-0.06
-0.92,-0.02
-1.01,-0.04
-0.75,-0.03
-0.97,-0.26
-0.82,-0.17
-0.91,-0.25
-0.87,-0.24
-0.88,-0.23
-0.88,-0.21
-0.87,-0.17
-0.86,-0.11
-0.89,-0.06
-0.75,-0.12
-0.96,-0.44
-0.63,-0.21
-0.82,-0.34
-0.77,-0.35
-0.78,-0.35
-0.78,-0.32
-0.77,-0.25
-0.76,-0.16
-0.76,-0.06
-0.56,-0.13
-0.98,-0.6
-0.45,-0.22
-0.7,-0.37
-0.67,-0.41
-0.68,-0.42
-0.68,-0.39
-0.67,-0.3
-0.66,-0.19
-0.64,-0.06
-0.43,-0.17
-0.88,-0.7
-0.32,-0.26
-0.55,-0.38
-0.55,-0.42
-0.58,-0.45
-0.58,-0.42
-0.57,-0.33
-0.56,-0.2
-0.53,-0.05
-0.56,-0.36
-0.76,-0.85
-0.19,-0.38
-0.41,-0.43
-0.42,-0.45
-0.46,-0.47
-0.47,-0.43
-0.47,-0.34
-0.46,-0.21
-0.45,-0.06
-0.48,-0.49
-0.69,-1.09
-0.16,-0.7
-0.28,-0.64
-0.28,-0.56
-0.33,-0.5
-0.35,-0.43
-0.36,-0.32
-0.36,-0.19
-0.33,-0.05
-0.45,-0.62
-0.63,-1.36
-0.31,-1.21
-0.27,-1.05
-0.2,-0.83
-0.2,-0.63
-0.22,-0.45
-0.25,-0.3
-0.25,-0.17
-0.24,-0.04
-0.44,-0.67
-0.6,-1.45
-0.61,-1.59
-0.56,-1.46
-0.42,-1.24
-0.24,-0.89
-0.13,-0.5
-0.13,-0.26
-0.15,-0.13
-0.14,-0.03
-0.52,-0.49
-0.71,-0.95
-0.58,-0.97
-0.31,-0.83
-0.78,-1.01
-0.88,-0.93
-0.32,-0.47
-0.07,-0.17
-0.05,-0.06
-0.05,-0.01
0.53,0.49
0.71,0.95
0.58,0.97
0.31,0.83
0.78,1.01
0.88,0.93
0.32,0.47
0.07,0.17
0.05,0.06
0.05,0.01
0.44,0.67
0.6,1.45
0.61,1.59
0.56,1.46
0.42,1.24
0.24,0.89
0.13,0.5
0.13,0.26
0.15,0.13
0.14,0.03
0.46,0.62
0.63,1.36
0.31,1.21
0.27,1.05
0.2,0.83
0.2,0.63
0.22,0.45
0.25,0.3
0.25,0.17
0.24,0.04
0.48,0.49
0.69,1.09
0.16,0.7
0.28,0.64
0.28,0.56
0.33,0.5
0.35,0.43
0.36,0.32
0.36,0.19
0.33,0.05
0.56,0.36
0.76,0.85
0.19,0.38
0.41,0.43
0.42,0.45
0.46,0.47
0.47,0.43
0.47,0.34
0.46,0.21
0.45,0.06
0.43,0.17
0.88,0.7
0.32,0.26
0.55,0.38
0.55,0.42
0.58,0.45
0.58,0.42
0.57,0.33
0.56,0.2
0.53,0.05
0.56,0.13
0.98,0.6
0.45,0.22
0.7,0.37
0.67,0.41
0.68,0.42
0.68,0.39
0.67,0.3
0.66,0.19
0.64,0.06
0.75,0.12
0.96,0.44
0.63,0.21
0.82,0.34
0.77,0.35
0.78,0.35
0.78,0.32
0.77,0.25
0.76,0.16
0.76,0.06
0.75,0.03
0.97,0.26
0.82,0.17
0.91,0.25
0.87,0.24
0.88,0.23
0.88,0.21
0.87,0.17
0.86,0.11
0.89,0.06
1.01,0.04
0.93,0.06
0.93,0.05
0.94,0.07
0.95,0.07
0.89,0.04
0.9,0.03
0.97,0.06
0.92,0.02
1.01,0.04
-1.04,-0.06
-0.93,-0.07
-0.94,-0.07
-0.95,-0.09
-0.92,-0.07
-0.88,-0.04
-0.92,-0.05
-0.96,-0.06
-0.91,-0.02
-1.03,-0.05
-0.75,-0.04
-0.98,-0.28
-0.82,-0.2
-0.92,-0.29
-0.88,-0.28
-0.88,-0.26
-0.88,-0.23
-0.87,-0.18
-0.86,-0.12
-0.89,-0.07
-0.75,-0.14
-0.96,-0.47
-0.61,-0.23
-0.83,-0.41
-0.78,-0.42
-0.79,-0.41
-0.78,-0.36
-0.76,-0.27
-0.75,-0.16
-0.75,-0.06
-0.64,-0.18
-0.98,-0.63
-0.43,-0.24
-0.72,-0.45
-0.68,-0.5
-0.69,-0.5
-0.68,-0.44
-0.67,-0.33
-0.66,-0.19
-0.63,-0.05
-0.42,-0.17
-0.89,-0.7
-0.29,-0.27
-0.58,-0.47
-0.57,-0.53
-0.59,-0.55
-0.58,-0.49
-0.57,-0.37
-0.56,-0.21
-0.53,-0.06
-0.51,-0.32
-0.74,-0.79
-0.16,-0.36
-0.45,-0.52
-0.43,-0.56
-0.47,-0.57
-0.47,-0.5
-0.47,-0.38
-0.46,-0.22
-0.45,-0.06
-0.48,-0.46
-0.64,-1.01
-0.12,-0.67
-0.31,-0.72
-0.28,-0.66
-0.33,-0.61
-0.35,-0.51
-0.36,-0.37
-0.35,-0.21
-0.32,-0.05
-0.48,-0.61
-0.61,-1.31
-0.28,-1.2
-0.28,-1.12
-0.21,-0.94
-0.21,-0.77
-0.21,-0.56
-0.23,-0.36
-0.25,-0.19
-0.23,-0.05
-0.43,-0.65
-0.58,-1.42
-0.62,-1.64
-0.58,-1.54
-0.46,-1.32
-0.33,-1.09
-0.18,-0.71
-0.12,-0.37
-0.14,-0.16
-0.13,-0.04
-0.45,-0.44
-0.59,-0.89
-0.79,-1.09
-0.37,-0.88
-0.44,-0.87
-0.96,-1.05
-0.65,-0.74
-0.16,-0.3
-0.05,-0.1
-0.04,-0.02
0.45,0.44
0.59,0.89
0.79,1.09
0.37,0.88
0.44,0.86
0.96,1.05
0.65,0.74
0.16,0.3
0.05,0.1
0.04,0.02
0.43,0.65
0.58,1.42
0.62,1.64
0.58,1.54
0.46,1.32
0.33,1.09
0.18,0.71
0.12,0.37
0.14,0.16
0.13,0.04
0.48,0.61
0.61,1.31
0.28,1.2
0.28,1.12
0.21,0.94
0.21,0.77
0.21,0.56
0.23,0.36
0.25,0.19
0.23,0.05
0.48,0.46
0.64,1.0
0.12,0.67
0.31,0.72
0.28,0.66
0.33,0.61
0.35,0.51
0.36,0.37
0.35,0.21
0.32,0.05
0.51,0.32
0.74,0.79
0.16,0.36
0.45,0.52
0.43,0.56
0.47,0.57
0.47,0.5
0.47,0.38
0.46,0.22
0.45,0.06
0.42,0.17
0.89,0.7
0.29,0.26
0.58,0.47
0.57,0.53
0.59,0.55
0.58,0.49
0.57,0.37
0.56,0.21
0.53,0.06
0.64,0.18
0.98,0.63
0.43,0.24
0.72,0.45
0.68,0.5
0.69,0.5
0.68,0.44
0.67,0.33
0.66,0.19
0.63,0.05
0.75,0.14
0.96,0.47
0.61,0.23
0.83,0.41
0.78,0.42
0.79,0.41
0.78,0.36
0.76,0.27
0.75,0.16
0.75,0.06
0.75,0.04
0.98,0.28
0.82,0.2
0.92,0.29
0.88,0.28
0.88,0.26
0.88,0.23
0.87,0.18
0.86,0.12
0.89,0.07
1.04,0.06
0.93,0.07
0.94,0.07
0.95,0.09
0.92,0.07
0.88,0.04
0.92,0.05
0.96,0.06
0.91,0.02
1.03,0.05
-1.07,-0.08
-0.93,-0.08
-0.95,-0.08
-0.94,-0.09
-0.89,-0.06
-0.88,-0.04
-0.93,-0.06
-0.95,-0.05
-0.91,-0.03
-1.04,-0.06
-0.76,-0.06
-0.98,-0.31
-0.82,-0.23
-0.93,-0.34
-0.88,-0.31
-0.89,-0.29
-0.88,-0.25
-0.87,-0.19
-0.86,-0.12
-0.88,-0.06
-0.73,-0.14
-0.96,-0.5
-0.61,-0.28
-0.85,-0.49
-0.78,-0.49
-0.79,-0.46
-0.77,-0.38
-0.76,-0.27
-0.75,-0.16
-0.74,-0.05
-0.71,-0.24
-0.98,-0.67
-0.42,-0.3
-0.75,-0.56
-0.69,-0.59
-0.7,-0.57
-0.68,-0.48
-0.66,-0.34
-0.65,-0.19
-0.63,-0.05
-0.46,-0.2
-0.9,-0.73
-0.28,-0.32
-0.62,-0.59
-0.58,-0.65
-0.59,-0.63
-0.58,-0.53
-0.57,-0.38
-0.55,-0.21
-0.53,-0.05
-0.47,-0.29
-0.72,-0.77
-0.14,-0.39
-0.49,-0.65
-0.44,-0.68
-0.47,-0.66
-0.47,-0.56
-0.46,-0.4
-0.45,-0.22
-0.44,-0.06
-0.45,-0.42
-0.58,-0.93
-0.1,-0.66
-0.36,-0.83
-0.28,-0.78
-0.33,-0.71
-0.34,-0.58
-0.34,-0.4
-0.34,-0.22
-0.32,-0.05
-0.48,-0.59
-0.57,-1.24
-0.24,-1.18
-0.3,-1.22
-0.23,-1.06
-0.22,-0.9
-0.21,-0.68
-0.22,-0.43
-0.23,-0.22
-0.23,-0.05
-0.46,-0.65
-0.59,-1.39
-0.61,-1.65
-0.6,-1.65
-0.48,-1.41
-0.38,-1.21
-0.27,-0.93
-0.14,-0.52
-0.13,-0.22
-0.13,-0.05
-0.46,-0.43
-0.39,-0.77
-0.77,-1.1
-0.68,-1.06
-0.26,-0.8
-0.72,-0.97
-0.93,-0.98
-0.38,-0.52
-0.08,-0.17
-0.04,-0.03
0.46,0.43
0.39,0.77
0.77,1.1
0.68,1.06
0.26,0.8
0.72,0.97
0.93,0.97
0.38,0.52
0.08,0.17
0.04,0.03
0.46,0.65
0.59,1.39
0.61,1.65
0.6,1.65
0.48,1.41
0.38,1.21
0.27,0.93
0.14,0.52
0.13,0.22
0.13,0.05
0.48,0.59
0.57,1.24
0.24,1.18
0.3,1.22
0.23,1.06
0.22,0.9
0.21,0.68
0.22,0.43
0.23,0.22
0.23,0.05
0.45,0.42
0.58,0.93
0.1,0.66
0.36,0.83
0.28,0.78
0.33,0.71
0.34,0.58
0.34,0.4
0.34,0.22
0.32,0.05
0.47,0.29
0.72,0.77
0.14,0.39
0.49,0.65
0.44,0.68
0.47,0.66
0.47,0.56
0.46,0.4
0.45,0.22
0.44,0.06
0.46,0.2
0.9,0.73
0.28,0.32
0.62,0.59
0.58,0.65
0.59,0.63
0.58,0.53
0.57,0.38
0.55,0.21
0.53,0.05
0.71,0.24
0.98,0.67
0.42,0.3
0.75,0.56
0.69,0.59
0.7,0.57
0.68,0.48
0.66,0.34
0.65,0.19
0.63,0.05
0.73,0.14
0.96,0.5
0.61,0.28
0.85,0.49
0.78,0.49
0.79,0.46
0.77,0.38
0.76,0.27
0.75,0.16
0.74,0.05
0.76,0.06
0.98,0.31
0.82,0.23
0.93,0.34
0.88,0.31
0.89,0.29
0.88,0.25
0.87,0.19
0.86,0.12
0.88,0.06
1.07,0.08
0.93,0.08
0.95,0.08
0.94,0.09
0.89,0.06
0.88,0.04
0.93,0.06
0.95,0.05
0.91,0.03
1.04,0.06
-1.09,-0.09
-0.92,-0.09
-0.96,-0.09
-0.92,-0.09
-0.87,-0.05
-0.89,-0.05
-0.94,-0.06
-0.93,-0.04
-0.93,-0.03
-1.05,-0.06
-0.79,-0.08
-0.99,-0.34
-0.82,-0.26
-0.94,-0.38
-0.87,-0.34
-0.89,-0.31
-0.87,-0.25
-0.86,-0.18
-0.86,-0.11
-0.86,-0.05
-0.68,-0.14
-0.96,-0.53
-0.61,-0.33
-0.87,-0.57
-0.78,-0.54
-0.79,-0.5
-0.77,-0.39
-0.76,-0.26
-0.74,-0.14
-0.73,-0.04
-0.75,-0.28
-0.98,-0.72
-0.41,-0.37
-0.78,-0.68
-0.7,-0.68
-0.7,-0.62
-0.68,-0.49
-0.66,-0.33
-0.65,-0.18
-0.63,-0.04
-0.53,-0.27
-0.91,-0.8
-0.28,-0.4
-0.65,-0.73
-0.59,-0.75
-0.59,-0.69
-0.57,-0.56
-0.56,-0.38
-0.54,-0.2
-0.53,-0.05
-0.46,-0.3
-0.72,-0.8
-0.14,-0.46
-0.54,-0.8
-0.45,-0.79
-0.47,-0.73
-0.46,-0.59
-0.45,-0.4
-0.44,-0.21
-0.43,-0.05
-0.42,-0.39
-0.54,-0.89
-0.09,-0.68
-0.41,-0.96
-0.28,-0.88
-0.33,-0.8
-0.32,-0.63
-0.33,-0.43
-0.33,-0.22
-0.31,-0.04
-0.45,-0.55
-0.51,-1.17
-0.19,-1.15
-0.33,-1.31
-0.24,-1.18
-0.24,-1.01
-0.22,-0.79
-0.2,-0.52
-0.22,-0.25
-0.22,-0.06
-0.45,-0.64
-0.62,-1.36
-0.59,-1.6
-0.62,-1.73
-0.51,-1.53
-0.41,-1.3
-0.36,-1.1
-0.2,-0.71
-0.12,-0.31
-0.12,-0.07
-0.53,-0.44
-0.33,-0.7
-0.48,-0.93
-0.87,-1.18
-0.44,-0.92
-0.38,-0.83
-0.94,-1.04
-0.72,-0.78
-0.18,-0.3
-0.04,-0.06
0.53,0.44
0.33,0.7
0.48,0.93
0.87,1.18
0.44,0.92
0.38,0.83
0.94,1.04
0.72,0.78
0.18,0.3
0.04,0.06
0.45,0.64
0.62,1.36
0.59,1.6
0.63,1.73
0.51,1.53
0.41,1.3
0.36,1.1
0.2,0.71
0.12,0.31
0.12,0.07
0.45,0.55
0.51,1.17
0.19,1.15
0.33,1.31
0.24,1.18
0.24,1.01
0.22,0.79
0.2,0.52
0.22,0.25
0.22,0.06
0.42,0.39
0.54,0.89
0.09,0.68
0.41,0.96
0.28,0.88
0.33,0.8
0.32,0.63
0.33,0.43
0.33,0.22
0.31,0.04
0.46,0.3
0.72,0.8
0.14,0.46
0.54,0.8
0.45,0.79
0.47,0.73
0.46,0.59
0.45,0.4
0.44,0.21
0.43,0.05
0.53,0.27
0.91,0.8
0.28,0.4
0.65,0.73
0.59,0.75
0.59,0.69
0.57,0.56
0.56,0.38
0.54,0.2
0.53,0.05
0.75,0.28
0.98,0.72
0.41,0.37
0.78,0.68
0.7,0.68
0.7,0.62
0.68,0.49
0.66,0.33
0.65,0.18
0.63,0.04
0.68,0.14
0.96,0.53
0.61,0.33
0.87,0.57
0.78,0.54
0.79,0.5
0.77,0.39
0.76,0.26
0.74,0.14
0.73,0.04
0.79,0.08
0.99,0.34
0.82,0.26
0.94,0.38
0.87,0.34
0.89,0.31
0.87,0.25
0.86,0.18
0.86,0.11
0.86,0.05
1.09,0.09
0.92,0.09
0.96,0.09
0.92,0.09
0.87,0.05
0.89,0.05
0.94,0.06
0.93,0.04
0.93,0.03
1.05,0.06
-1.11,-0.11
-0.91,-0.09
-0.95,-0.1
-0.89,-0.08
-0.86,-0.05
-0.91,-0.06
-0.93,-0.06
-0.91,-0.03
-0.94,-0.03
-1.06,-0.06
-0.83,-0.11
-0.98,-0.36
-0.83,-0.3
-0.95,-0.41
-0.87,-0.35
-0.89,-0.32
-0.87,-0.24
-0.86,-0.16
-0.86,-0.09
-0.85,-0.03
-0.64,-0.13
-0.97,-0.57
-0.61,-0.39
-0.89,-0.64
-0.78,-0.58
-0.79,-0.51
-0.76,-0.38
-0.75,-0.24
-0.74,-0.12
-0.73,-0.03
-0.75,-0.3
-0.97,-0.78
-0.41,-0.45
-0.81,-0.79
-0.7,-0.74
-0.69,-0.64
-0.67,-0.48
-0.65,-0.31
-0.64,-0.15
-0.63,-0.04
-0.62,-0.34
-0.91,-0.88
-0.29,-0.51
-0.69,-0.86
-0.59,-0.83
-0.59,-0.72
-0.57,-0.55
-0.55,-0.35
-0.54,-0.18
-0.53,-0.04
-0.51,-0.35
-0.73,-0.87
-0.16,-0.56
-0.59,-0.94
-0.44,-0.87
-0.46,-0.77
-0.45,-0.59
-0.44,-0.39
-0.43,-0.2
-0.43,-0.05
-0.41,-0.39
-0.52,-0.89
-0.09,-0.74
-0.46,-1.09
-0.27,-0.97
-0.33,-0.86
-0.31,-0.67
-0.31,-0.44
-0.32,-0.22
-0.31,-0.04
-0.43,-0.52
-0.44,-1.1
-0.15,-1.12
-0.35,-1.38
-0.25,-1.28
-0.25,-1.11
-0.23,-0.88
-0.2,-0.6
-0.2,-0.3
-0.22,-0.07
-0.4,-0.6
-0.63,-1.33
-0.59,-1.55
-0.63,-1.75
-0.55,-1.66
-0.43,-1.39
-0.4,-1.21
-0.31,-0.92
-0.14,-0.45
-0.1,-0.1
-0.56,-0.46
-0.47,-0.75
-0.22,-0.77
-0.68,-1.08
-0.76,-1.11
-0.28,-0.82
-0.66,-0.94
-0.97,-0.99
-0.42,-0.51
-0.06,-0.11
0.56,0.46
0.47,0.75
0.22,0.77
0.68,1.08
0.76,1.11
0.28,0.82
0.66,0.94
0.97,0.99
0.42,0.51
0.06,0.11
0.4,0.6
0.63,1.33
0.59,1.55
0.63,1.75
0.55,1.66
0.43,1.39
0.4,1.21
0.31,0.92
0.14,0.45
0.1,0.1
0.43,0.52
0.44,1.1
0.15,1.12
0.35,1.38
0.25,1.28
0.25,1.11
0.23,0.88
0.2,0.6
0.2,0.3
0.22,0.07
0.41,0.39
0.52,0.89
0.09,0.74
0.46,1.09
0.27,0.97
0.33,0.86
0.31,0.67
0.31,0.44
0.32,0.22
0.31,0.04
0.51,0.35
0.73,0.87
0.16,0.56
0.59,0.94
0.44,0.87
0.46,0.77
0.45,0.59
0.44,0.39
0.43,0.2
0.43,0.04
0.62,0.34
0.91,0.88
0.29,0.51
0.69,0.86
0.59,0.83
0.59,0.72
0.57,0.55
0.55,0.35
0.54,0.18
0.53,0.04
0.75,0.3
0.97,0.78
0.41,0.45
0.81,0.79
0.7,0.74
0.69,0.64
0.67,0.48
0.65,0.31
0.64,0.15
0.63,0.04
0.64,0.13
0.97,0.57
0.61,0.39
0.89,0.64
0.78,0.58
0.79,0.51
0.76,0.38
0.75,0.24
0.74,0.12
0.73,0.03
0.83,0.11
0.98,0.36
0.83,0.3
0.95,0.41
0.87,0.35
0.89,0.32
0.87,0.24
0.86,0.16
0.86,0.09
0.85,0.03
1.11,0.11
0.91,0.09
0.95,0.1
0.89,0.08
0.86,0.05
0.91,0.06
0.93,0.06
0.91,0.03
0.94,0.03
1.06,0.06
-1.1,-0.11
-0.89,-0.08
-0.94,-0.09
-0.86,-0.06
-0.86,-0.04
-0.92,-0.06
-0.92,-0.04
-0.91,-0.02
-0.96,-0.04
-1.05,-0.05
-0.89,-0.15
-0.98,-0.38
-0.83,-0.33
-0.96,-0.43
-0.86,-0.35
-0.89,-0.31
-0.86,-0.22
-0.86,-0.13
-0.86,-0.08
-0.83,-0.02
-0.62,-0.14
-0.98,-0.6
-0.62,-0.45
-0.91,-0.7
-0.76,-0.59
-0.79,-0.49
-0.75,-0.34
-0.74,-0.2
-0.74,-0.1
-0.73,-0.02
-0.7,-0.3
-0.97,-0.82
-0.41,-0.52
-0.84,-0.87
-0.69,-0.76
-0.69,-0.63
-0.66,-0.44
-0.64,-0.26
-0.64,-0.13
-0.64,-0.03
-0.67,-0.4
-0.92,-0.96
-0.3,-0.61
-0.73,-0.98
-0.58,-0.87
-0.58,-0.71
-0.55,-0.51
-0.54,-0.31
-0.53,-0.15
-0.54,-0.04
-0.58,-0.43
-0.75,-0.96
-0.18,-0.68
-0.63,-1.06
-0.43,-0.92
-0.45,-0.77
-0.43,-0.56
-0.42,-0.35
-0.42,-0.17
-0.43,-0.04
-0.44,-0.43
-0.53,-0.94
-0.11,-0.82
-0.51,-1.19
-0.25,-1.02
-0.32,-0.9
-0.3,-0.68
-0.29,-0.45
-0.3,-0.22
-0.31,-0.05
-0.43,-0.51
-0.38,-1.06
-0.11,-1.12
-0.38,-1.44
-0.27,-1.36
-0.27,-1.2
-0.25,-0.96
-0.22,-0.69
-0.19,-0.36
-0.21,-0.09
-0.36,-0.57
-0.59,-1.31
-0.58,-1.53
-0.63,-1.73
-0.6,-1.75
-0.45,-1.5
-0.42,-1.28
-0.39,-1.07
-0.21,-0.63
-0.1,-0.15
-0.51,-0.45
-0.66,-0.84
-0.28,-0.78
-0.29,-0.86
-0.82,-1.14
-0.51,-0.94
-0.35,-0.82
-0.94,-1.02
-0.75,-0.76
-0.14,-0.2
0.51,0.45
0.66,0.84
0.28,0.78
0.29,0.86
0.82,1.14
0.51,0.94
0.35,0.81
0.94,1.02
0.75,0.76
0.14,0.2
0.36,0.57
0.59,1.31
0.58,1.53
0.63,1.73
0.6,1.75
0.45,1.5
0.42,1.28
0.39,1.07
0.21,0.63
0.1,0.15
0.43,0.51
0.38,1.06
0.11,1.12
0.38,1.44
0.27,1.36
0.27,1.19
0.25,0.96
0.22,0.69
0.19,0.36
0.21,0.09
0.44,0.43
0.53,0.94
0.11,0.82
0.51,1.19
0.25,1.02
0.32,0.9
0.3,0.68
0.29,0.45
0.3,0.22
0.31,0.05
0.58,0.43
0.75,0.96
0.18,0.68
0.63,1.06
0.43,0.92
0.45,0.77
0.43,0.56
0.42,0.35
0.42,0.17
0.43,0.04
0.66,0.4
0.92,0.96
0.3,0.61
0.73,0.98
0.58,0.87
0.58,0.71
0.55,0.51
0.54,0.31
0.53,0.15
0.54,0.04
0.7,0.3
0.97,0.82
0.41,0.52
0.84,0.87
0.69,0.76
0.69,0.63
0.66,0.44
0.64,0.27
0.64,0.13
0.64,0.03
0.62,0.14
0.98,0.6
0.62,0.45
0.91,0.7
0.76,0.59
0.79,0.49
0.75,0.34
0.74,0.2
0.74,0.1
0.73,0.02
0.89,0.14
0.98,0.38
0.83,0.33
0.96,0.43
0.86,0.35
0.89,0.31
0.86,0.22
0.86,0.14
0.86,0.08
0.83,0.02
1.1,0.11
0.89,0.08
0.94,0.09
0.86,0.06
0.86,0.04
0.92,0.06
0.92,0.04
0.91,0.02
0.96,0.04
1.05,0.05
-1.06,-0.09
-0.88,-0.07
-0.93,-0.08
-0.83,-0.04
-0.87,-0.04
-0.92,-0.05
-0.9,-0.02
-0.92,-0.02
-0.98,-0.04
-1.03,-0.04
-0.94,-0.18
-0.97,-0.39
-0.84,-0.35
-0.96,-0.44
-0.85,-0.33
-0.89,-0.28
-0.86,-0.18
-0.86,-0.11
-0.86,-0.06
-0.81,-0.0
-0.65,-0.16
-0.98,-0.63
-0.63,-0.49
-0.93,-0.73
-0.75,-0.56
-0.78,-0.45
-0.74,-0.29
-0.74,-0.16
-0.73,-0.07
-0.74,-0.02
-0.64,-0.28
-0.97,-0.84
-0.42,-0.58
-0.87,-0.93
-0.67,-0.75
-0.68,-0.58
-0.65,-0.38
-0.64,-0.22
-0.63,-0.1
-0.65,-0.03
-0.65,-0.42
-0.93,-1.01
-0.31,-0.69
-0.76,-1.05
-0.56,-0.86
-0.57,-0.67
-0.54,-0.45
-0.53,-0.26
-0.53,-0.12
-0.54,-0.03
-0.65,-0.51
-0.77,-1.06
-0.21,-0.79
-0.66,-1.16
-0.4,-0.92
-0.44,-0.75
-0.41,-0.52
-0.41,-0.32
-0.41,-0.15
-0.43,-0.04
-0.51,-0.5
-0.56,-1.03
-0.14,-0.91
-0.53,-1.28
-0.23,-1.05
-0.32,-0.92
-0.28,-0.68
-0.28,-0.45
-0.29,-0.23
-0.31,-0.06
-0.47,-0.55
-0.34,-1.05
-0.08,-1.13
-0.4,-1.5
-0.28,-1.42
-0.29,-1.27
-0.26,-1.02
-0.24,-0.76
-0.19,-0.45
-0.21,-0.12
-0.36,-0.56
-0.53,-1.27
-0.53,-1.53
-0.63,-1.73
-0.64,-1.77
-0.51,-1.61
-0.44,-1.35
-0.44,-1.16
-0.33,-0.82
-0.11,-0.24
-0.4,-0.4
-0.68,-0.87
-0.59,-0.94
-0.14,-0.78
-0.5,-0.97
-0.75,-1.07
-0.28,-0.79
-0.65,-0.91
-1.0,-0.94
-0.33,-0.33
0.4,0.4
0.68,0.87
0.59,0.94
0.14,0.78
0.5,0.97
0.75,1.06
0.28,0.79
0.65,0.91
1.0,0.94
0.33,0.33
0.36,0.56
0.53,1.27
0.53,1.53
0.63,1.73
0.64,1.77
0.51,1.61
0.44,1.35
0.44,1.16
0.33,0.82
0.11,0.24
0.47,0.55
0.34,1.05
0.08,1.13
0.4,1.5
0.28,1.42
0.29,1.27
0.26,1.02
0.24,0.76
0.19,0.45
0.21,0.12
0.51,0.5
0.56,1.03
0.14,0.91
0.53,1.28
0.23,1.05
0.32,0.92
0.28,0.68
0.28,0.45
0.29,0.23
0.31,0.06
0.65,0.51
0.77,1.06
0.21,0.79
0.66,1.16
0.4,0.92
0.44,0.75
0.41,0.52
0.41,0.32
0.41,0.15
0.43,0.04
0.65,0.42
0.93,1.01
0.31,0.69
0.76,1.05
0.56,0.86
0.57,0.67
0.54,0.45
0.53,0.26
0.53,0.12
0.54,0.03
0.64,0.28
0.97,0.84
0.42,0.58
0.87,0.93
0.67,0.75
0.68,0.58
0.65,0.38
0.64,0.22
0.63,0.1
0.65,0.03
0.65,0.16
0.98,0.63
0.63,0.49
0.93,0.73
0.75,0.56
0.78,0.45
0.74,0.29
0.74,0.16
0.73,0.07
0.74,0.02
0.94,0.18
0.97,0.39
0.84,0.35
0.96,0.44
0.85,0.33
0.89,0.28
0.86,0.18
0.86,0.11
0.86,0.06
0.81,0.0
1.06,0.09
0.88,0.07
0.93,0.08
0.83,0.05
0.87,0.04
0.92,0.05
0.9,0.02
0.92,0.02
0.98,0.04
1.03,0.04
-1.0,-0.06
-0.86,-0.06
-0.91,-0.07
-0.81,-0.03
-0.88,-0.03
-0.91,-0.03
-0.89,-0.0
-0.94,-0.02
-1.0,-0.05
-1.0,-0.03
-0.96,-0.19
-0.96,-0.39
-0.85,-0.35
-0.96,-0.43
-0.83,-0.29
-0.89,-0.24
-0.85,-0.14
-0.86,-0.09
-0.86,-0.05
-0.8,0.01
-0.7,-0.2
-0.97,-0.65
-0.65,-0.52
-0.94,-0.74
-0.72,-0.51
-0.77,-0.39
-0.73,-0.23
-0.73,-0.13
-0.73,-0.06
-0.76,-0.02
-0.61,-0.27
-0.96,-0.86
-0.43,-0.62
-0.9,-0.96
-0.64,-0.69
-0.66,-0.51
-0.64,-0.31
-0.63,-0.17
-0.64,-0.08
-0.65,-0.03
-0.59,-0.4
-0.93,-1.05
-0.32,-0.75
-0.79,-1.1
-0.53,-0.81
-0.55,-0.6
-0.52,-0.38
-0.52,-0.21
-0.53,-0.1
-0.54,-0.03
-0.67,-0.54
-0.79,-1.14
-0.23,-0.88
-0.68,-1.21
-0.36,-0.88
-0.43,-0.71
-0.39,-0.47
-0.4,-0.29
-0.41,-0.14
-0.44,-0.04
-0.57,-0.58
-0.6,-1.12
-0.18,-1.01
-0.55,-1.35
-0.21,-1.06
-0.33,-0.93
-0.27,-0.69
-0.28,-0.47
-0.28,-0.26
-0.32,-0.08
-0.53,-0.61
-0.32,-1.07
-0.07,-1.17
-0.43,-1.56
-0.29,-1.47
-0.32,-1.35
-0.28,-1.1
-0.25,-0.84
-0.22,-0.55
-0.22,-0.18
-0.43,-0.59
-0.47,-1.21
-0.46,-1.52
-0.61,-1.77
-0.67,-1.8
-0.56,-1.7
-0.47,-1.45
-0.47,-1.23
-0.46,-0.99
-0.2,-0.36
-0.35,-0.37
-0.5,-0.78
-0.81,-1.07
-0.41,-0.93
-0.17,-0.82
-0.7,-1.04
-0.46,-0.88
-0.32,-0.77
-1.01,-0.98
-0.59,-0.48
0.34,0.37
0.5,0.78
0.81,1.07
0.41,0.93
0.17,0.82
0.7,1.04
0.46,0.88
0.32,0.77
1.01,0.98
0.59,0.48
0.43,0.59
0.47,1.21
0.46,1.52
0.61,1.77
0.67,1.8
0.56,1.7
0.47,1.45
0.47,1.23
0.46,0.99
0.2,0.36
0.53,0.6
0.32,1.07
0.07,1.17
0.43,1.56
0.29,1.47
0.32,1.35
0.28,1.1
0.25,0.84
0.22,0.55
0.22,0.18
0.57,0.58
0.6,1.12
0.18,1.01
0.55,1.35
0.21,1.06
0.33,0.93
0.27,0.69
0.28,0.47
0.28,0.26
0.32,0.08
0.67,0.54
0.79,1.14
0.23,0.88
0.68,1.21
0.36,0.88
0.43,0.71
0.39,0.47
0.4,0.29
0.41,0.14
0.44,0.04
0.59,0.4
0.93,1.05
0.32,0.75
0.79,1.1
0.53,0.81
0.55,0.6
0.52,0.38
0.52,0.21
0.53,0.1
0.54,0.03
0.61,0.27
0.96,0.86
0.43,0.62
0.9,0.96
0.64,0.69
0.66,0.51
0.64,0.31
0.63,0.17
0.64,0.08
0.65,0.03
0.7,0.2
0.97,0.65
0.65,0.52
0.94,0.74
0.72,0.51
0.77,0.39
0.73,0.23
0.73,0.13
0.73,0.06
0.76,0.02
0.96,0.19
0.96,0.39
0.85,0.35
0.96,0.43
0.83,0.29
0.89,0.24
0.85,0.14
0.86,0.09
0.86,0.05
0.8,-0.01
1.0,0.06
0.86,0.06
0.91,0.07
0.81,0.03
0.88,0.03
0.91,0.03
0.89,0.0
0.94,0.02
1.0,0.05
1.0,0.03
-0.93,-0.03
-0.87,-0.04
-0.89,-0.05
-0.8,-0.01
-0.89,-0.02
-0.9,-0.02
-0.89,0.0
-0.96,-0.03
-1.0,-0.04
-0.97,-0.02
-0.93,-0.17
-0.95,-0.37
-0.87,-0.35
-0.96,-0.41
-0.82,-0.24
-0.89,-0.2
-0.85,-0.11
-0.86,-0.08
-0.86,-0.05
-0.81,0.01
-0.76,-0.23
-0.97,-0.65
-0.66,-0.53
-0.95,-0.72
-0.69,-0.43
-0.77,-0.32
-0.73,-0.18
-0.73,-0.1
-0.74,-0.05
-0.77,-0.03
-0.64,-0.29
-0.95,-0.87
-0.44,-0.64
-0.92,-0.95
-0.61,-0.6
-0.65,-0.43
-0.63,-0.25
-0.63,-0.14
-0.64,-0.07
-0.66,-0.04
-0.54,-0.37
-0.93,-1.07
-0.32,-0.78
-0.81,-1.1
-0.49,-0.72
-0.54,-0.53
-0.51,-0.32
-0.51,-0.19
-0.53,-0.1
-0.55,-0.04
-0.62,-0.53
-0.81,-1.19
-0.25,-0.93
-0.69,-1.23
-0.31,-0.83
-0.42,-0.67
-0.37,-0.44
-0.39,-0.28
-0.4,-0.16
-0.45,-0.07
-0.6,-0.62
-0.65,-1.21
-0.22,-1.09
-0.54,-1.38
-0.19,-1.06
-0.34,-0.96
-0.26,-0.72
-0.28,-0.52
-0.28,-0.32
-0.34,-0.13
-0.58,-0.66
-0.32,-1.11
-0.07,-1.19
-0.44,-1.61
-0.31,-1.53
-0.34,-1.43
-0.3,-1.2
-0.28,-0.95
-0.27,-0.68
-0.27,-0.28
-0.53,-0.66
-0.47,-1.19
-0.36,-1.44
-0.57,-1.81
-0.67,-1.86
-0.61,-1.76
-0.51,-1.56
-0.48,-1.32
-0.55,-1.13
-0.39,-0.53
-0.4,-0.38
-0.3,-0.65
-0.64,-0.98
-0.82,-1.16
-0.22,-0.88
-0.43,-0.93
-0.66,-0.98
-0.16,-0.7
-0.78,-0.89
-0.79,-0.58
0.4,0.38
0.3,0.65
0.64,0.98
0.82,1.16
0.22,0.89
0.43,0.93
0.66,0.98
0.16,0.7
0.78,0.89
0.79,0.58
0.53,0.66
0.47,1.19
0.36,1.44
0.57,1.81
0.67,1.86
0.61,1.76
0.51,1.56
0.48,1.32
0.55,1.13
0.39,0.53
0.58,0.66
0.32,1.11
0.07,1.19
0.44,1.61
0.31,1.53
0.34,1.43
0.3,1.2
0.28,0.95
0.27,0.68
0.27,0.28
0.6,0.62
0.65,1.21
0.22,1.09
0.54,1.38
0.19,1.06
0.34,0.96
0.26,0.72
0.28,0.52
0.28,0.32
0.34,0.13
0.62,0.53
0.81,1.19
0.25,0.93
0.69,1.23
0.31,0.83
0.42,0.67
0.37,0.44
0.39,0.28
0.4,0.16
0.45,0.07
0.54,0.37
0.93,1.07
0.32,0.78
0.81,1.1
0.49,0.72
0.54,0.53
0.51,0.32
0.51,0.19
0.53,0.1
0.55,0.04
0.64,0.29
0.95,0.87
0.44,0.64
0.92,0.95
0.61,0.61
0.65,0.43
0.63,0.25
0.63,0.14
0.64,0.07
0.66,0.04
0.76,0.23
0.97,0.65
0.66,0.53
0.95,0.72
0.69,0.43
0.77,0.32
0.73,0.18
0.73,0.1
0.74,0.05
0.77,0.03
0.93,0.17
0.95,0.37
0.86,0.35
0.96,0.41
0.82,0.24
0.89,0.2
0.85,0.11
0.86,0.08
0.86,0.05
0.81,-0.01
0.93,0.03
0.87,0.04
0.89,0.05
0.8,0.01
0.89,0.02
0.9,0.02
0.89,-0.0
0.96,0.03
1.0,0.04
0.97,0.02
-0.88,0.01
-0.88,-0.03
-0.87,-0.03
-0.79,0.01
-0.9,-0.01
-0.89,-0.01
-0.91,-0.01
-0.99,-0.05
-0.98,-0.04
-0.95,-0.01
-0.87,-0.12
-0.94,-0.35
-0.88,-0.34
-0.96,-0.38
-0.79,-0.19
-0.9,-0.17
-0.84,-0.1
-0.86,-0.08
-0.86,-0.05
-0.82,-0.0
-0.78,-0.23
-0.96,-0.64
-0.68,-0.52
-0.95,-0.68
-0.65,-0.34
-0.77,-0.27
-0.72,-0.15
-0.73,-0.09
-0.74,-0.06
-0.79,-0.05
-0.69,-0.32
-0.94,-0.87
-0.45,-0.63
-0.93,-0.92
-0.57,-0.5
-0.65,-0.36
-0.62,-0.21
-0.63,-0.13
-0.64,-0.09
-0.67,-0.05
-0.54,-0.37
-0.93,-1.08
-0.32,-0.78
-0.83,-1.08
-0.44,-0.62
-0.53,-0.46
-0.5,-0.29
-0.51,-0.19
-0.53,-0.13
-0.57,-0.07
-0.56,-0.51
-0.82,-1.22
-0.26,-0.96
-0.69,-1.21
-0.27,-0.76
-0.42,-0.65
-0.36,-0.44
-0.39,-0.32
-0.4,-0.22
-0.47,-0.11
-0.59,-0.63
-0.71,-1.29
-0.26,-1.14
-0.52,-1.38
-0.17,-1.06
-0.36,-1.01
-0.25,-0.78
-0.28,-0.61
-0.29,-0.44
-0.39,-0.22
-0.59,-0.69
-0.34,-1.16
-0.08,-1.2
-0.45,-1.62
-0.32,-1.59
-0.37,-1.53
-0.33,-1.33
-0.31,-1.1
-0.33,-0.86
-0.39,-0.43
-0.61,-0.73
-0.5,-1.21
-0.31,-1.34
-0.51,-1.77
-0.66,-1.94
-0.63,-1.85
-0.56,-1.7
-0.49,-1.43
-0.6,-1.25
-0.59,-0.7
-0.53,-0.45
-0.32,-0.63
-0.26,-0.75
-0.84,-1.17
-0.63,-1.12
-0.23,-0.9
-0.71,-1.04
-0.22,-0.74
-0.48,-0.75
-0.81,-0.59
0.53,0.45
0.32,0.63
0.26,0.74
0.84,1.17
0.63,1.12
0.23,0.9
0.71,1.04
0.22,0.74
0.48,0.75
0.81,0.59
0.61,0.72
0.5,1.21
0.31,1.34
0.51,1.77
0.66,1.94
0.63,1.85
0.56,1.7
0.49,1.43
0.6,1.25
0.6,0.7
0.59,0.69
0.34,1.16
0.08,1.2
0.45,1.62
0.32,1.59
0.37,1.53
0.33,1.33
0.31,1.1
0.33,0.86
0.39,0.43
0.59,0.63
0.71,1.29
0.26,1.14
0.52,1.38
0.17,1.06
0.36,1.01
0.25,0.78
0.28,0.61
0.29,0.44
0.39,0.22
0.56,0.51
0.82,1.22
0.26,0.96
0.69,1.21
0.27,0.76
0.42,0.65
0.36,0.44
0.39,0.32
0.4,0.22
0.47,0.11
0.54,0.37
0.93,1.08
0.32,0.78
0.83,1.08
0.44,0.62
0.53,0.46
0.5,0.29
0.51,0.19
0.53,0.13
0.57,0.07
0.69,0.32
0.94,0.87
0.45,0.63
0.93,0.92
0.57,0.5
0.65,0.36
0.62,0.21
0.63,0.13
0.64,0.09
0.67,0.05
0.78,0.23
0.96,0.64
0.68,0.52
0.95,0.68
0.65,0.34
0.77,0.27
0.72,0.15
0.73,0.09
0.74,0.06
0.79,0.05
0.87,0.12
0.94,0.35
0.88,0.34
0.96,0.38
0.79,0.19
0.9,0.17
0.84,0.1
0.86,0.08
0.86,0.05
0.82,0.0
0.88,-0.01
0.88,0.03
0.87,0.03
0.79,-0.01
0.9,0.01
0.89,0.01
0.91,0.01
0.99,0.05
0.98,0.04
0.95,0.01
-0.85,0.03
-0.89,-0.03
-0.84,-0.01
-0.79,0.01
-0.91,-0.01
-0.9,-0.01
-0.94,-0.02
-1.0,-0.06
-0.96,-0.03
-0.94,-0.0
-0.79,-0.07
-0.95,-0.32
-0.88,-0.32
-0.96,-0.34
-0.77,-0.14
-0.9,-0.15
-0.84,-0.1
-0.86,-0.09
-0.86,-0.07
-0.84,-0.03
-0.74,-0.2
-0.96,-0.61
-0.69,-0.5
-0.95,-0.63
-0.61,-0.26
-0.77,-0.23
-0.72,-0.14
-0.74,-0.11
-0.74,-0.09
-0.81,-0.07
-0.73,-0.33
-0.93,-0.85
-0.46,-0.61
-0.94,-0.87
-0.52,-0.4
-0.65,-0.32
-0.62,-0.21
-0.63,-0.16
-0.65,-0.13
-0.68,-0.08
-0.59,-0.4
-0.92,-1.07
-0.32,-0.76
-0.83,-1.03
-0.38,-0.53
-0.53,-0.44
-0.49,-0.3
-0.52,-0.25
-0.53,-0.19
-0.59,-0.12
-0.53,-0.49
-0.83,-1.23
-0.27,-0.96
-0.68,-1.17
-0.23,-0.7
-0.43,-0.66
-0.34,-0.49
-0.39,-0.42
-0.41,-0.33
-0.52,-0.2
-0.55,-0.62
-0.77,-1.35
-0.28,-1.17
-0.49,-1.35
-0.17,-1.06
-0.38,-1.08
-0.24,-0.88
-0.3,-0.77
-0.32,-0.62
-0.49,-0.36
-0.55,-0.69
-0.38,-1.22
-0.1,-1.22
-0.46,-1.6
-0.32,-1.61
-0.4,-1.63
-0.35,-1.49
-0.34,-1.3
-0.42,-1.09
-0.57,-0.63
-0.62,-0.76
-0.53,-1.27
-0.32,-1.31
-0.44,-1.64
-0.64,-1.95
-0.64,-1.95
-0.62,-1.85
-0.49,-1.58
-0.6,-1.35
-0.71,-0.81
-0.64,-0.53
-0.53,-0.75
-0.12,-0.63
-0.4,-0.9
-0.91,-1.25
-0.33,-1.01
-0.65,-1.08
-0.42,-0.87
-0.27,-0.67
-0.64,-0.52
0.64,0.52
0.53,0.75
0.12,0.63
0.4,0.9
0.91,1.25
0.33,1.01
0.65,1.08
0.41,0.87
0.27,0.67
0.64,0.52
0.62,0.76
0.53,1.27
0.32,1.31
0.44,1.64
0.64,1.95
0.64,1.95
0.62,1.85
0.49,1.58
0.6,1.35
0.71,0.81
0.55,0.69
0.38,1.22
0.1,1.22
0.46,1.6
0.32,1.61
0.4,1.63
0.35,1.49
0.34,1.3
0.42,1.09
0.57,0.63
0.55,0.62
0.77,1.35
0.29,1.17
0.49,1.35
0.17,1.06
0.38,1.08
0.24,0.88
0.3,0.77
0.32,0.62
0.49,0.36
0.53,0.49
0.83,1.23
0.27,0.96
0.68,1.17
0.23,0.7
0.43,0.66
0.34,0.49
0.39,0.42
0.41,0.33
0.52,0.2
0.59,0.4
0.92,1.07
0.32,0.76
0.83,1.03
0.38,0.53
0.53,0.44
0.49,0.3
0.52,0.25
0.53,0.19
0.59,0.12
0.73,0.33
0.93,0.85
0.46,0.61
0.94,0.87
0.52,0.4
0.65,0.32
0.62,0.21
0.63,0.16
0.65,0.13
0.68,0.08
0.74,0.2
0.96,0.61
0.69,0.5
0.95,0.63
0.61,0.26
0.77,0.23
0.72,0.14
0.74,0.11
0.74,0.09
0.81,0.07
0.8,0.07
0.95,0.32
0.88,0.32
0.96,0.34
0.77,0.14
0.9,0.15
0.84,0.1
0.86,0.09
0.86,0.07
0.84,0.03
0.85,-0.03
0.89,0.03
0.84,0.01
0.79,-0.02
0.91,0.01
0.9,0.01
0.94,0.02
1.0,0.06
0.96,0.03
0.94,0.0
-0.85,0.04
-0.9,-0.03
-0.81,0.01
-0.81,0.01
-0.93,-0.01
-0.92,-0.03
-0.96,-0.05
-1.0,-0.06
-0.93,-0.02
-0.95,-0.01
-0.74,-0.02
-0.96,-0.31
-0.89,-0.3
-0.96,-0.32
-0.75,-0.1
-0.91,-0.16
-0.84,-0.12
-0.86,-0.12
-0.86,-0.1
-0.88,-0.06
-0.68,-0.14
-0.96,-0.58
-0.7,-0.48
-0.95,-0.59
-0.58,-0.19
-0.78,-0.23
-0.72,-0.17
-0.74,-0.17
-0.75,-0.15
-0.83,-0.11
-0.71,-0.31
-0.91,-0.81
-0.47,-0.58
-0.94,-0.82
-0.47,-0.33
-0.65,-0.32
-0.62,-0.26
-0.64,-0.24
-0.65,-0.21
-0.69,-0.13
-0.64,-0.42
-0.91,-1.05
-0.32,-0.73
-0.83,-0.97
-0.34,-0.46
-0.54,-0.47
-0.49,-0.37
-0.52,-0.36
-0.54,-0.31
-0.63,-0.2
-0.54,-0.5
-0.81,-1.23
-0.27,-0.94
-0.65,-1.12
-0.2,-0.67
-0.45,-0.73
-0.33,-0.6
-0.41,-0.58
-0.42,-0.51
-0.6,-0.34
-0.54,-0.62
-0.82,-1.41
-0.3,-1.2
-0.45,-1.32
-0.18,-1.08
-0.4,-1.17
-0.24,-1.03
-0.34,-0.99
-0.38,-0.86
-0.64,-0.56
-0.51,-0.68
-0.42,-1.29
-0.11,-1.26
-0.47,-1.59
-0.31,-1.61
-0.42,-1.73
-0.38,-1.66
-0.39,-1.52
-0.5,-1.32
-0.69,-0.78
-0.58,-0.75
-0.54,-1.35
-0.31,-1.35
-0.44,-1.57
-0.57,-1.87
-0.64,-2.01
-0.65,-1.98
-0.52,-1.75
-0.55,-1.42
-0.63,-0.79
-0.65,-0.56
-0.74,-0.92
-0.37,-0.76
0.0,-0.66
-0.74,-1.11
-0.52,-1.11
-0.57,-1.11
-0.64,-1.04
-0.27,-0.7
-0.42,-0.42
0.65,0.56
0.74,0.92
0.37,0.76
-0.0,0.66
0.74,1.11
0.52,1.11
0.57,1.11
0.63,1.04
0.27,0.7
0.42,0.42
0.58,0.75
0.54,1.35
0.31,1.35
0.44,1.57
0.57,1.87
0.64,2.01
0.65,1.98
0.52,1.75
0.55,1.42
0.63,0.79
0.51,0.68
0.42,1.29
0.11,1.26
0.47,1.59
0.31,1.61
0.42,1.73
0.38,1.66
0.39,1.52
0.5,1.32
0.69,0.78
0.54,0.62
0.82,1.41
0.3,1.2
0.45,1.32
0.18,1.08
0.4,1.17
0.24,1.03
0.34,0.99
0.38,0.86
0.64,0.56
0.54,0.5
0.81,1.23
0.27,0.94
0.65,1.12
0.2,0.68
0.45,0.73
0.33,0.6
0.41,0.58
0.42,0.51
0.6,0.34
0.64,0.42
0.91,1.05
0.32,0.73
0.83,0.97
0.34,0.46
0.54,0.47
0.49,0.38
0.52,0.36
0.54,0.31
0.63,0.2
0.71,0.31
0.91,0.81
0.47,0.58
0.94,0.82
0.47,0.33
0.66,0.32
0.62,0.26
0.64,0.24
0.65,0.21
0.69,0.13
0.68,0.14
0.96,0.58
0.7,0.48
0.95,0.59
0.58,0.19
0.78,0.23
0.72,0.17
0.74,0.17
0.75,0.15
0.83,0.11
0.74,0.02
0.96,0.31
0.89,0.3
0.96,0.32
0.75,0.1
0.91,0.16
0.84,0.12
0.86,0.12
0.86,0.1
0.88,0.06
0.85,-0.04
0.9,0.03
0.81,-0.01
0.81,-0.01
0.93,0.01
0.92,0.03
0.96,0.05
1.0,0.06
0.93,0.02
0.95,0.01
-0.87,0.03
-0.91,-0.03
-0.79,0.02
-0.85,-0.01
-0.96,-0.04
-0.94,-0.06
-0.98,-0.08
-0.97,-0.07
-0.91,-0.02
-0.98,-0.04
-0.72,-0.0
-0.97,-0.31
-0.89,-0.3
-0.95,-0.31
-0.73,-0.1
-0.92,-0.2
-0.84,-0.17
-0.87,-0.17
-0.86,-0.14
-0.93,-0.12
-0.62,-0.09
-0.98,-0.57
-0.7,-0.47
-0.94,-0.57
-0.54,-0.17
-0.79,-0.28
-0.72,-0.25
-0.75,-0.25
-0.76,-0.23
-0.85,-0.17
-0.64,-0.25
-0.91,-0.78
-0.48,-0.57
-0.93,-0.79
-0.43,-0.3
-0.67,-0.4
-0.62,-0.36
-0.65,-0.37
-0.66,-0.33
-0.73,-0.21
-0.65,-0.41
-0.89,-1.01
-0.31,-0.7
-0.82,-0.95
-0.3,-0.46
-0.57,-0.57
-0.49,-0.51
-0.54,-0.53
-0.55,-0.48
-0.72,-0.33
-0.56,-0.52
-0.78,-1.21
-0.26,-0.92
-0.63,-1.1
-0.19,-0.71
-0.48,-0.85
-0.33,-0.76
-0.43,-0.81
-0.46,-0.74
-0.74,-0.52
-0.56,-0.65
-0.86,-1.47
-0.3,-1.22
-0.42,-1.32
-0.2,-1.13
-0.41,-1.29
-0.24,-1.2
-0.39,-1.25
-0.46,-1.13
-0.75,-0.71
-0.49,-0.69
-0.47,-1.37
-0.13,-1.33
-0.48,-1.62
-0.3,-1.62
-0.43,-1.81
-0.4,-1.81
-0.43,-1.75
-0.55,-1.5
-0.63,-0.79
-0.53,-0.74
-0.52,-1.39
-0.31,-1.45
-0.44,-1.59
-0.53,-1.79
-0.62,-2.01
-0.68,-2.07
-0.58,-1.91
-0.52,-1.49
-0.45,-0.7
-0.58,-0.53
-0.74,-0.98
-0.82,-1.05
-0.02,-0.69
-0.37,-0.89
-0.55,-1.07
-0.45,-1.08
-0.73,-1.14
-0.45,-0.83
-0.32,-0.38
0.58,0.53
0.74,0.98
0.82,1.05
0.02,0.69
0.37,0.89
0.55,1.07
0.45,1.08
0.73,1.14
0.45,0.83
0.32,0.38
0.53,0.74
0.52,1.39
0.31,1.45
0.44,1.59
0.53,1.79
0.62,2.01
0.68,2.07
0.58,1.91
0.52,1.49
0.45,0.7
0.49,0.69
0.47,1.37
0.13,1.33
0.48,1.62
0.3,1.62
0.43,1.81
0.4,1.81
0.43,1.75
0.55,1.5
0.63,0.79
0.56,0.65
0.86,1.47
0.3,1.22
0.42,1.32
0.2,1.13
0.41,1.29
0.24,1.2
0.39,1.25
0.46,1.13
0.75,0.71
0.56,0.52
0.78,1.21
0.26,0.92
0.63,1.1
0.19,0.71
0.48,0.86
0.33,0.76
0.43,0.81
0.46,0.74
0.74,0.52
0.65,0.41
0.89,1.01
0.31,0.7
0.82,0.95
0.3,0.46
0.57,0.57
0.49,0.51
0.54,0.53
0.55,0.48
0.72,0.33
0.64,0.25
0.91,0.78
0.48,0.57
0.93,0.79
0.43,0.3
0.67,0.4
0.62,0.36
0.65,0.37
0.66,0.33
0.73,0.21
0.62,0.09
0.98,0.57
0.7,0.47
0.94,0.57
0.54,0.17
0.79,0.28
0.72,0.25
0.75,0.25
0.76,0.23
0.85,0.17
0.72,0.0
0.97,0.31
0.89,0.3
0.95,0.31
0.73,0.1
0.92,0.2
0.84,0.17
0.87,0.17
0.86,0.14
0.93,0.12
0.87,-0.03
0.91,0.03
0.79,-0.02
0.85,0.01
0.96,0.04
0.94,0.06
0.98,0.08
0.97,0.07
0.91,0.02
0.98,0.04
-0.89,0.02
-0.9,-0.03
-0.79,0.01
-0.9,-0.05
-0.99,-0.07
-0.96,-0.09
-0.98,-0.1
-0.94,-0.07
-0.9,-0.05
-1.03,-0.08
-0.72,-0.01
-0.98,-0.33
-0.89,-0.32
-0.94,-0.33
-0.72,-0.13
-0.93,-0.27
-0.85,-0.24
-0.87,-0.24
-0.87,-0.22
-0.99,-0.19
-0.59,-0.07
-1.0,-0.59
-0.71,-0.49
-0.93,-0.58
-0.51,-0.2
-0.82,-0.39
-0.73,-0.37
-0.76,-0.38
-0.76,-0.34
-0.88,-0.24
-0.57,-0.2
-0.92,-0.77
-0.49,-0.58
-0.92,-0.8
-0.4,-0.34
-0.71,-0.54
-0.63,-0.52
-0.66,-0.54
-0.66,-0.49
-0.8,-0.33
-0.62,-0.38
-0.88,-0.98
-0.31,-0.69
-0.8,-0.96
-0.28,-0.53
-0.6,-0.74
-0.49,-0.71
-0.55,-0.75
-0.57,-0.7
-0.85,-0.5
-0.56,-0.51
-0.74,-1.18
-0.24,-0.92
-0.61,-1.12
-0.2,-0.81
-0.52,-1.04
-0.33,-0.97
-0.47,-1.06
-0.51,-0.98
-0.83,-0.65
-0.58,-0.67
-0.88,-1.51
-0.28,-1.25
-0.4,-1.36
-0.22,-1.24
-0.43,-1.45
-0.25,-1.4
-0.46,-1.51
-0.53,-1.33
-0.68,-0.72
-0.52,-0.72
-0.52,-1.45
-0.15,-1.41
-0.49,-1.7
-0.29,-1.69
-0.44,-1.91
-0.41,-1.95
-0.48,-1.93
-0.58,-1.61
-0.44,-0.7
-0.52,-0.73
-0.52,-1.41
-0.3,-1.54
-0.41,-1.69
-0.5,-1.8
-0.58,-2.0
-0.68,-2.11
-0.63,-2.01
-0.55,-1.58
-0.34,-0.64
-0.57,-0.51
-0.47,-0.87
-1.04,-1.23
-0.49,-1.0
-0.2,-0.84
-0.47,-1.0
-0.33,-0.99
-0.59,-1.09
-0.64,-0.94
-0.37,-0.41
0.57,0.51
0.47,0.86
1.04,1.23
0.49,1.0
0.2,0.84
0.47,1.0
0.33,0.99
0.59,1.09
0.64,0.94
0.37,0.41
0.52,0.73
0.52,1.41
0.3,1.54
0.41,1.69
0.5,1.8
0.58,2.0
0.68,2.11
0.63,2.01
0.55,1.58
0.34,0.64
0.52,0.72
0.52,1.45
0.15,1.41
0.49,1.7
0.29,1.69
0.44,1.91
0.41,1.95
0.48,1.93
0.58,1.61
0.44,0.7
0.58,0.67
0.88,1.51
0.28,1.25
0.4,1.36
0.22,1.24
0.43,1.45
0.25,1.4
0.46,1.51
0.53,1.33
0.68,0.72
0.56,0.51
0.74,1.18
0.24,0.92
0.61,1.12
0.2,0.81
0.52,1.04
0.33,0.97
0.47,1.06
0.51,0.98
0.83,0.65
0.62,0.38
0.88,0.98
0.31,0.69
0.8,0.96
0.28,0.53
0.6,0.74
0.49,0.71
0.55,0.76
0.57,0.7
0.85,0.5
0.57,0.2
0.92,0.77
0.49,0.58
0.92,0.8
0.4,0.34
0.71,0.54
0.63,0.52
0.66,0.54
0.66,0.49
0.8,0.33
0.59,0.07
1.0,0.59
0.71,0.49
0.93,0.58
0.51,0.2
0.82,0.39
0.73,0.37
0.76,0.38
0.76,0.34
0.88,0.25
0.72,0.01
0.98,0.33
0.89,0.32
0.94,0.33
0.72,0.13
0.93,0.27
0.85,0.24
0.87,0.24
0.87,0.22
0.99,0.19
0.89,-0.02
0.9,0.03
0.79,-0.01
0.9,0.05
0.99,0.07
0.96,0.09
0.98,0.1
0.94,0.07
0.9,0.05
1.03,0.08
-0.92,0.0
-0.9,-0.05
-0.82,-0.03
-0.96,-0.11
-1.01,-0.12
-0.96,-0.13
-0.96,-0.12
-0.92,-0.09
-0.93,-0.1
-1.11,-0.14
-0.74,-0.03
-0.99,-0.36
-0.89,-0.36
-0.93,-0.38
-0.71,-0.19
-0.95,-0.36
-0.84,-0.33
-0.88,-0.34
-0.88,-0.32
-1.06,-0.28
-0.6,-0.08
-1.01,-0.63
-0.71,-0.53
-0.92,-0.63
-0.5,-0.28
-0.85,-0.54
-0.73,-0.51
-0.77,-0.53
-0.77,-0.48
-0.93,-0.35
-0.51,-0.17
-0.94,-0.81
-0.5,-0.63
-0.91,-0.86
-0.39,-0.45
-0.75,-0.74
-0.63,-0.72
-0.67,-0.74
-0.68,-0.66
-0.91,-0.47
-0.57,-0.34
-0.88,-0.98
-0.31,-0.73
-0.79,-1.03
-0.28,-0.67
-0.65,-0.97
-0.5,-0.93
-0.57,-0.98
-0.6,-0.88
-0.93,-0.61
-0.52,-0.47
-0.7,-1.15
-0.24,-0.94
-0.6,-1.2
-0.21,-0.97
-0.56,-1.28
-0.33,-1.2
-0.51,-1.31
-0.55,-1.14
-0.74,-0.63
-0.57,-0.67
-0.88,-1.52
-0.24,-1.27
-0.39,-1.45
-0.24,-1.39
-0.45,-1.65
-0.27,-1.62
-0.53,-1.74
-0.56,-1.44
-0.47,-0.61
-0.55,-0.75
-0.57,-1.52
-0.17,-1.47
-0.5,-1.8
-0.28,-1.81
-0.46,-2.05
-0.42,-2.1
-0.52,-2.09
-0.59,-1.7
-0.31,-0.63
-0.5,-0.74
-0.59,-1.44
-0.26,-1.53
-0.4,-1.8
-0.46,-1.89
-0.54,-2.05
-0.66,-2.15
-0.66,-2.07
-0.61,-1.67
-0.38,-0.68
-0.67,-0.53
-0.27,-0.73
-0.75,-1.1
-0.94,-1.28
-0.42,-1.05
-0.46,-1.04
-0.33,-0.98
-0.33,-0.95
-0.62,-0.93
-0.48,-0.47
0.67,0.53
0.27,0.73
0.75,1.1
0.94,1.28
0.42,1.05
0.45,1.04
0.33,0.98
0.33,0.95
0.62,0.93
0.47,0.47
0.5,0.74
0.59,1.44
0.26,1.53
0.4,1.8
0.46,1.89
0.54,2.05
0.66,2.16
0.66,2.07
0.61,1.67
0.38,0.68
0.55,0.75
0.57,1.52
0.17,1.47
0.5,1.8
0.28,1.81
0.46,2.04
0.42,2.1
0.52,2.09
0.59,1.7
0.31,0.63
0.57,0.67
0.88,1.52
0.24,1.27
0.39,1.45
0.24,1.39
0.45,1.65
0.27,1.62
0.53,1.74
0.56,1.44
0.47,0.61
0.52,0.47
0.7,1.15
0.24,0.94
0.6,1.2
0.21,0.97
0.56,1.28
0.33,1.2
0.51,1.31
0.55,1.14
0.74,0.63
0.57,0.34
0.88,0.98
0.31,0.73
0.79,1.03
0.28,0.67
0.65,0.97
0.5,0.93
0.57,0.98
0.6,0.89
0.93,0.61
0.51,0.17
0.94,0.81
0.5,0.63
0.91,0.86
0.39,0.46
0.75,0.74
0.63,0.72
0.67,0.74
0.68,0.66
0.91,0.47
0.6,0.08
1.01,0.63
0.71,0.53
0.92,0.63
0.5,0.28
0.85,0.54
0.73,0.51
0.77,0.53
0.77,0.48
0.93,0.35
0.74,0.03
0.99,0.36
0.89,0.36
0.93,0.38
0.71,0.19
0.95,0.36
0.84,0.33
0.88,0.34
0.88,0.32
1.06,0.28
0.92,-0.0
0.9,0.05
0.82,0.03
0.96,0.11
1.01,0.12
0.96,0.13
0.96,0.12
0.92,0.09
0.93,0.1
1.11,0.14
-0.94,-0.02
-0.92,-0.09
-0.87,-0.09
-1.02,-0.18
-1.0,-0.15
-0.96,-0.16
-0.94,-0.14
-0.93,-0.14
-0.99,-0.18
-1.21,-0.22
-0.76,-0.06
-0.99,-0.41
-0.89,-0.42
-0.92,-0.45
-0.72,-0.28
-0.96,-0.47
-0.84,-0.42
-0.89,-0.45
-0.9,-0.44
-1.14,-0.38
-0.64,-0.12
-1.02,-0.7
-0.71,-0.61
-0.9,-0.71
-0.5,-0.41
-0.88,-0.72
-0.72,-0.67
-0.78,-0.68
-0.78,-0.61
-0.99,-0.44
-0.49,-0.18
-0.97,-0.88
-0.51,-0.73
-0.89,-0.97
-0.38,-0.62
-0.79,-0.97
-0.63,-0.91
-0.68,-0.91
-0.7,-0.8
-0.98,-0.55
-0.53,-0.32
-0.9,-1.04
-0.33,-0.82
-0.78,-1.15
-0.29,-0.87
-0.7,-1.24
-0.49,-1.15
-0.6,-1.18
-0.62,-0.99
-0.84,-0.57
-0.47,-0.43
-0.67,-1.15
-0.23,-1.0
-0.6,-1.32
-0.23,-1.17
-0.61,-1.54
-0.34,-1.44
-0.56,-1.52
-0.56,-1.21
-0.52,-0.5
-0.52,-0.64
-0.86,-1.52
-0.21,-1.29
-0.4,-1.55
-0.26,-1.57
-0.47,-1.87
-0.3,-1.85
-0.59,-1.96
-0.57,-1.53
-0.33,-0.53
-0.59,-0.78
-0.6,-1.58
-0.18,-1.51
-0.51,-1.87
-0.28,-1.92
-0.47,-2.21
-0.43,-2.27
-0.56,-2.25
-0.61,-1.79
-0.36,-0.68
-0.44,-0.74
-0.68,-1.51
-0.28,-1.5
-0.35,-1.78
-0.42,-1.97
-0.49,-2.15
-0.62,-2.25
-0.65,-2.13
-0.63,-1.71
-0.49,-0.76
-0.77,-0.59
-0.39,-0.78
-0.3,-0.84
-0.85,-1.22
-0.74,-1.26
-0.6,-1.22
-0.53,-1.15
-0.24,-0.92
-0.42,-0.83
-0.48,-0.46
0.77,0.59
0.39,0.78
0.3,0.84
0.85,1.22
0.74,1.26
0.6,1.22
0.53,1.15
0.24,0.92
0.42,0.83
0.48,0.46
0.44,0.74
0.68,1.51
0.28,1.5
0.35,1.78
0.42,1.97
0.49,2.14
0.62,2.25
0.65,2.13
0.63,1.71
0.49,0.76
0.59,0.78
0.6,1.58
0.18,1.51
0.51,1.87
0.28,1.92
0.47,2.21
0.43,2.27
0.55,2.25
0.61,1.79
0.36,0.68
0.52,0.64
0.86,1.52
0.21,1.29
0.4,1.55
0.26,1.57
0.47,1.87
0.3,1.85
0.59,1.96
0.57,1.53
0.33,0.53
0.47,0.43
0.67,1.15
0.23,1.0
0.6,1.32
0.23,1.17
0.61,1.54
0.34,1.44
0.56,1.52
0.56,1.21
0.52,0.5
0.53,0.32
0.9,1.04
0.33,0.82
0.78,1.15
0.29,0.87
0.7,1.24
0.49,1.15
0.6,1.18
0.62,0.99
0.84,0.57
0.49,0.18
0.97,0.88
0.51,0.73
0.89,0.97
0.38,0.62
0.79,0.97
0.63,0.91
0.68,0.91
0.7,0.8
0.98,0.55
0.64,0.12
1.02,0.7
0.71,0.61
0.9,0.71
0.5,0.41
0.88,0.72
0.72,0.67
0.78,0.68
0.78,0.61
0.99,0.44
0.76,0.06
0.99,0.41
0.89,0.42
0.92,0.45
0.72,0.28
0.96,0.47
0.84,0.42
0.89,0.45
0.9,0.44
1.14,0.38
0.94,0.02
0.92,0.09
0.87,0.09
1.02,0.18
1.0,0.15
0.96,0.16
0.94,0.14
0.92,0.14
0.99,0.18
1.21,0.22
-0.97,-0.05
-0.95,-0.14
-0.93,-0.16
-1.05,-0.23
-0.97,-0.17
-0.95,-0.19
-0.95,-0.18
-0.98,-0.22
-1.09,-0.29
-1.31,-0.29
-0.77,-0.1
-0.99,-0.48
-0.88,-0.49
-0.91,-0.52
-0.74,-0.38
-0.98,-0.59
-0.83,-0.52
-0.9,-0.56
-0.92,-0.55
-1.19,-0.45
-0.69,-0.19
-1.03,-0.78
-0.71,-0.71
-0.88,-0.81
-0.51,-0.56
-0.92,-0.91
-0.71,-0.8
-0.79,-0.8
-0.79,-0.69
-1.0,-0.46
-0.51,-0.23
-0.99,-0.99
-0.53,-0.86
-0.86,-1.1
-0.4,-0.82
-0.84,-1.21
-0.61,-1.07
-0.69,-1.04
-0.7,-0.84
-0.92,-0.5
-0.52,-0.34
-0.94,-1.15
-0.35,-0.97
-0.77,-1.32
-0.32,-1.1
-0.75,-1.5
-0.48,-1.34
-0.62,-1.32
-0.61,-1.0
-0.62,-0.42
-0.45,-0.43
-0.66,-1.2
-0.24,-1.11
-0.62,-1.5
-0.26,-1.4
-0.65,-1.8
-0.35,-1.66
-0.61,-1.71
-0.54,-1.25
-0.36,-0.4
-0.42,-0.59
-0.83,-1.53
-0.17,-1.35
-0.42,-1.68
-0.28,-1.74
-0.49,-2.09
-0.34,-2.08
-0.65,-2.16
-0.57,-1.62
-0.37,-0.58
-0.62,-0.8
-0.62,-1.64
-0.18,-1.58
-0.53,-1.94
-0.27,-2.0
-0.49,-2.34
-0.44,-2.42
-0.57,-2.4
-0.63,-1.9
-0.49,-0.79
-0.38,-0.73
-0.72,-1.62
-0.35,-1.57
-0.32,-1.72
-0.36,-1.92
-0.44,-2.17
-0.58,-2.34
-0.62,-2.22
-0.59,-1.73
-0.5,-0.78
-0.73,-0.6
-0.7,-0.97
-0.22,-0.8
-0.45,-0.97
-0.72,-1.21
-0.66,-1.29
-0.79,-1.36
-0.48,-1.12
-0.31,-0.8
-0.37,-0.41
0.73,0.6
0.7,0.97
0.22,0.8
0.45,0.97
0.72,1.2
0.65,1.28
0.79,1.36
0.49,1.12
0.31,0.8
0.37,0.41
0.38,0.73
0.72,1.62
0.36,1.57
0.32,1.72
0.36,1.92
0.44,2.17
0.58,2.34
0.62,2.22
0.59,1.73
0.5,0.78
0.62,0.8
0.62,1.64
0.18,1.58
0.53,1.94
0.27,2.0
0.49,2.34
0.44,2.42
0.57,2.4
0.63,1.9
0.49,0.79
0.42,0.59
0.83,1.53
0.17,1.35
0.42,1.68
0.28,1.74
0.49,2.09
0.34,2.08
0.65,2.16
0.57,1.62
0.37,0.58
0.45,0.43
0.66,1.2
0.24,1.11
0.62,1.5
0.26,1.4
0.65,1.8
0.35,1.66
0.61,1.71
0.54,1.25
0.36,0.4
0.52,0.34
0.94,1.15
0.35,0.97
0.77,1.32
0.32,1.1
0.75,1.5
0.48,1.34
0.62,1.32
0.61,1.0
0.62,0.42
0.51,0.23
0.99,0.99
0.53,0.86
0.86,1.1
0.4,0.82
0.84,1.21
0.61,1.07
0.69,1.04
0.7,0.84
0.92,0.5
0.69,0.19
1.03,0.78
0.71,0.71
0.88,0.81
0.51,0.56
0.92,0.91
0.71,0.8
0.79,0.8
0.79,0.69
1.0,0.46
0.77,0.1
0.99,0.48
0.88,0.49
0.91,0.52
0.74,0.38
0.98,0.59
0.83,0.52
0.9,0.56
0.92,0.55
1.19,0.45
0.97,0.05
0.95,0.14
0.93,0.16
1.05,0.23
0.97,0.17
0.95,0.19
0.95,0.18
0.98,0.22
1.09,0.29
1.31,0.29
-1.03,-0.09
-1.01,-0.21
-0.99,-0.23
-1.05,-0.26
-0.95,-0.2
-0.97,-0.24
-0.99,-0.26
-1.08,-0.33
-1.17,-0.37
-1.36,-0.32
-0.77,-0.14
-1.0,-0.55
-0.88,-0.56
-0.89,-0.59
-0.76,-0.5
-0.99,-0.7
-0.82,-0.6
-0.92,-0.65
-0.93,-0.59
-1.17,-0.44
-0.73,-0.25
-1.02,-0.87
-0.71,-0.82
-0.86,-0.93
-0.54,-0.74
-0.95,-1.08
-0.69,-0.89
-0.8,-0.87
-0.78,-0.68
-0.91,-0.38
-0.56,-0.3
-1.0,-1.12
-0.55,-1.02
-0.84,-1.26
-0.42,-1.03
-0.89,-1.43
-0.58,-1.18
-0.7,-1.11
-0.68,-0.8
-0.77,-0.36
-0.52,-0.41
-0.99,-1.31
-0.37,-1.16
-0.77,-1.52
-0.34,-1.34
-0.79,-1.74
-0.46,-1.49
-0.65,-1.43
-0.57,-0.97
-0.46,-0.3
-0.5,-0.49
-0.67,-1.32
-0.27,-1.29
-0.64,-1.72
-0.29,-1.65
-0.68,-2.05
-0.36,-1.86
-0.66,-1.88
-0.51,-1.3
-0.4,-0.43
-0.32,-0.56
-0.82,-1.59
-0.14,-1.47
-0.45,-1.87
-0.3,-1.94
-0.52,-2.29
-0.38,-2.27
-0.68,-2.34
-0.59,-1.74
-0.52,-0.7
-0.61,-0.8
-0.63,-1.72
-0.17,-1.69
-0.55,-2.07
-0.28,-2.1
-0.51,-2.43
-0.45,-2.53
-0.58,-2.52
-0.63,-1.98
-0.51,-0.83
-0.38,-0.74
-0.7,-1.71
-0.42,-1.74
-0.35,-1.79
-0.32,-1.87
-0.38,-2.1
-0.52,-2.32
-0.63,-2.32
-0.55,-1.78
-0.39,-0.74
-0.53,-0.53
-0.89,-1.12
-0.55,-1.03
-0.28,-0.9
-0.52,-1.04
-0.48,-1.14
-0.7,-1.32
-0.81,-1.34
-0.51,-0.96
-0.31,-0.4
0.53,0.53
0.89,1.12
0.55,1.03
0.28,0.9
0.52,1.04
0.48,1.13
0.7,1.32
0.81,1.34
0.51,0.96
0.31,0.41
0.38,0.74
0.7,1.71
0.42,1.74
0.36,1.79
0.32,1.87
0.38,2.1
0.52,2.32
0.63,2.32
0.55,1.78
0.39,0.74
0.61,0.8
0.63,1.72
0.17,1.69
0.55,2.07
0.28,2.1
0.51,2.43
0.45,2.53
0.58,2.52
0.63,1.98
0.51,0.83
0.32,0.56
0.82,1.59
0.14,1.47
0.45,1.87
0.3,1.94
0.52,2.29
0.38,2.27
0.68,2.34
0.59,1.74
0.52,0.7
0.5,0.49
0.67,1.32
0.27,1.29
0.64,1.72
0.29,1.65
0.68,2.05
0.36,1.86
0.66,1.88
0.51,1.3
0.4,0.43
0.52,0.41
0.99,1.31
0.37,1.16
0.77,1.52
0.34,1.34
0.79,1.74
0.46,1.49
0.65,1.43
0.57,0.97
0.45,0.3
0.56,0.3
1.0,1.12
0.55,1.02
0.84,1.26
0.42,1.03
0.89,1.43
0.58,1.18
0.7,1.11
0.68,0.8
0.77,0.36
0.73,0.25
1.02,0.87
0.71,0.82
0.86,0.93
0.54,0.74
0.95,1.08
0.69,0.89
0.8,0.87
0.78,0.68
0.91,0.38
0.77,0.14
1.0,0.55
0.88,0.56
0.89,0.59
0.76,0.5
0.99,0.7
0.82,0.6
0.92,0.65
0.93,0.59
1.17,0.44
1.03,0.09
1.01,0.21
0.99,0.22
1.05,0.26
0.94,0.2
0.97,0.24
1.0,0.26
1.08,0.33
1.17,0.37
1.36,0.32
-1.11,-0.15
-1.07,-0.27
-1.0,-0.26
-1.02,-0.27
-0.95,-0.25
-1.03,-0.33
-1.07,-0.34
-1.16,-0.4
-1.19,-0.38
-1.33,-0.3
-0.78,-0.18
-1.0,-0.61
-0.87,-0.62
-0.88,-0.66
-0.8,-0.63
-1.0,-0.81
-0.8,-0.66
-0.94,-0.68
-0.92,-0.55
-1.06,-0.34
-0.76,-0.31
-1.01,-0.95
-0.7,-0.92
-0.84,-1.05
-0.59,-0.93
-0.98,-1.23
-0.65,-0.93
-0.81,-0.88
-0.75,-0.6
-0.78,-0.26
-0.63,-0.4
-0.99,-1.24
-0.56,-1.18
-0.83,-1.43
-0.46,-1.26
-0.92,-1.61
-0.54,-1.25
-0.72,-1.14
-0.64,-0.73
-0.65,-0.26
-0.52,-0.49
-1.05,-1.5
-0.4,-1.38
-0.77,-1.74
-0.38,-1.6
-0.81,-1.95
-0.44,-1.61
-0.67,-1.52
-0.51,-0.95
-0.44,-0.29
-0.61,-0.61
-0.7,-1.51
-0.3,-1.53
-0.67,-1.97
-0.31,-1.91
-0.7,-2.28
-0.38,-2.04
-0.71,-2.03
-0.51,-1.38
-0.56,-0.55
-0.3,-0.59
-0.82,-1.71
-0.14,-1.65
-0.48,-2.11
-0.32,-2.17
-0.54,-2.49
-0.42,-2.45
-0.71,-2.47
-0.62,-1.85
-0.55,-0.75
-0.52,-0.79
-0.65,-1.8
-0.15,-1.84
-0.57,-2.27
-0.28,-2.25
-0.52,-2.54
-0.46,-2.58
-0.57,-2.57
-0.62,-2.02
-0.38,-0.77
-0.47,-0.77
-0.67,-1.75
-0.45,-1.93
-0.4,-1.99
-0.32,-1.96
-0.34,-2.07
-0.43,-2.21
-0.62,-2.3
-0.62,-1.87
-0.35,-0.74
-0.35,-0.45
-0.71,-1.06
-0.89,-1.28
-0.48,-1.1
-0.46,-1.05
-0.43,-1.05
-0.38,-1.09
-0.69,-1.26
-0.79,-1.13
-0.44,-0.49
0.35,0.45
0.71,1.06
0.89,1.28
0.48,1.1
0.46,1.05
0.43,1.05
0.38,1.09
0.69,1.26
0.79,1.13
0.44,0.49
0.47,0.77
0.67,1.75
0.45,1.93
0.4,1.99
0.32,1.96
0.34,2.07
0.43,2.2
0.62,2.3
0.62,1.87
0.35,0.74
0.52,0.79
0.65,1.8
0.15,1.84
0.57,2.27
0.28,2.25
0.52,2.54
0.46,2.58
0.57,2.57
0.62,2.02
0.38,0.77
0.3,0.59
0.82,1.71
0.14,1.65
0.48,2.11
0.32,2.17
0.54,2.49
0.42,2.44
0.71,2.47
0.62,1.85
0.55,0.75
0.61,0.61
0.7,1.51
0.3,1.53
0.67,1.97
0.31,1.91
0.7,2.27
0.38,2.04
0.71,2.03
0.51,1.38
0.56,0.55
0.52,0.49
1.05,1.5
0.4,1.38
0.77,1.74
0.38,1.6
0.81,1.95
0.44,1.61
0.67,1.52
0.51,0.95
0.44,0.29
0.63,0.39
0.99,1.24
0.56,1.18
0.83,1.43
0.46,1.26
0.92,1.61
0.54,1.25
0.72,1.14
0.64,0.73
0.65,0.26
0.76,0.31
1.01,0.95
0.7,0.92
0.84,1.05
0.59,0.93
0.98,1.23
0.65,0.93
0.81,0.88
0.75,0.6
0.78,0.26
0.78,0.18
1.0,0.61
0.87,0.62
0.88,0.66
0.8,0.63
1.0,0.81
0.8,0.66
0.94,0.68
0.92,0.55
1.06,0.34
1.11,0.15
1.07,0.27
1.0,0.26
1.02,0.27
0.95,0.25
1.03,0.33
1.07,0.34
1.16,0.4
1.19,0.38
1.33,0.3
-1.21,-0.21
-1.08,-0.31
-0.99,-0.28
-1.02,-0.32
-1.01,-0.33
-1.1,-0.4
-1.11,-0.37
-1.17,-0.39
-1.13,-0.31
-1.25,-0.23
-0.82,-0.23
-1.01,-0.67
-0.85,-0.68
-0.88,-0.75
-0.85,-0.76
-1.0,-0.89
-0.77,-0.64
-0.95,-0.64
-0.88,-0.44
-0.94,-0.22
-0.75,-0.34
-1.01,-1.02
-0.69,-1.01
-0.83,-1.17
-0.64,-1.1
-0.99,-1.32
-0.59,-0.91
-0.81,-0.84
-0.7,-0.49
-0.7,-0.16
-0.71,-0.48
-0.95,-1.33
-0.57,-1.32
-0.82,-1.59
-0.5,-1.46
-0.93,-1.73
-0.49,-1.26
-0.73,-1.14
-0.57,-0.65
-0.64,-0.23
-0.5,-0.55
-1.1,-1.68
-0.41,-1.59
-0.77,-1.96
-0.41,-1.83
-0.81,-2.12
-0.42,-1.71
-0.7,-1.6
-0.46,-0.96
-0.56,-0.37
-0.7,-0.74
-0.75,-1.73
-0.35,-1.79
-0.69,-2.24
-0.34,-2.16
-0.72,-2.48
-0.41,-2.21
-0.75,-2.17
-0.55,-1.48
-0.64,-0.62
-0.42,-0.72
-0.82,-1.88
-0.15,-1.86
-0.51,-2.36
-0.33,-2.41
-0.56,-2.69
-0.45,-2.6
-0.71,-2.56
-0.65,-1.9
-0.4,-0.68
-0.42,-0.78
-0.68,-1.91
-0.12,-1.98
-0.59,-2.49
-0.28,-2.46
-0.52,-2.68
-0.46,-2.64
-0.55,-2.56
-0.63,-2.04
-0.34,-0.76
-0.52,-0.81
-0.72,-1.81
-0.44,-2.02
-0.45,-2.21
-0.35,-2.16
-0.34,-2.17
-0.35,-2.14
-0.53,-2.16
-0.68,-1.89
-0.48,-0.83
-0.37,-0.43
-0.4,-0.89
-0.78,-1.26
-0.78,-1.35
-0.59,-1.24
-0.56,-1.18
-0.37,-1.04
-0.33,-1.01
-0.72,-1.07
-0.61,-0.58
0.37,0.43
0.4,0.89
0.78,1.26
0.78,1.35
0.59,1.24
0.56,1.17
0.37,1.04
0.33,1.01
0.72,1.07
0.61,0.58
0.52,0.81
0.72,1.81
0.44,2.02
0.45,2.21
0.35,2.16
0.34,2.17
0.35,2.14
0.52,2.16
0.68,1.89
0.49,0.83
0.42,0.78
0.68,1.91
0.12,1.98
0.59,2.49
0.28,2.45
0.52,2.68
0.46,2.64
0.55,2.56
0.63,2.04
0.34,0.76
0.42,0.72
0.82,1.88
0.15,1.86
0.51,2.36
0.33,2.4
0.56,2.69
0.45,2.6
0.71,2.56
0.65,1.9
0.4,0.68
0.7,0.74
0.75,1.73
0.35,1.78
0.69,2.24
0.34,2.16
0.72,2.48
0.41,2.21
0.75,2.17
0.55,1.48
0.65,0.62
0.5,0.55
1.1,1.68
0.41,1.59
0.77,1.96
0.41,1.83
0.81,2.12
0.42,1.71
0.7,1.6
0.46,0.96
0.56,0.37
0.71,0.48
0.95,1.33
0.57,1.32
0.82,1.59
0.5,1.46
0.93,1.73
0.49,1.26
0.73,1.14
0.57,0.65
0.64,0.23
0.75,0.34
1.01,1.02
0.69,1.01
0.83,1.17
0.64,1.1
0.99,1.32
0.59,0.91
0.81,0.84
0.7,0.49
0.7,0.16
0.82,0.23
1.01,0.67
0.85,0.68
0.88,0.75
0.85,0.76
1.0,0.89
0.77,0.64
0.95,0.64
0.88,0.44
0.94,0.22
1.21,0.21
1.08,0.31
0.99,0.28
1.03,0.32
1.01,0.33
1.11,0.4
1.11,0.37
1.17,0.39
1.13,0.31
1.25,0.23
-1.29,-0.26
-1.07,-0.32
-1.0,-0.32
-1.08,-0.38
-1.07,-0.4
-1.11,-0.41
-1.07,-0.32
-1.11,-0.3
-1.04,-0.2
-1.17,-0.16
-0.9,-0.3
-1.0,-0.71
-0.84,-0.74
-0.89,-0.84
-0.88,-0.85
-0.98,-0.87
-0.72,-0.55
-0.95,-0.55
-0.84,-0.31
-0.86,-0.12
-0.72,-0.36
-1.01,-1.07
-0.69,-1.09
-0.83,-1.28
-0.69,-1.22
-0.97,-1.32
-0.53,-0.81
-0.82,-0.77
-0.65,-0.38
-0.71,-0.14
-0.79,-0.55
-0.89,-1.39
-0.58,-1.44
-0.81,-1.73
-0.53,-1.6
-0.91,-1.77
-0.44,-1.23
-0.75,-1.14
-0.52,-0.61
-0.73,-0.28
-0.52,-0.62
-1.12,-1.82
-0.41,-1.76
-0.78,-2.15
-0.44,-2.01
-0.8,-2.22
-0.41,-1.77
-0.73,-1.67
-0.45,-1.0
-0.67,-0.44
-0.66,-0.8
-0.82,-1.94
-0.39,-2.02
-0.71,-2.47
-0.37,-2.38
-0.73,-2.65
-0.45,-2.36
-0.79,-2.28
-0.59,-1.55
-0.55,-0.59
-0.62,-0.9
-0.84,-2.09
-0.19,-2.09
-0.54,-2.59
-0.35,-2.62
-0.58,-2.86
-0.48,-2.72
-0.69,-2.6
-0.65,-1.92
-0.32,-0.66
-0.44,-0.86
-0.7,-2.06
-0.09,-2.11
-0.61,-2.67
-0.29,-2.64
-0.52,-2.82
-0.46,-2.72
-0.5,-2.53
-0.63,-2.04
-0.53,-0.87
-0.48,-0.84
-0.83,-1.94
-0.47,-2.08
-0.48,-2.33
-0.4,-2.34
-0.37,-2.33
-0.32,-2.21
-0.39,-2.04
-0.62,-1.8
-0.61,-0.9
-0.47,-0.48
-0.36,-0.87
-0.43,-1.06
-0.7,-1.31
-0.71,-1.37
-0.7,-1.35
-0.69,-1.26
-0.29,-0.97
-0.45,-0.89
-0.58,-0.54
0.47,0.48
0.36,0.86
0.43,1.06
0.7,1.31
0.71,1.37
0.7,1.35
0.69,1.26
0.29,0.97
0.46,0.89
0.58,0.54
0.48,0.84
0.83,1.94
0.47,2.08
0.48,2.33
0.4,2.34
0.37,2.33
0.32,2.2
0.39,2.04
0.62,1.8
0.61,0.9
0.44,0.86
0.7,2.06
0.09,2.11
0.61,2.66
0.29,2.63
0.52,2.82
0.46,2.72
0.5,2.52
0.63,2.04
0.53,0.87
0.62,0.9
0.84,2.09
0.19,2.09
0.54,2.59
0.35,2.61
0.58,2.86
0.48,2.72
0.69,2.6
0.65,1.92
0.32,0.66
0.66,0.8
0.81,1.94
0.39,2.02
0.71,2.46
0.37,2.38
0.73,2.65
0.45,2.36
0.79,2.28
0.59,1.55
0.55,0.59
0.52,0.62
1.12,1.82
0.41,1.76
0.78,2.15
0.44,2.01
0.8,2.22
0.41,1.77
0.73,1.67
0.45,1.0
0.67,0.44
0.79,0.55
0.89,1.39
0.58,1.44
0.81,1.73
0.53,1.6
0.91,1.77
0.44,1.23
0.75,1.14
0.52,0.61
0.73,0.28
0.72,0.36
1.01,1.07
0.69,1.09
0.83,1.28
0.68,1.22
0.97,1.32
0.53,0.81
0.82,0.77
0.65,0.38
0.71,0.14
0.9,0.3
1.0,0.71
0.84,0.74
0.89,0.84
0.88,0.85
0.98,0.87
0.72,0.55
0.95,0.55
0.84,0.31
0.86,0.12
1.29,0.26
1.07,0.32
1.0,0.32
1.08,0.38
1.07,0.4
1.11,0.41
1.07,0.32
1.11,0.3
1.04,0.2
1.17,0.16
-1.32,-0.29
-1.04,-0.33
-1.06,-0.37
-1.12,-0.42
-1.04,-0.37
-1.03,-0.32
-0.99,-0.21
-1.05,-0.21
-0.97,-0.12
-1.13,-0.12
-1.02,-0.38
-0.98,-0.74
-0.85,-0.79
-0.91,-0.89
-0.9,-0.85
-0.94,-0.77
-0.67,-0.41
-0.96,-0.46
-0.8,-0.21
-0.84,-0.09
-0.71,-0.39
-1.02,-1.11
-0.69,-1.15
-0.84,-1.34
-0.71,-1.25
-0.92,-1.23
-0.47,-0.68
-0.84,-0.71
-0.59,-0.31
-0.8,-0.18
-0.8,-0.59
-0.83,-1.4
-0.61,-1.53
-0.81,-1.81
-0.56,-1.67
-0.85,-1.73
-0.41,-1.18
-0.77,-1.14
-0.48,-0.59
-0.85,-0.35
-0.63,-0.7
-1.08,-1.89
-0.39,-1.87
-0.79,-2.28
-0.46,-2.12
-0.77,-2.26
-0.43,-1.83
-0.77,-1.74
-0.47,-1.03
-0.66,-0.45
-0.55,-0.82
-0.88,-2.1
-0.42,-2.21
-0.73,-2.64
-0.39,-2.54
-0.74,-2.76
-0.49,-2.46
-0.81,-2.34
-0.61,-1.58
-0.45,-0.56
-0.67,-1.0
-0.88,-2.28
-0.24,-2.31
-0.55,-2.78
-0.36,-2.78
-0.6,-2.99
-0.49,-2.8
-0.64,-2.59
-0.63,-1.93
-0.47,-0.76
-0.61,-1.03
-0.71,-2.25
-0.06,-2.27
-0.62,-2.81
-0.3,-2.76
-0.51,-2.91
-0.46,-2.77
-0.44,-2.48
-0.59,-2.0
-0.69,-0.96
-0.45,-0.9
-0.9,-2.12
-0.54,-2.24
-0.52,-2.41
-0.43,-2.42
-0.41,-2.42
-0.37,-2.31
-0.32,-2.04
-0.5,-1.67
-0.51,-0.82
-0.51,-0.53
-0.56,-1.02
-0.35,-1.05
-0.42,-1.16
-0.61,-1.29
-0.56,-1.31
-0.87,-1.42
-0.65,-1.2
-0.4,-0.86
-0.46,-0.47
0.51,0.53
0.55,1.02
0.35,1.05
0.42,1.15
0.61,1.29
0.56,1.31
0.87,1.42
0.65,1.2
0.4,0.86
0.46,0.47
0.45,0.9
0.9,2.12
0.54,2.23
0.52,2.41
0.43,2.42
0.41,2.42
0.37,2.31
0.32,2.03
0.5,1.67
0.51,0.82
0.61,1.03
0.71,2.25
0.06,2.27
0.62,2.81
0.3,2.76
0.51,2.91
0.46,2.77
0.44,2.48
0.59,2.0
0.69,0.96
0.67,1.0
0.88,2.28
0.24,2.31
0.55,2.78
0.36,2.77
0.6,2.99
0.49,2.8
0.64,2.59
0.63,1.93
0.47,0.76
0.55,0.81
0.88,2.1
0.42,2.21
0.73,2.64
0.39,2.54
0.74,2.76
0.49,2.46
0.81,2.34
0.61,1.58
0.45,0.56
0.63,0.7
1.08,1.89
0.39,1.87
0.79,2.28
0.46,2.12
0.77,2.26
0.43,1.83
0.77,1.74
0.47,1.03
0.66,0.45
0.8,0.59
0.83,1.4
0.61,1.53
0.81,1.81
0.56,1.67
0.86,1.73
0.41,1.18
0.77,1.14
0.48,0.59
0.85,0.35
0.71,0.39
1.02,1.11
0.69,1.15
0.84,1.34
0.71,1.25
0.92,1.23
0.47,0.68
0.84,0.71
0.59,0.31
0.8,0.18
1.02,0.38
0.98,0.74
0.85,0.79
0.91,0.89
0.9,0.85
0.94,0.77
0.67,0.41
0.96,0.46
0.79,0.21
0.84,0.09
1.32,0.29
1.04,0.33
1.06,0.37
1.12,0.42
1.04,0.37
1.03,0.32
0.99,0.21
1.05,0.21
0.97,0.12
1.13,0.12
-1.29,-0.29
-1.05,-0.34
-1.12,-0.39
-1.05,-0.36
-0.94,-0.26
-0.95,-0.2
-0.95,-0.13
-1.01,-0.15
-0.92,-0.07
-1.12,-0.11
-1.12,-0.45
-0.95,-0.75
-0.86,-0.8
-0.93,-0.87
-0.89,-0.76
-0.9,-0.61
-0.64,-0.28
-0.97,-0.41
-0.76,-0.16
-0.88,-0.12
-0.79,-0.45
-1.03,-1.14
-0.68,-1.17
-0.86,-1.34
-0.72,-1.18
-0.86,-1.08
-0.43,-0.58
-0.87,-0.69
-0.55,-0.29
-0.94,-0.27
-0.73,-0.57
-0.79,-1.4
-0.65,-1.59
-0.8,-1.84
-0.57,-1.66
-0.79,-1.63
-0.41,-1.14
-0.81,-1.16
-0.45,-0.58
-0.9,-0.4
-0.76,-0.79
-1.0,-1.89
-0.39,-1.94
-0.81,-2.37
-0.47,-2.18
-0.75,-2.27
-0.47,-1.87
-0.8,-1.78
-0.47,-1.05
-0.6,-0.44
-0.59,-0.88
-0.91,-2.21
-0.43,-2.34
-0.75,-2.78
-0.42,-2.65
-0.75,-2.84
-0.53,-2.52
-0.8,-2.35
-0.62,-1.59
-0.51,-0.61
-0.55,-1.0
-0.94,-2.44
-0.29,-2.5
-0.57,-2.94
-0.38,-2.91
-0.61,-3.06
-0.5,-2.82
-0.57,-2.52
-0.61,-1.9
-0.66,-0.85
-0.71,-1.15
-0.73,-2.42
-0.03,-2.44
-0.62,-2.97
-0.31,-2.88
-0.49,-2.96
-0.47,-2.78
-0.38,-2.41
-0.52,-1.9
-0.58,-0.88
-0.56,-1.03
-0.92,-2.31
-0.61,-2.47
-0.59,-2.59
-0.49,-2.52
-0.44,-2.44
-0.41,-2.32
-0.36,-2.07
-0.46,-1.64
-0.35,-0.71
-0.46,-0.56
-0.68,-1.18
-0.6,-1.27
-0.34,-1.18
-0.52,-1.23
-0.39,-1.17
-0.57,-1.25
-0.87,-1.33
-0.66,-1.03
-0.47,-0.48
0.46,0.56
0.68,1.17
0.6,1.27
0.34,1.18
0.52,1.23
0.39,1.17
0.57,1.25
0.87,1.32
0.66,1.03
0.47,0.48
0.56,1.03
0.92,2.31
0.61,2.47
0.59,2.59
0.49,2.52
0.44,2.44
0.41,2.32
0.36,2.07
0.46,1.64
0.35,0.71
0.71,1.15
0.73,2.42
0.03,2.44
0.62,2.97
0.31,2.88
0.49,2.96
0.47,2.78
0.38,2.41
0.52,1.9
0.58,0.88
0.55,1.0
0.94,2.44
0.29,2.5
0.57,2.94
0.38,2.9
0.61,3.06
0.5,2.82
0.57,2.52
0.61,1.9
0.66,0.85
0.59,0.88
0.91,2.21
0.43,2.34
0.75,2.78
0.42,2.65
0.75,2.84
0.53,2.52
0.8,2.35
0.62,1.59
0.52,0.61
0.76,0.79
1.0,1.89
0.39,1.94
0.81,2.37
0.47,2.18
0.75,2.27
0.47,1.87
0.8,1.78
0.47,1.05
0.6,0.44
0.73,0.57
0.79,1.4
0.65,1.59
0.8,1.84
0.57,1.66
0.79,1.63
0.41,1.14
0.81,1.16
0.45,0.58
0.9,0.4
0.79,0.45
1.03,1.14
0.68,1.17
0.86,1.34
0.72,1.18
0.86,1.08
0.43,0.58
0.87,0.69
0.55,0.29
0.94,0.27
1.12,0.45
0.95,0.75
0.86,0.8
0.93,0.87
0.89,0.76
0.9,0.61
0.64,0.28
0.97,0.41
0.76,0.16
0.88,0.12
1.29,0.29
1.05,0.34
1.12,0.39
1.05,0.36
0.94,0.26
0.95,0.2
0.95,0.13
1.01,0.15
0.92,0.07
1.12,0.11
-1.23,-0.26
-1.07,-0.33
-1.07,-0.33
-0.91,-0.23
-0.85,-0.14
-0.91,-0.12
-0.94,-0.09
-0.99,-0.14
-0.92,-0.07
-1.16,-0.14
-1.13,-0.46
-0.91,-0.71
-0.87,-0.76
-0.93,-0.78
-0.87,-0.63
-0.85,-0.48
-0.63,-0.22
-0.99,-0.4
-0.73,-0.15
-0.97,-0.19
-0.94,-0.54
-1.03,-1.14
-0.67,-1.15
-0.87,-1.29
-0.69,-1.07
-0.78,-0.93
-0.43,-0.53
-0.91,-0.71
-0.52,-0.29
-1.07,-0.36
-0.7,-0.57
-0.8,-1.4
-0.7,-1.62
-0.77,-1.82
-0.57,-1.6
-0.73,-1.55
-0.44,-1.15
-0.84,-1.19
-0.42,-0.57
-0.89,-0.41
-0.72,-0.78
-0.9,-1.84
-0.42,-1.99
-0.82,-2.42
-0.47,-2.2
-0.76,-2.28
-0.51,-1.91
-0.81,-1.8
-0.48,-1.05
-0.6,-0.45
-0.76,-0.98
-0.85,-2.24
-0.43,-2.44
-0.77,-2.9
-0.44,-2.75
-0.77,-2.9
-0.54,-2.54
-0.77,-2.3
-0.64,-1.58
-0.65,-0.67
-0.55,-1.05
-0.99,-2.57
-0.34,-2.67
-0.59,-3.1
-0.39,-3.03
-0.61,-3.12
-0.49,-2.81
-0.48,-2.4
-0.58,-1.8
-0.61,-0.79
-0.61,-1.14
-0.77,-2.55
-0.0,-2.59
-0.62,-3.15
-0.34,-3.04
-0.47,-3.03
-0.48,-2.78
-0.36,-2.32
-0.48,-1.79
-0.37,-0.73
-0.68,-1.13
-0.96,-2.45
-0.64,-2.67
-0.63,-2.82
-0.57,-2.73
-0.48,-2.56
-0.44,-2.31
-0.39,-2.03
-0.53,-1.68
-0.38,-0.72
-0.5,-0.6
-0.57,-1.19
-0.79,-1.47
-0.55,-1.4
-0.52,-1.34
-0.49,-1.24
-0.29,-1.07
-0.58,-1.14
-0.82,-1.11
-0.65,-0.58
0.5,0.59
0.57,1.19
0.79,1.46
0.55,1.4
0.52,1.33
0.49,1.24
0.29,1.07
0.58,1.13
0.82,1.11
0.65,0.58
0.68,1.13
0.97,2.45
0.64,2.67
0.63,2.82
0.57,2.73
0.48,2.56
0.44,2.31
0.39,2.03
0.53,1.68
0.38,0.72
0.61,1.14
0.77,2.55
0.0,2.59
0.62,3.14
0.34,3.04
0.47,3.03
0.48,2.78
0.36,2.32
0.48,1.79
0.37,0.73
0.55,1.05
0.99,2.57
0.34,2.67
0.59,3.1
0.39,3.03
0.61,3.12
0.49,2.81
0.48,2.4
0.58,1.8
0.61,0.79
0.76,0.99
0.85,2.24
0.43,2.44
0.77,2.9
0.44,2.75
0.77,2.9
0.54,2.54
0.77,2.3
0.64,1.59
0.65,0.68
0.72,0.78
0.9,1.84
0.42,1.99
0.82,2.42
0.47,2.2
0.76,2.28
0.5,1.91
0.81,1.8
0.48,1.06
0.6,0.46
0.7,0.57
0.8,1.4
0.7,1.62
0.77,1.82
0.57,1.6
0.73,1.55
0.44,1.15
0.84,1.19
0.42,0.57
0.89,0.41
0.94,0.54
1.03,1.14
0.67,1.15
0.87,1.29
0.69,1.07
0.78,0.93
0.43,0.53
0.91,0.71
0.52,0.29
1.07,0.36
1.13,0.46
0.91,0.71
0.87,0.76
0.93,0.78
0.87,0.63
0.85,0.48
0.63,0.22
0.99,0.4
0.73,0.15
0.97,0.19
1.23,0.26
1.07,0.33
1.07,0.33
0.91,0.23
0.85,0.14
0.91,0.12
0.94,0.09
0.99,0.14
0.91,0.07
1.16,0.14
-1.18,-0.21
-1.06,-0.27
-0.95,-0.21
-0.79,-0.1
-0.83,-0.08
-0.92,-0.1
-0.97,-0.11
-0.98,-0.14
-0.94,-0.1
-1.23,-0.19
-1.02,-0.38
-0.88,-0.62
-0.89,-0.68
-0.93,-0.67
-0.83,-0.51
-0.81,-0.39
-0.65,-0.23
-1.01,-0.43
-0.7,-0.17
-1.08,-0.28
-1.03,-0.58
-0.99,-1.09
-0.66,-1.09
-0.87,-1.2
-0.64,-0.94
-0.72,-0.82
-0.46,-0.55
-0.94,-0.75
-0.48,-0.28
-1.14,-0.41
-0.82,-0.63
-0.82,-1.41
-0.73,-1.63
-0.73,-1.76
-0.56,-1.54
-0.71,-1.5
-0.48,-1.18
-0.85,-1.2
-0.39,-0.55
-0.84,-0.39
-0.63,-0.73
-0.86,-1.8
-0.47,-2.03
-0.82,-2.44
-0.47,-2.22
-0.78,-2.31
-0.53,-1.93
-0.8,-1.77
-0.51,-1.05
-0.65,-0.47
-0.73,-0.97
-0.75,-2.18
-0.45,-2.5
-0.79,-2.99
-0.45,-2.83
-0.79,-2.95
-0.52,-2.52
-0.7,-2.2
-0.65,-1.53
-0.65,-0.64
-0.72,-1.16
-0.99,-2.63
-0.39,-2.79
-0.61,-3.23
-0.39,-3.15
-0.6,-3.19
-0.48,-2.8
-0.4,-2.27
-0.52,-1.67
-0.43,-0.65
-0.59,-1.18
-0.78,-2.63
0.02,-2.68
-0.62,-3.29
-0.36,-3.22
-0.46,-3.16
-0.49,-2.84
-0.36,-2.29
-0.48,-1.75
-0.36,-0.71
-0.62,-1.14
-1.05,-2.57
-0.67,-2.78
-0.65,-3.0
-0.63,-2.96
-0.57,-2.8
-0.48,-2.44
-0.39,-2.01
-0.57,-1.69
-0.59,-0.85
-0.63,-0.66
-0.54,-1.21
-0.65,-1.45
-0.75,-1.58
-0.59,-1.5
-0.69,-1.46
-0.47,-1.21
-0.29,-0.97
-0.63,-0.98
-0.74,-0.63
0.63,0.66
0.53,1.2
0.65,1.44
0.74,1.57
0.59,1.5
0.69,1.46
0.47,1.21
0.29,0.97
0.62,0.98
0.75,0.63
0.62,1.14
1.05,2.57
0.67,2.78
0.65,3.0
0.63,2.96
0.57,2.79
0.48,2.44
0.39,2.01
0.57,1.69
0.59,0.85
0.59,1.18
0.78,2.63
-0.02,2.68
0.62,3.29
0.36,3.22
0.46,3.16
0.49,2.84
0.36,2.29
0.48,1.75
0.36,0.71
0.72,1.16
0.99,2.63
0.39,2.79
0.61,3.23
0.39,3.15
0.6,3.19
0.48,2.8
0.4,2.27
0.52,1.67
0.43,0.65
0.73,0.97
0.75,2.18
0.45,2.5
0.79,2.98
0.45,2.83
0.79,2.95
0.53,2.52
0.7,2.2
0.65,1.53
0.65,0.64
0.63,0.73
0.86,1.8
0.47,2.03
0.82,2.44
0.47,2.22
0.78,2.31
0.53,1.93
0.81,1.77
0.51,1.05
0.65,0.47
0.82,0.63
0.82,1.41
0.73,1.63
0.73,1.76
0.56,1.54
0.71,1.5
0.48,1.18
0.85,1.2
0.39,0.55
0.84,0.39
1.03,0.58
0.99,1.09
0.66,1.09
0.87,1.2
0.64,0.94
0.72,0.82
0.46,0.55
0.94,0.75
0.48,0.28
1.14,0.41
1.03,0.38
0.88,0.62
0.89,0.68
0.93,0.67
0.83,0.51
0.81,0.39
0.65,0.23
1.01,0.44
0.7,0.17
1.08,0.28
1.18,0.22
1.06,0.27
0.95,0.21
0.79,0.1
0.83,0.08
0.92,0.1
0.97,0.11
0.98,0.14
0.94,0.1
1.23,0.19
-1.16,-0.17
-0.99,-0.18
-0.82,-0.08
-0.75,-0.04
-0.88,-0.08
-0.96,-0.12
-1.01,-0.15
-0.98,-0.17
-1.01,-0.16
-1.33,-0.26
-0.89,-0.26
-0.87,-0.52
-0.91,-0.58
-0.91,-0.58
-0.79,-0.42
-0.79,-0.36
-0.69,-0.28
-1.03,-0.47
-0.68,-0.19
-1.17,-0.35
-0.94,-0.49
-0.94,-0.98
-0.66,-1.0
-0.85,-1.09
-0.59,-0.84
-0.69,-0.78
-0.52,-0.6
-0.96,-0.77
-0.43,-0.25
-1.14,-0.41
-0.93,-0.69
-0.82,-1.38
-0.73,-1.59
-0.68,-1.67
-0.56,-1.5
-0.7,-1.49
-0.52,-1.2
-0.83,-1.17
-0.37,-0.51
-0.8,-0.36
-0.73,-0.78
-0.86,-1.81
-0.53,-2.08
-0.81,-2.44
-0.48,-2.24
-0.82,-2.34
-0.52,-1.91
-0.79,-1.71
-0.55,-1.03
-0.66,-0.45
-0.59,-0.89
-0.67,-2.12
-0.5,-2.57
-0.8,-3.05
-0.47,-2.88
-0.79,-2.97
-0.49,-2.47
-0.62,-2.08
-0.63,-1.45
-0.55,-0.56
-0.69,-1.14
-0.94,-2.61
-0.45,-2.88
-0.63,-3.33
-0.4,-3.24
-0.59,-3.25
-0.47,-2.81
-0.32,-2.2
-0.47,-1.6
-0.39,-0.63
-0.74,-1.26
-0.74,-2.66
0.05,-2.74
-0.61,-3.38
-0.39,-3.35
-0.47,-3.3
-0.51,-2.98
-0.38,-2.38
-0.5,-1.81
-0.58,-0.86
-0.58,-1.16
-1.07,-2.65
-0.72,-2.87
-0.67,-3.1
-0.66,-3.11
-0.64,-3.01
-0.59,-2.72
-0.4,-2.15
-0.52,-1.7
-0.71,-0.93
-0.64,-0.69
-0.75,-1.34
-0.54,-1.43
-0.69,-1.58
-0.64,-1.58
-0.64,-1.55
-0.81,-1.5
-0.46,-1.13
-0.4,-0.87
-0.61,-0.56
0.64,0.69
0.74,1.34
0.54,1.43
0.69,1.58
0.64,1.57
0.64,1.54
0.81,1.5
0.46,1.13
0.4,0.87
0.61,0.56
0.58,1.16
1.07,2.65
0.72,2.87
0.67,3.09
0.66,3.11
0.64,3.01
0.59,2.72
0.4,2.15
0.52,1.7
0.71,0.93
0.74,1.26
0.74,2.66
-0.05,2.73
0.61,3.38
0.38,3.35
0.47,3.3
0.51,2.99
0.38,2.38
0.5,1.81
0.58,0.86
0.7,1.14
0.94,2.61
0.45,2.88
0.63,3.33
0.4,3.24
0.59,3.25
0.47,2.81
0.32,2.2
0.47,1.6
0.39,0.63
0.59,0.89
0.67,2.12
0.5,2.57
0.8,3.05
0.47,2.88
0.79,2.97
0.49,2.47
0.62,2.08
0.63,1.45
0.55,0.56
0.73,0.78
0.86,1.81
0.53,2.08
0.81,2.44
0.48,2.24
0.82,2.34
0.52,1.91
0.79,1.71
0.56,1.04
0.66,0.45
0.93,0.69
0.82,1.38
0.73,1.59
0.68,1.67
0.56,1.5
0.7,1.49
0.52,1.21
0.83,1.17
0.37,0.51
0.8,0.36
0.94,0.49
0.94,0.98
0.66,1.0
0.85,1.09
0.59,0.84
0.69,0.78
0.52,0.6
0.96,0.77
0.43,0.25
1.14,0.41
0.89,0.26
0.87,0.52
0.91,0.58
0.91,0.58
0.79,0.42
0.79,0.36
0.69,0.28
1.03,0.47
0.68,0.19
1.17,0.35
1.16,0.17
0.99,0.18
0.82,0.08
0.75,0.03
0.88,0.08
0.96,0.12
1.01,0.15
0.98,0.17
1.01,0.16
1.33,0.26
-1.14,-0.13
-0.89,-0.08
-0.74,-0.01
-0.8,-0.04
-0.96,-0.13
-1.01,-0.17
-1.04,-0.19
-1.0,-0.21
-1.1,-0.23
-1.41,-0.31
-0.82,-0.16
-0.89,-0.43
-0.92,-0.51
-0.89,-0.51
-0.76,-0.38
-0.78,-0.37
-0.74,-0.35
-1.04,-0.5
-0.65,-0.18
-1.19,-0.36
-0.77,-0.33
-0.91,-0.85
-0.65,-0.9
-0.82,-0.99
-0.55,-0.77
-0.69,-0.78
-0.57,-0.65
-0.95,-0.75
-0.38,-0.18
-1.09,-0.36
-0.82,-0.59
-0.8,-1.29
-0.71,-1.52
-0.63,-1.59
-0.59,-1.49
-0.71,-1.5
-0.54,-1.2
-0.79,-1.11
-0.38,-0.47
-0.77,-0.32
-0.87,-0.84
-0.87,-1.81
-0.56,-2.11
-0.78,-2.42
-0.5,-2.26
-0.84,-2.34
-0.48,-1.84
-0.77,-1.64
-0.59,-1.02
-0.65,-0.44
-0.69,-0.94
-0.62,-2.11
-0.56,-2.65
-0.8,-3.09
-0.47,-2.92
-0.77,-2.96
-0.44,-2.4
-0.53,-1.97
-0.59,-1.4
-0.52,-0.56
-0.55,-1.06
-0.91,-2.59
-0.55,-2.99
-0.63,-3.4
-0.4,-3.3
-0.57,-3.28
-0.46,-2.84
-0.28,-2.21
-0.46,-1.66
-0.57,-0.76
-0.72,-1.24
-0.7,-2.62
0.08,-2.77
-0.6,-3.44
-0.4,-3.45
-0.47,-3.41
-0.56,-3.16
-0.43,-2.57
-0.53,-1.94
-0.73,-0.99
-0.68,-1.2
-1.02,-2.65
-0.73,-2.94
-0.69,-3.17
-0.68,-3.22
-0.66,-3.14
-0.71,-2.96
-0.52,-2.44
-0.46,-1.78
-0.57,-0.89
-0.54,-0.66
-0.85,-1.42
-0.73,-1.57
-0.62,-1.6
-0.74,-1.66
-0.52,-1.53
-0.69,-1.54
-0.81,-1.42
-0.52,-1.0
-0.45,-0.5
0.54,0.66
0.85,1.42
0.73,1.57
0.62,1.6
0.74,1.65
0.52,1.53
0.69,1.54
0.81,1.42
0.52,1.0
0.45,0.5
0.68,1.2
1.02,2.65
0.73,2.94
0.69,3.17
0.68,3.22
0.66,3.14
0.71,2.96
0.52,2.44
0.46,1.78
0.57,0.89
0.72,1.24
0.7,2.62
-0.08,2.77
0.6,3.44
0.4,3.45
0.47,3.41
0.56,3.16
0.43,2.57
0.53,1.94
0.73,0.99
0.55,1.06
0.91,2.59
0.55,2.99
0.63,3.4
0.4,3.3
0.57,3.28
0.46,2.84
0.28,2.21
0.46,1.66
0.57,0.76
0.69,0.94
0.62,2.11
0.56,2.65
0.8,3.09
0.47,2.92
0.77,2.96
0.44,2.4
0.53,1.97
0.59,1.4
0.52,0.56
0.87,0.84
0.87,1.81
0.56,2.11
0.78,2.42
0.5,2.26
0.84,2.34
0.48,1.85
0.77,1.64
0.59,1.02
0.65,0.44
0.82,0.59
0.8,1.29
0.71,1.52
0.63,1.59
0.59,1.49
0.71,1.5
0.54,1.2
0.79,1.12
0.38,0.48
0.77,0.32
0.77,0.33
0.91,0.85
0.65,0.9
0.82,1.0
0.55,0.77
0.69,0.78
0.57,0.65
0.95,0.75
0.38,0.19
1.09,0.36
0.82,0.16
0.89,0.43
0.92,0.51
0.89,0.51
0.76,0.38
0.78,0.37
0.74,0.35
1.04,0.5
0.65,0.18
1.19,0.36
1.14,0.13
0.89,0.08
0.74,0.01
0.8,0.04
0.96,0.13
1.01,0.17
1.04,0.2
1.0,0.21
1.11,0.23
1.41,0.31
-1.1,-0.09
-0.81,-0.02
-0.76,-0.02
-0.91,-0.12
-1.05,-0.2
-1.05,-0.22
-1.06,-0.24
-1.03,-0.25
-1.2,-0.29
-1.44,-0.33
-0.81,-0.12
-0.91,-0.39
-0.93,-0.48
-0.85,-0.48
-0.74,-0.39
-0.79,-0.42
-0.78,-0.41
-1.04,-0.51
-0.61,-0.14
-1.15,-0.32
-0.69,-0.23
-0.91,-0.77
-0.65,-0.84
-0.79,-0.93
-0.52,-0.75
-0.72,-0.81
-0.61,-0.68
-0.92,-0.71
-0.34,-0.13
-1.05,-0.32
-0.62,-0.41
-0.79,-1.2
-0.68,-1.44
-0.61,-1.54
-0.64,-1.51
-0.71,-1.5
-0.54,-1.17
-0.75,-1.06
-0.41,-0.48
-0.78,-0.33
-0.73,-0.74
-0.89,-1.77
-0.57,-2.1
-0.76,-2.4
-0.53,-2.27
-0.84,-2.32
-0.42,-1.77
-0.76,-1.6
-0.62,-1.05
-0.68,-0.48
-0.81,-0.99
-0.57,-2.11
-0.61,-2.72
-0.79,-3.11
-0.46,-2.92
-0.73,-2.92
-0.39,-2.34
-0.46,-1.94
-0.58,-1.46
-0.64,-0.67
-0.65,-1.12
-0.88,-2.6
-0.68,-3.12
-0.63,-3.46
-0.4,-3.35
-0.55,-3.32
-0.46,-2.91
-0.3,-2.33
-0.52,-1.81
-0.73,-0.9
-0.58,-1.16
-0.68,-2.59
0.08,-2.8
-0.58,-3.48
-0.42,-3.54
-0.49,-3.53
-0.62,-3.35
-0.53,-2.82
-0.54,-2.09
-0.59,-0.96
-0.73,-1.2
-0.99,-2.59
-0.67,-2.92
-0.68,-3.22
-0.7,-3.32
-0.66,-3.27
-0.74,-3.12
-0.68,-2.71
-0.54,-1.99
-0.39,-0.83
-0.54,-0.65
-0.68,-1.33
-0.87,-1.64
-0.69,-1.68
-0.76,-1.73
-0.77,-1.7
-0.51,-1.51
-0.7,-1.44
-0.79,-1.21
-0.54,-0.57
0.54,0.65
0.68,1.32
0.87,1.64
0.69,1.67
0.75,1.73
0.77,1.7
0.51,1.51
0.7,1.45
0.79,1.21
0.53,0.57
0.73,1.2
0.99,2.59
0.67,2.92
0.69,3.22
0.7,3.32
0.66,3.27
0.74,3.12
0.68,2.71
0.54,1.99
0.39,0.83
0.58,1.16
0.68,2.58
-0.08,2.8
0.58,3.48
0.42,3.54
0.48,3.53
0.62,3.35
0.53,2.82
0.54,2.1
0.59,0.96
0.65,1.12
0.88,2.6
0.68,3.12
0.63,3.46
0.4,3.35
0.55,3.32
0.46,2.91
0.3,2.33
0.51,1.81
0.73,0.9
0.81,0.99
0.57,2.11
0.61,2.72
0.79,3.11
0.46,2.92
0.73,2.92
0.39,2.34
0.46,1.94
0.58,1.46
0.64,0.67
0.73,0.74
0.89,1.77
0.57,2.1
0.76,2.4
0.53,2.28
0.84,2.32
0.42,1.77
0.76,1.61
0.62,1.05
0.68,0.48
0.62,0.41
0.79,1.2
0.68,1.44
0.61,1.54
0.64,1.51
0.71,1.5
0.54,1.17
0.75,1.06
0.41,0.48
0.78,0.33
0.69,0.23
0.91,0.77
0.65,0.84
0.79,0.93
0.52,0.75
0.72,0.81
0.61,0.68
0.92,0.71
0.34,0.13
1.05,0.32
0.81,0.12
0.91,0.39
0.93,0.48
0.85,0.48
0.74,0.39
0.79,0.42
0.78,0.42
1.04,0.52
0.61,0.14
1.15,0.32
1.1,0.09
0.81,0.02
0.76,0.02
0.91,0.12
1.05,0.2
1.04,0.22
1.06,0.24
1.03,0.25
1.2,0.29
1.44,0.33
-1.05,-0.07
-0.77,-0.01
-0.87,-0.1
-1.05,-0.23
-1.1,-0.26
-1.06,-0.26
-1.08,-0.28
-1.08,-0.3
-1.26,-0.32
-1.4,-0.31
-0.82,-0.11
-0.92,-0.39
-0.92,-0.5
-0.83,-0.5
-0.73,-0.42
-0.8,-0.47
-0.81,-0.47
-1.04,-0.52
-0.55,-0.11
-1.09,-0.28
-0.7,-0.21
-0.91,-0.75
-0.64,-0.81
-0.76,-0.91
-0.52,-0.77
-0.76,-0.86
-0.63,-0.7
-0.86,-0.67
-0.32,-0.12
-1.07,-0.34
-0.53,-0.32
-0.79,-1.15
-0.64,-1.38
-0.61,-1.53
-0.68,-1.54
-0.69,-1.48
-0.51,-1.15
-0.72,-1.06
-0.47,-0.56
-0.84,-0.4
-0.54,-0.58
-0.96,-1.75
-0.55,-2.07
-0.75,-2.38
-0.56,-2.28
-0.8,-2.26
-0.37,-1.72
-0.78,-1.65
-0.64,-1.16
-0.77,-0.59
-0.61,-0.85
-0.58,-2.07
-0.63,-2.74
-0.76,-3.09
-0.45,-2.9
-0.67,-2.87
-0.34,-2.34
-0.43,-2.02
-0.61,-1.59
-0.73,-0.77
-0.77,-1.16
-0.84,-2.61
-0.82,-3.24
-0.62,-3.48
-0.41,-3.37
-0.54,-3.36
-0.47,-3.04
-0.37,-2.55
-0.58,-1.98
-0.62,-0.88
-0.61,-1.18
-0.66,-2.58
0.04,-2.84
-0.54,-3.47
-0.42,-3.57
-0.5,-3.64
-0.67,-3.56
-0.65,-3.11
-0.58,-2.29
-0.39,-0.9
-0.66,-1.17
-1.03,-2.58
-0.62,-2.86
-0.64,-3.18
-0.7,-3.34
-0.66,-3.37
-0.72,-3.29
-0.73,-2.93
-0.7,-2.24
-0.5,-0.96
-0.65,-0.68
-0.6,-1.26
-0.7,-1.53
-0.82,-1.71
-0.65,-1.7
-0.82,-1.79
-0.82,-1.74
-0.55,-1.46
-0.74,-1.26
-0.72,-0.68
0.65,0.68
0.59,1.26
0.7,1.52
0.82,1.71
0.65,1.7
0.82,1.79
0.81,1.73
0.55,1.46
0.74,1.26
0.72,0.68
0.66,1.17
1.03,2.58
0.62,2.86
0.64,3.18
0.7,3.34
0.66,3.37
0.72,3.29
0.73,2.93
0.7,2.24
0.5,0.96
0.61,1.18
0.66,2.58
-0.04,2.84
0.54,3.47
0.42,3.57
0.5,3.64
0.67,3.56
0.65,3.11
0.58,2.29
0.39,0.9
0.77,1.16
0.84,2.61
0.82,3.24
0.62,3.48
0.41,3.37
0.54,3.36
0.48,3.04
0.37,2.55
0.58,1.98
0.62,0.88
0.61,0.85
0.58,2.07
0.63,2.74
0.76,3.09
0.45,2.9
0.67,2.87
0.34,2.34
0.43,2.02
0.6,1.59
0.73,0.77
0.54,0.58
0.96,1.75
0.55,2.07
0.75,2.38
0.56,2.28
0.8,2.26
0.37,1.72
0.78,1.65
0.64,1.16
0.77,0.59
0.53,0.32
0.79,1.15
0.64,1.38
0.61,1.53
0.68,1.54
0.69,1.48
0.51,1.15
0.72,1.06
0.47,0.56
0.84,0.4
0.7,0.21
0.91,0.75
0.64,0.81
0.76,0.91
0.52,0.77
0.76,0.86
0.63,0.7
0.86,0.68
0.32,0.12
1.07,0.34
0.82,0.11
0.92,0.39
0.92,0.5
0.83,0.5
0.73,0.42
0.8,0.47
0.81,0.47
1.04,0.52
0.55,0.11
1.09,0.28
1.05,0.07
0.77,0.01
0.87,0.1
1.05,0.23
1.1,0.27
1.06,0.26
1.08,0.28
1.08,0.3
1.27,0.32
1.4,0.31
-1.01,-0.06
-0.82,-0.07
-1.04,-0.24
-1.14,-0.31
-1.09,-0.29
-1.07,-0.29
-1.11,-0.31
-1.12,-0.33
-1.27,-0.32
-1.34,-0.28
-0.81,-0.12
-0.93,-0.43
-0.92,-0.55
-0.8,-0.53
-0.74,-0.46
-0.82,-0.52
-0.84,-0.51
-1.02,-0.52
-0.51,-0.09
-1.09,-0.29
-0.72,-0.23
-0.91,-0.76
-0.63,-0.81
-0.73,-0.91
-0.54,-0.81
-0.79,-0.91
-0.62,-0.72
-0.79,-0.66
-0.34,-0.18
-1.16,-0.42
-0.53,-0.31
-0.76,-1.13
-0.63,-1.36
-0.64,-1.55
-0.71,-1.56
-0.65,-1.46
-0.5,-1.16
-0.72,-1.13
-0.53,-0.7
-0.91,-0.5
-0.55,-0.55
-1.01,-1.77
-0.51,-2.03
-0.77,-2.37
-0.56,-2.26
-0.74,-2.21
-0.35,-1.75
-0.83,-1.79
-0.66,-1.3
-0.8,-0.65
-0.37,-0.69
-0.66,-2.1
-0.6,-2.73
-0.72,-3.05
-0.43,-2.87
-0.61,-2.84
-0.31,-2.4
-0.46,-2.2
-0.65,-1.74
-0.63,-0.75
-0.57,-1.02
-0.85,-2.61
-0.94,-3.34
-0.6,-3.48
-0.41,-3.38
-0.55,-3.42
-0.51,-3.21
-0.47,-2.83
-0.61,-2.18
-0.46,-0.86
-0.67,-1.18
-0.63,-2.59
-0.04,-2.92
-0.49,-3.44
-0.42,-3.57
-0.51,-3.71
-0.71,-3.75
-0.73,-3.4
-0.65,-2.55
-0.51,-1.06
-0.61,-1.15
-1.02,-2.59
-0.66,-2.87
-0.59,-3.12
-0.67,-3.3
-0.65,-3.36
-0.7,-3.39
-0.72,-3.12
-0.76,-2.46
-0.74,-1.18
-0.66,-0.7
-0.77,-1.35
-0.57,-1.46
-0.7,-1.62
-0.77,-1.72
-0.58,-1.67
-0.84,-1.78
-0.79,-1.65
-0.67,-1.31
-0.7,-0.72
0.66,0.7
0.77,1.35
0.57,1.45
0.7,1.62
0.77,1.71
0.58,1.67
0.84,1.78
0.78,1.65
0.67,1.31
0.7,0.72
0.61,1.15
1.02,2.59
0.66,2.87
0.59,3.12
0.67,3.3
0.65,3.36
0.71,3.39
0.72,3.12
0.76,2.46
0.74,1.18
0.67,1.18
0.63,2.59
0.04,2.92
0.49,3.44
0.42,3.57
0.51,3.71
0.71,3.75
0.74,3.4
0.65,2.55
0.51,1.06
0.57,1.02
0.85,2.61
0.94,3.34
0.6,3.48
0.41,3.38
0.55,3.42
0.51,3.21
0.47,2.83
0.61,2.18
0.46,0.86
0.37,0.69
0.66,2.1
0.6,2.73
0.72,3.05
0.43,2.87
0.61,2.84
0.31,2.4
0.46,2.2
0.65,1.74
0.63,0.75
0.55,0.55
1.01,1.77
0.51,2.03
0.77,2.37
0.56,2.26
0.74,2.21
0.35,1.75
0.83,1.79
0.66,1.3
0.8,0.65
0.53,0.31
0.76,1.13
0.62,1.36
0.64,1.55
0.71,1.56
0.65,1.46
0.5,1.17
0.72,1.13
0.54,0.7
0.91,0.5
0.73,0.23
0.91,0.76
0.63,0.81
0.73,0.91
0.54,0.81
0.79,0.91
0.62,0.72
0.79,0.67
0.34,0.18
1.16,0.42
0.8,0.12
0.93,0.43
0.92,0.55
0.8,0.53
0.74,0.46
0.82,0.52
0.84,0.51
1.02,0.52
0.51,0.09
1.09,0.29
1.01,0.06
0.82,0.07
1.04,0.24
1.14,0.32
1.09,0.29
1.07,0.29
1.11,0.31
1.12,0.33
1.27,0.32
1.34,0.28
-1.03,-0.09
-0.96,-0.2
-1.19,-0.36
-1.12,-0.34
-1.07,-0.3
-1.09,-0.33
-1.13,-0.35
-1.13,-0.34
-1.25,-0.31
-1.31,-0.28
-0.79,-0.13
-0.94,-0.5
-0.92,-0.61
-0.78,-0.55
-0.75,-0.5
-0.84,-0.59
-0.85,-0.56
-0.99,-0.52
-0.48,-0.12
-1.17,-0.36
-0.76,-0.25
-0.92,-0.8
-0.62,-0.84
-0.72,-0.94
-0.56,-0.87
-0.81,-0.97
-0.6,-0.77
-0.72,-0.7
-0.39,-0.3
-1.27,-0.53
-0.5,-0.31
-0.73,-1.12
-0.63,-1.38
-0.68,-1.59
-0.7,-1.58
-0.6,-1.47
-0.53,-1.27
-0.76,-1.29
-0.6,-0.85
-0.89,-0.54
-0.63,-0.6
-0.99,-1.77
-0.48,-2.01
-0.79,-2.39
-0.53,-2.25
-0.68,-2.22
-0.38,-1.9
-0.9,-2.02
-0.65,-1.43
-0.71,-0.64
-0.43,-0.72
-0.7,-2.15
-0.51,-2.7
-0.7,-3.04
-0.4,-2.87
-0.56,-2.88
-0.31,-2.57
-0.53,-2.48
-0.67,-1.94
-0.54,-0.78
-0.36,-0.9
-0.94,-2.69
-1.02,-3.44
-0.56,-3.49
-0.43,-3.43
-0.58,-3.54
-0.55,-3.43
-0.57,-3.16
-0.65,-2.45
-0.62,-1.06
-0.51,-1.07
-0.66,-2.62
-0.14,-3.04
-0.46,-3.46
-0.41,-3.6
-0.51,-3.78
-0.73,-3.9
-0.79,-3.64
-0.72,-2.83
-0.78,-1.32
-0.57,-1.09
-0.93,-2.56
-0.7,-2.96
-0.59,-3.13
-0.63,-3.28
-0.63,-3.37
-0.67,-3.39
-0.69,-3.19
-0.77,-2.6
-0.72,-1.24
-0.53,-0.63
-0.81,-1.38
-0.81,-1.61
-0.56,-1.57
-0.75,-1.7
-0.69,-1.7
-0.6,-1.65
-0.75,-1.64
-0.79,-1.4
-0.63,-0.71
0.53,0.63
0.81,1.38
0.81,1.6
0.56,1.57
0.75,1.7
0.69,1.7
0.6,1.65
0.75,1.64
0.79,1.4
0.63,0.71
0.57,1.09
0.93,2.56
0.7,2.96
0.6,3.13
0.63,3.28
0.63,3.37
0.67,3.39
0.69,3.19
0.77,2.6
0.72,1.24
0.51,1.07
0.66,2.62
0.13,3.04
0.46,3.46
0.41,3.6
0.51,3.78
0.73,3.9
0.79,3.65
0.72,2.83
0.78,1.32
0.36,0.9
0.94,2.69
1.02,3.44
0.56,3.49
0.43,3.43
0.58,3.54
0.55,3.43
0.58,3.16
0.65,2.45
0.62,1.06
0.43,0.72
0.7,2.15
0.51,2.7
0.7,3.04
0.4,2.87
0.56,2.88
0.31,2.58
0.53,2.48
0.67,1.94
0.54,0.78
0.63,0.6
0.99,1.77
0.48,2.01
0.79,2.39
0.53,2.25
0.68,2.22
0.38,1.9
0.9,2.02
0.65,1.43
0.71,0.64
0.5,0.31
0.73,1.12
0.63,1.38
0.68,1.59
0.7,1.58
0.6,1.47
0.53,1.28
0.76,1.29
0.6,0.85
0.89,0.54
0.76,0.25
0.92,0.8
0.62,0.84
0.72,0.94
0.56,0.87
0.81,0.97
0.6,0.77
0.72,0.7
0.39,0.3
1.27,0.53
0.79,0.13
0.94,0.5
0.92,0.61
0.78,0.55
0.75,0.51
0.84,0.59
0.85,0.56
0.99,0.52
0.48,0.12
1.17,0.36
1.03,0.09
0.96,0.2
1.19,0.36
1.12,0.34
1.07,0.3
1.1,0.33
1.13,0.35
1.13,0.34
1.25,0.31
1.31,0.28
-1.13,-0.17
-1.15,-0.34
-1.23,-0.42
-1.04,-0.31
-1.09,-0.33
-1.13,-0.38
-1.13,-0.37
-1.12,-0.34
-1.24,-0.33
-1.34,-0.32
-0.78,-0.17
-0.97,-0.59
-0.91,-0.65
-0.76,-0.57
-0.77,-0.58
-0.87,-0.67
-0.85,-0.61
-0.93,-0.54
-0.47,-0.19
-1.32,-0.48
-0.81,-0.3
-0.93,-0.85
-0.6,-0.87
-0.71,-0.99
-0.6,-0.96
-0.82,-1.07
-0.57,-0.87
-0.68,-0.8
-0.47,-0.45
-1.29,-0.59
-0.48,-0.31
-0.72,-1.13
-0.65,-1.42
-0.69,-1.65
-0.67,-1.63
-0.56,-1.58
-0.6,-1.51
-0.81,-1.52
-0.61,-1.0
-0.77,-0.53
-0.58,-0.59
-0.96,-1.76
-0.49,-2.03
-0.81,-2.44
-0.49,-2.29
-0.66,-2.35
-0.46,-2.2
-0.95,-2.33
-0.62,-1.62
-0.72,-0.72
-0.57,-0.8
-0.63,-2.12
-0.42,-2.66
-0.71,-3.06
-0.37,-2.92
-0.54,-3.03
-0.34,-2.87
-0.62,-2.85
-0.72,-2.25
-0.73,-1.01
-0.45,-0.97
-1.0,-2.78
-1.02,-3.5
-0.52,-3.52
-0.46,-3.54
-0.62,-3.72
-0.59,-3.7
-0.67,-3.5
-0.72,-2.77
-0.84,-1.29
-0.37,-1.01
-0.76,-2.73
-0.24,-3.19
-0.43,-3.52
-0.41,-3.67
-0.5,-3.88
-0.73,-4.04
-0.8,-3.81
-0.78,-3.0
-0.67,-1.33
-0.46,-0.99
-0.91,-2.51
-0.7,-3.02
-0.61,-3.22
-0.61,-3.32
-0.6,-3.41
-0.65,-3.43
-0.61,-3.17
-0.77,-2.6
-0.6,-1.18
-0.45,-0.56
-0.56,-1.22
-0.84,-1.63
-0.79,-1.72
-0.65,-1.69
-0.74,-1.74
-0.72,-1.71
-0.59,-1.55
-0.74,-1.36
-0.68,-0.71
0.45,0.56
0.56,1.22
0.84,1.63
0.78,1.71
0.65,1.69
0.74,1.74
0.72,1.71
0.59,1.54
0.74,1.35
0.68,0.71
0.46,0.99
0.9,2.51
0.7,3.02
0.62,3.22
0.61,3.32
0.6,3.41
0.65,3.43
0.61,3.17
0.77,2.6
0.6,1.18
0.37,1.01
0.76,2.73
0.24,3.19
0.43,3.52
0.4,3.67
0.5,3.88
0.73,4.04
0.8,3.81
0.78,3.0
0.67,1.33
0.45,0.97
1.0,2.78
1.02,3.51
0.52,3.52
0.46,3.54
0.62,3.72
0.59,3.71
0.67,3.51
0.72,2.77
0.84,1.29
0.57,0.8
0.63,2.13
0.42,2.66
0.71,3.06
0.37,2.92
0.54,3.03
0.34,2.87
0.62,2.85
0.72,2.25
0.73,1.01
0.58,0.59
0.97,1.76
0.49,2.03
0.81,2.44
0.49,2.29
0.66,2.35
0.46,2.2
0.95,2.33
0.62,1.62
0.72,0.72
0.48,0.31
0.72,1.13
0.65,1.42
0.69,1.65
0.67,1.63
0.56,1.58
0.6,1.51
0.81,1.52
0.61,1.0
0.77,0.53
0.81,0.3
0.93,0.85
0.6,0.87
0.71,0.99
0.6,0.96
0.82,1.07
0.57,0.87
0.68,0.8
0.47,0.45
1.29,0.59
0.78,0.17
0.97,0.59
0.91,0.65
0.76,0.57
0.77,0.58
0.87,0.67
0.85,0.61
0.93,0.54
0.47,0.19
1.32,0.48
1.13,0.17
1.15,0.34
1.23,0.42
1.04,0.31
1.09,0.33
1.13,0.38
1.13,0.36
1.12,0.34
1.24,0.33
1.34,0.32
-1.31,-0.28
-1.25,-0.43
-1.13,-0.39
-1.0,-0.31
-1.18,-0.41
-1.13,-0.41
-1.1,-0.37
-1.13,-0.37
-1.28,-0.39
-1.43,-0.38
-0.82,-0.25
-1.0,-0.67
-0.88,-0.67
-0.75,-0.62
-0.81,-0.71
-0.88,-0.78
-0.84,-0.69
-0.87,-0.59
-0.49,-0.29
-1.43,-0.58
-0.88,-0.38
-0.94,-0.93
-0.58,-0.93
-0.73,-1.08
-0.63,-1.11
-0.8,-1.22
-0.53,-1.03
-0.67,-0.95
-0.53,-0.61
-1.18,-0.59
-0.54,-0.37
-0.71,-1.19
-0.68,-1.51
-0.69,-1.75
-0.63,-1.76
-0.57,-1.81
-0.71,-1.86
-0.84,-1.81
-0.59,-1.19
-0.76,-0.61
-0.52,-0.56
-1.0,-1.79
-0.52,-2.1
-0.8,-2.53
-0.45,-2.42
-0.68,-2.63
-0.57,-2.62
-0.96,-2.68
-0.64,-1.9
-0.94,-0.95
-0.49,-0.76
-0.54,-2.05
-0.37,-2.64
-0.73,-3.14
-0.33,-3.05
-0.54,-3.28
-0.4,-3.24
-0.71,-3.25
-0.82,-2.56
-0.78,-1.13
-0.58,-1.06
-0.94,-2.78
-0.96,-3.5
-0.48,-3.56
-0.5,-3.68
-0.66,-3.95
-0.63,-3.98
-0.73,-3.78
-0.76,-2.93
-0.65,-1.23
-0.51,-1.11
-0.83,-2.85
-0.34,-3.31
-0.41,-3.59
-0.4,-3.77
-0.48,-3.99
-0.71,-4.16
-0.77,-3.89
-0.79,-3.02
-0.54,-1.25
-0.36,-0.96
-0.95,-2.56
-0.76,-3.07
-0.64,-3.27
-0.62,-3.39
-0.57,-3.44
-0.67,-3.5
-0.55,-3.16
-0.67,-2.54
-0.68,-1.19
-0.42,-0.52
-0.51,-1.16
-0.52,-1.44
-0.72,-1.67
-0.79,-1.77
-0.66,-1.74
-0.78,-1.78
-0.71,-1.62
-0.68,-1.32
-0.67,-0.7
0.42,0.53
0.51,1.16
0.52,1.44
0.72,1.67
0.78,1.77
0.66,1.74
0.78,1.77
0.71,1.61
0.67,1.32
0.67,0.7
0.36,0.96
0.95,2.56
0.76,3.07
0.64,3.27
0.62,3.39
0.57,3.44
0.67,3.5
0.55,3.16
0.67,2.53
0.68,1.19
0.51,1.11
0.83,2.85
0.34,3.31
0.41,3.59
0.4,3.76
0.48,3.99
0.71,4.16
0.77,3.89
0.79,3.02
0.54,1.25
0.58,1.06
0.94,2.78
0.97,3.5
0.48,3.57
0.5,3.68
0.66,3.95
0.63,3.98
0.73,3.78
0.76,2.93
0.65,1.23
0.49,0.76
0.54,2.05
0.37,2.64
0.73,3.14
0.33,3.05
0.54,3.28
0.4,3.24
0.71,3.25
0.82,2.56
0.78,1.13
0.52,0.57
1.0,1.79
0.52,2.1
0.8,2.53
0.45,2.42
0.68,2.63
0.57,2.62
0.96,2.68
0.64,1.9
0.94,0.95
0.54,0.37
0.71,1.19
0.68,1.51
0.69,1.75
0.63,1.76
0.57,1.82
0.71,1.86
0.84,1.81
0.59,1.19
0.76,0.61
0.89,0.38
0.94,0.93
0.58,0.93
0.73,1.09
0.63,1.11
0.8,1.22
0.53,1.03
0.67,0.95
0.53,0.61
1.18,0.59
0.82,0.25
1.0,0.67
0.88,0.67
0.75,0.62
0.82,0.71
0.88,0.78
0.84,0.68
0.87,0.59
0.49,0.29
1.43,0.58
1.31,0.28
1.25,0.43
1.13,0.38
1.0,0.31
1.18,0.41
1.13,0.41
1.09,0.37
1.13,0.37
1.28,0.39
1.43,0.38
-1.48,-0.37
-1.2,-0.43
-1.03,-0.35
-1.1,-0.4
-1.23,-0.5
-1.06,-0.42
-1.1,-0.41
-1.19,-0.45
-1.35,-0.49
-1.52,-0.45
-0.89,-0.34
-1.01,-0.74
-0.84,-0.71
-0.76,-0.74
-0.86,-0.87
-0.88,-0.89
-0.81,-0.77
-0.81,-0.67
-0.52,-0.41
-1.46,-0.63
-0.95,-0.48
-0.95,-1.01
-0.56,-1.02
-0.75,-1.25
-0.66,-1.32
-0.77,-1.41
-0.51,-1.23
-0.71,-1.16
-0.59,-0.78
-1.07,-0.61
-0.65,-0.48
-0.67,-1.28
-0.7,-1.64
-0.67,-1.91
-0.62,-2.0
-0.64,-2.17
-0.83,-2.26
-0.83,-2.08
-0.6,-1.4
-0.92,-0.75
-0.61,-0.66
-1.06,-1.92
-0.56,-2.24
-0.77,-2.68
-0.46,-2.67
-0.75,-3.02
-0.67,-3.06
-0.98,-3.0
-0.73,-2.14
-0.92,-0.99
-0.42,-0.73
-0.54,-2.07
-0.35,-2.7
-0.76,-3.29
-0.29,-3.25
-0.59,-3.62
-0.46,-3.61
-0.79,-3.54
-0.84,-2.68
-0.5,-1.0
-0.43,-0.97
-0.85,-2.7
-0.88,-3.49
-0.46,-3.66
-0.53,-3.86
-0.69,-4.18
-0.66,-4.2
-0.75,-3.93
-0.71,-2.95
-0.63,-1.21
-0.64,-1.2
-0.84,-2.9
-0.41,-3.43
-0.4,-3.68
-0.39,-3.87
-0.46,-4.08
-0.68,-4.22
-0.71,-3.9
-0.73,-3.0
-0.64,-1.3
-0.45,-1.04
-0.94,-2.64
-0.86,-3.22
-0.71,-3.36
-0.67,-3.44
-0.54,-3.46
-0.67,-3.51
-0.58,-3.18
-0.58,-2.49
-0.68,-1.19
-0.34,-0.51
-0.59,-1.23
-0.56,-1.48
-0.44,-1.51
-0.63,-1.66
-0.67,-1.71
-0.68,-1.72
-0.74,-1.64
-0.8,-1.38
-0.64,-0.7
0.34,0.51
0.59,1.23
0.56,1.48
0.44,1.51
0.63,1.66
0.67,1.71
0.68,1.72
0.74,1.64
0.79,1.38
0.64,0.7
0.45,1.04
0.94,2.64
0.86,3.22
0.71,3.36
0.67,3.44
0.54,3.46
0.67,3.51
0.58,3.18
0.58,2.49
0.68,1.19
0.64,1.2
0.84,2.9
0.41,3.43
0.4,3.68
0.39,3.87
0.46,4.08
0.68,4.22
0.71,3.9
0.73,3.0
0.64,1.3
0.43,0.97
0.85,2.71
0.88,3.49
0.46,3.66
0.53,3.86
0.7,4.18
0.66,4.2
0.75,3.93
0.71,2.95
0.63,1.21
0.42,0.73
0.54,2.08
0.35,2.7
0.76,3.29
0.29,3.25
0.59,3.62
0.46,3.61
0.79,3.54
0.84,2.68
0.5,1.0
0.61,0.66
1.06,1.92
0.56,2.24
0.77,2.68
0.46,2.67
0.75,3.02
0.67,3.06
0.98,3.0
0.73,2.14
0.92,0.99
0.65,0.48
0.67,1.28
0.7,1.64
0.67,1.91
0.62,2.0
0.64,2.17
0.83,2.26
0.83,2.08
0.6,1.4
0.92,0.75
0.95,0.48
0.95,1.01
0.56,1.02
0.75,1.25
0.66,1.32
0.77,1.41
0.51,1.23
0.71,1.16
0.59,0.78
1.07,0.61
0.89,0.34
1.01,0.74
0.84,0.71
0.76,0.74
0.86,0.87
0.88,0.89
0.81,0.77
0.81,0.67
0.52,0.41
1.46,0.63
1.48,0.37
1.2,0.43
1.03,0.35
1.1,0.4
1.23,0.5
1.05,0.42
1.1,0.41
1.19,0.45
1.35,0.49
1.52,0.45
-1.55,-0.42
-1.07,-0.39
-1.07,-0.41
-1.23,-0.53
-1.16,-0.52
-1.0,-0.43
-1.2,-0.51
-1.28,-0.55
-1.4,-0.56
-1.56,-0.48
-0.99,-0.43
-1.01,-0.79
-0.82,-0.8
-0.79,-0.92
-0.9,-1.03
-0.85,-0.99
-0.77,-0.88
-0.76,-0.77
-0.54,-0.51
-1.42,-0.64
-1.01,-0.57
-0.95,-1.11
-0.55,-1.17
-0.8,-1.48
-0.67,-1.56
-0.71,-1.62
-0.52,-1.46
-0.77,-1.37
-0.63,-0.92
-1.01,-0.61
-0.71,-0.58
-0.6,-1.37
-0.71,-1.83
-0.66,-2.15
-0.66,-2.34
-0.74,-2.57
-0.9,-2.61
-0.8,-2.29
-0.66,-1.55
-0.93,-0.76
-0.72,-0.81
-1.08,-2.08
-0.59,-2.45
-0.73,-2.92
-0.52,-3.05
-0.84,-3.46
-0.74,-3.43
-1.0,-3.22
-0.75,-2.21
-0.64,-0.85
-0.63,-0.9
-0.59,-2.24
-0.34,-2.86
-0.79,-3.52
-0.26,-3.54
-0.67,-3.99
-0.52,-3.92
-0.8,-3.69
-0.75,-2.67
-0.55,-1.02
-0.36,-0.95
-0.78,-2.7
-0.8,-3.54
-0.48,-3.84
-0.55,-4.1
-0.73,-4.43
-0.68,-4.37
-0.73,-3.98
-0.66,-2.94
-0.82,-1.3
-0.48,-1.11
-0.79,-2.88
-0.43,-3.53
-0.39,-3.83
-0.4,-4.04
-0.44,-4.19
-0.64,-4.25
-0.67,-3.87
-0.69,-2.93
-0.56,-1.25
-0.56,-1.09
-0.93,-2.67
-0.89,-3.35
-0.78,-3.55
-0.77,-3.62
-0.58,-3.52
-0.65,-3.48
-0.61,-3.15
-0.59,-2.46
-0.67,-1.17
-0.36,-0.53
-0.49,-1.2
-0.68,-1.59
-0.6,-1.66
-0.5,-1.63
-0.52,-1.62
-0.61,-1.63
-0.55,-1.51
-0.81,-1.36
-0.7,-0.72
0.36,0.53
0.49,1.21
0.68,1.59
0.6,1.66
0.5,1.63
0.52,1.62
0.61,1.63
0.55,1.5
0.8,1.35
0.7,0.72
0.56,1.09
0.93,2.67
0.89,3.35
0.78,3.55
0.78,3.62
0.58,3.52
0.65,3.48
0.61,3.15
0.59,2.45
0.67,1.17
0.48,1.11
0.79,2.88
0.44,3.53
0.39,3.83
0.39,4.04
0.44,4.19
0.64,4.24
0.67,3.87
0.69,2.93
0.56,1.25
0.36,0.95
0.78,2.7
0.8,3.55
0.48,3.84
0.55,4.1
0.73,4.43
0.68,4.37
0.73,3.98
0.66,2.94
0.82,1.3
0.63,0.9
0.59,2.24
0.34,2.86
0.79,3.53
0.26,3.54
0.67,3.99
0.52,3.92
0.81,3.69
0.75,2.67
0.56,1.02
0.72,0.81
1.08,2.08
0.59,2.45
0.73,2.92
0.52,3.05
0.84,3.46
0.74,3.43
1.0,3.22
0.75,2.21
0.64,0.85
0.71,0.58
0.6,1.37
0.71,1.83
0.66,2.15
0.66,2.34
0.74,2.57
0.9,2.61
0.8,2.29
0.66,1.55
0.93,0.76
1.01,0.57
0.95,1.11
0.55,1.17
0.8,1.48
0.67,1.56
0.71,1.62
0.52,1.46
0.77,1.37
0.63,0.92
1.01,0.61
0.99,0.43
1.01,0.79
0.82,0.8
0.79,0.92
0.9,1.03
0.85,0.99
0.77,0.88
0.76,0.77
0.54,0.51
1.42,0.64
1.55,0.42
1.07,0.39
1.07,0.41
1.23,0.53
1.16,0.52
1.0,0.43
1.2,0.51
1.28,0.55
1.4,0.56
1.56,0.48
-1.54,-0.42
-1.01,-0.4
-1.25,-0.55
-1.23,-0.59
-1.03,-0.5
-1.11,-0.53
-1.34,-0.64
-1.29,-0.59
-1.39,-0.56
-1.54,-0.46
-1.03,-0.49
-0.98,-0.86
-0.83,-0.95
-0.83,-1.1
-0.91,-1.15
-0.8,-1.09
-0.73,-0.97
-0.71,-0.81
-0.55,-0.53
-1.33,-0.58
-1.08,-0.66
-0.96,-1.23
-0.55,-1.35
-0.85,-1.74
-0.63,-1.78
-0.66,-1.82
-0.6,-1.69
-0.83,-1.53
-0.66,-0.99
-0.92,-0.55
-0.78,-0.67
-0.54,-1.47
-0.74,-2.05
-0.67,-2.45
-0.74,-2.73
-0.85,-2.96
-0.91,-2.87
-0.77,-2.41
-0.69,-1.6
-0.83,-0.7
-0.69,-0.87
-1.04,-2.21
-0.62,-2.69
-0.71,-3.23
-0.65,-3.49
-0.91,-3.87
-0.75,-3.68
-1.0,-3.31
-0.67,-2.19
-0.63,-0.85
-0.78,-1.08
-0.66,-2.44
-0.35,-3.09
-0.81,-3.82
-0.26,-3.88
-0.76,-4.35
-0.53,-4.12
-0.75,-3.73
-0.71,-2.66
-0.8,-1.14
-0.65,-1.17
-0.74,-2.81
-0.74,-3.67
-0.53,-4.09
-0.56,-4.36
-0.76,-4.68
-0.7,-4.51
-0.69,-3.97
-0.64,-2.88
-0.65,-1.21
-0.45,-1.13
-0.7,-2.87
-0.44,-3.61
-0.37,-3.99
-0.4,-4.24
-0.41,-4.35
-0.59,-4.29
-0.63,-3.82
-0.66,-2.86
-0.51,-1.2
-0.48,-1.05
-0.92,-2.66
-0.9,-3.39
-0.78,-3.68
-0.86,-3.86
-0.69,-3.74
-0.66,-3.55
-0.62,-3.12
-0.56,-2.38
-0.78,-1.2
-0.43,-0.55
-0.49,-1.19
-0.54,-1.53
-0.61,-1.72
-0.7,-1.82
-0.52,-1.7
-0.62,-1.65
-0.44,-1.41
-0.62,-1.21
-0.64,-0.68
0.44,0.55
0.49,1.2
0.54,1.53
0.61,1.72
0.7,1.81
0.52,1.7
0.62,1.65
0.44,1.41
0.62,1.21
0.64,0.68
0.48,1.05
0.92,2.66
0.91,3.39
0.78,3.68
0.86,3.86
0.69,3.74
0.66,3.55
0.62,3.12
0.56,2.38
0.78,1.2
0.45,1.13
0.7,2.87
0.44,3.61
0.37,3.99
0.4,4.24
0.41,4.35
0.58,4.29
0.63,3.82
0.66,2.86
0.51,1.2
0.65,1.17
0.74,2.81
0.74,3.67
0.54,4.09
0.56,4.36
0.76,4.68
0.7,4.51
0.69,3.97
0.64,2.88
0.65,1.21
0.78,1.08
0.66,2.44
0.35,3.09
0.81,3.82
0.26,3.88
0.76,4.35
0.54,4.12
0.75,3.73
0.71,2.66
0.81,1.14
0.69,0.87
1.04,2.21
0.62,2.7
0.71,3.23
0.65,3.49
0.91,3.87
0.75,3.68
1.0,3.31
0.67,2.19
0.63,0.85
0.78,0.67
0.54,1.47
0.74,2.05
0.67,2.45
0.74,2.73
0.85,2.96
0.91,2.87
0.77,2.41
0.69,1.6
0.83,0.7
1.08,0.66
0.96,1.23
0.55,1.35
0.85,1.74
0.63,1.78
0.66,1.82
0.6,1.69
0.83,1.53
0.66,0.99
0.92,0.55
1.03,0.49
0.98,0.86
0.83,0.95
0.83,1.1
0.91,1.15
0.8,1.09
0.73,0.97
0.71,0.81
0.55,0.53
1.33,0.58
1.54,0.42
1.01,0.4
1.25,0.56
1.23,0.59
1.03,0.5
1.11,0.53
1.35,0.64
1.29,0.59
1.39,0.56
1.54,0.46
-1.52,-0.43
-1.09,-0.48
-1.37,-0.66
-1.06,-0.55
-1.07,-0.56
-1.3,-0.67
-1.31,-0.64
-1.19,-0.52
-1.37,-0.52
-1.48,-0.42
-1.03,-0.52
-0.96,-0.94
-0.87,-1.1
-0.86,-1.22
-0.89,-1.24
-0.74,-1.15
-0.68,-0.99
-0.68,-0.78
-0.56,-0.49
-1.23,-0.5
-1.09,-0.72
-0.98,-1.36
-0.55,-1.54
-0.87,-1.95
-0.56,-1.94
-0.7,-2.01
-0.71,-1.86
-0.86,-1.58
-0.66,-0.99
-0.88,-0.51
-0.91,-0.8
-0.5,-1.59
-0.78,-2.31
-0.72,-2.78
-0.83,-3.09
-0.91,-3.23
-0.87,-2.96
-0.75,-2.42
-0.69,-1.59
-0.86,-0.72
-0.73,-0.94
-0.96,-2.32
-0.68,-2.97
-0.71,-3.56
-0.8,-3.92
-0.92,-4.13
-0.71,-3.76
-0.96,-3.28
-0.61,-2.13
-0.75,-0.9
-0.65,-1.09
-0.73,-2.62
-0.37,-3.33
-0.83,-4.13
-0.29,-4.2
-0.82,-4.61
-0.53,-4.21
-0.67,-3.66
-0.71,-2.6
-0.73,-1.08
-0.77,-1.31
-0.77,-2.97
-0.69,-3.83
-0.62,-4.35
-0.55,-4.59
-0.78,-4.87
-0.71,-4.6
-0.65,-3.93
-0.6,-2.79
-0.51,-1.11
-0.73,-1.35
-0.65,-2.95
-0.43,-3.7
-0.36,-4.11
-0.39,-4.38
-0.4,-4.49
-0.54,-4.37
-0.61,-3.83
-0.62,-2.81
-0.72,-1.27
-0.56,-1.14
-0.82,-2.65
-0.9,-3.43
-0.77,-3.72
-0.85,-3.95
-0.8,-3.94
-0.75,-3.74
-0.69,-3.23
-0.51,-2.33
-0.67,-1.12
-0.45,-0.58
-0.54,-1.23
-0.63,-1.58
-0.45,-1.64
-0.65,-1.81
-0.56,-1.78
-0.69,-1.76
-0.54,-1.51
-0.55,-1.16
-0.47,-0.58
0.45,0.58
0.54,1.23
0.63,1.59
0.45,1.64
0.65,1.8
0.56,1.78
0.69,1.76
0.55,1.5
0.55,1.16
0.47,0.57
0.56,1.15
0.82,2.65
0.9,3.43
0.77,3.72
0.85,3.95
0.8,3.94
0.75,3.74
0.69,3.23
0.51,2.33
0.67,1.12
0.73,1.35
0.65,2.95
0.43,3.71
0.36,4.11
0.39,4.38
0.4,4.49
0.54,4.37
0.61,3.83
0.61,2.81
0.72,1.27
0.77,1.31
0.77,2.97
0.69,3.83
0.62,4.35
0.55,4.59
0.78,4.87
0.71,4.6
0.65,3.93
0.6,2.79
0.51,1.11
0.65,1.09
0.73,2.62
0.37,3.33
0.84,4.13
0.29,4.2
0.82,4.61
0.53,4.21
0.67,3.66
0.71,2.6
0.73,1.08
0.73,0.94
0.96,2.32
0.69,2.98
0.71,3.56
0.8,3.92
0.92,4.14
0.71,3.76
0.96,3.28
0.61,2.13
0.75,0.9
0.91,0.8
0.5,1.59
0.78,2.31
0.72,2.78
0.83,3.09
0.91,3.23
0.87,2.96
0.75,2.42
0.69,1.59
0.86,0.72
1.09,0.72
0.98,1.36
0.55,1.54
0.87,1.95
0.56,1.94
0.7,2.01
0.71,1.86
0.86,1.58
0.66,0.98
0.88,0.51
1.03,0.52
0.96,0.94
0.87,1.1
0.86,1.22
0.89,1.24
0.74,1.15
0.68,0.99
0.68,0.78
0.56,0.49
1.23,0.5
1.52,0.43
1.08,0.48
1.37,0.66
1.06,0.55
1.07,0.56
1.3,0.67
1.31,0.64
1.19,0.52
1.37,0.52
1.48,0.42
-1.57,-0.47
-1.18,-0.56
-1.32,-0.66
-0.96,-0.53
-1.29,-0.67
-1.28,-0.63
-1.12,-0.49
-1.16,-0.45
-1.36,-0.48
-1.41,-0.37
-1.04,-0.55
-0.95,-1.01
-0.9,-1.19
-0.86,-1.27
-0.83,-1.26
-0.65,-1.1
-0.65,-0.91
-0.66,-0.71
-0.58,-0.46
-1.18,-0.46
-1.04,-0.74
-1.02,-1.48
-0.54,-1.69
-0.86,-2.09
-0.51,-2.04
-0.83,-2.14
-0.78,-1.89
-0.85,-1.54
-0.67,-0.96
-0.93,-0.53
-0.91,-0.86
-0.51,-1.73
-0.82,-2.56
-0.78,-3.06
-0.9,-3.33
-0.9,-3.31
-0.77,-2.89
-0.74,-2.34
-0.68,-1.53
-0.92,-0.73
-0.9,-1.09
-0.84,-2.43
-0.8,-3.29
-0.74,-3.88
-0.92,-4.22
-0.86,-4.2
-0.65,-3.67
-0.9,-3.14
-0.58,-2.02
-0.7,-0.83
-0.74,-1.19
-0.74,-2.79
-0.43,-3.61
-0.85,-4.42
-0.33,-4.45
-0.85,-4.73
-0.51,-4.18
-0.6,-3.54
-0.7,-2.49
-0.64,-1.0
-0.62,-1.29
-0.82,-3.12
-0.67,-4.02
-0.72,-4.62
-0.55,-4.77
-0.78,-4.97
-0.73,-4.63
-0.65,-3.91
-0.53,-2.72
-0.62,-1.14
-0.73,-1.41
-0.7,-3.09
-0.43,-3.84
-0.37,-4.26
-0.37,-4.48
-0.38,-4.56
-0.51,-4.42
-0.64,-3.91
-0.61,-2.82
-0.67,-1.22
-0.79,-1.32
-0.8,-2.74
-0.84,-3.48
-0.76,-3.78
-0.8,-3.97
-0.83,-4.01
-0.82,-3.86
-0.82,-3.41
-0.62,-2.44
-0.39,-0.98
-0.64,-0.7
-0.47,-1.25
-0.7,-1.65
-0.56,-1.73
-0.62,-1.81
-0.51,-1.77
-0.59,-1.74
-0.56,-1.56
-0.64,-1.24
-0.48,-0.57
0.64,0.7
0.47,1.25
0.7,1.65
0.56,1.73
0.62,1.81
0.51,1.76
0.58,1.73
0.56,1.56
0.64,1.24
0.48,0.57
0.79,1.32
0.8,2.74
0.84,3.48
0.76,3.78
0.8,3.97
0.83,4.01
0.82,3.85
0.82,3.41
0.62,2.44
0.39,0.98
0.73,1.41
0.7,3.09
0.43,3.84
0.37,4.26
0.37,4.48
0.38,4.56
0.51,4.42
0.64,3.91
0.61,2.82
0.67,1.22
0.62,1.29
0.82,3.12
0.67,4.02
0.72,4.62
0.55,4.77
0.78,4.97
0.73,4.63
0.65,3.91
0.53,2.72
0.63,1.14
0.74,1.19
0.74,2.79
0.43,3.61
0.85,4.42
0.33,4.45
0.85,4.73
0.51,4.18
0.6,3.54
0.7,2.49
0.64,1.0
0.9,1.09
0.84,2.43
0.8,3.29
0.74,3.88
0.92,4.22
0.86,4.2
0.65,3.67
0.9,3.14
0.58,2.02
0.7,0.83
0.91,0.86
0.51,1.73
0.82,2.56
0.78,3.06
0.9,3.33
0.9,3.31
0.77,2.89
0.74,2.34
0.68,1.53
0.92,0.73
1.04,0.74
1.02,1.48
0.54,1.69
0.86,2.09
0.51,2.04
0.83,2.14
0.78,1.89
0.85,1.54
0.67,0.96
0.93,0.53
1.04,0.55
0.95,1.01
0.9,1.19
0.86,1.27
0.83,1.26
0.65,1.1
0.65,0.91
0.66,0.71
0.58,0.46
1.18,0.46
1.57,0.47
1.18,0.56
1.32,0.66
0.96,0.53
1.29,0.67
1.27,0.63
1.12,0.49
1.16,0.45
1.36,0.48
1.41,0.37
-1.62,-0.51
-1.18,-0.56
-1.22,-0.61
-1.03,-0.54
-1.36,-0.65
-1.0,-0.43
-1.06,-0.4
-1.23,-0.46
-1.32,-0.45
-1.34,-0.33
-1.11,-0.61
-0.93,-1.04
-0.92,-1.21
-0.82,-1.24
-0.73,-1.15
-0.59,-0.97
-0.66,-0.83
-0.66,-0.67
-0.6,-0.45
-1.2,-0.46
-1.06,-0.78
-1.03,-1.56
-0.51,-1.75
-0.84,-2.14
-0.56,-2.09
-0.99,-2.18
-0.75,-1.79
-0.83,-1.45
-0.68,-0.91
-0.98,-0.54
-0.85,-0.87
-0.6,-1.89
-0.83,-2.74
-0.85,-3.24
-0.92,-3.4
-0.81,-3.2
-0.69,-2.7
-0.75,-2.2
-0.65,-1.42
-0.88,-0.67
-0.82,-1.09
-0.78,-2.53
-0.93,-3.59
-0.77,-4.11
-0.97,-4.34
-0.76,-4.09
-0.61,-3.51
-0.83,-2.96
-0.56,-1.89
-0.65,-0.76
-0.87,-1.33
-0.67,-2.92
-0.54,-3.92
-0.84,-4.65
-0.37,-4.6
-0.86,-4.73
-0.49,-4.11
-0.57,-3.44
-0.69,-2.42
-0.67,-0.97
-0.8,-1.46
-0.81,-3.29
-0.67,-4.25
-0.81,-4.88
-0.56,-4.91
-0.76,-5.0
-0.74,-4.64
-0.67,-3.93
-0.52,-2.72
-0.56,-1.07
-0.65,-1.43
-0.74,-3.24
-0.46,-4.02
-0.41,-4.44
-0.38,-4.57
-0.36,-4.59
-0.46,-4.43
-0.7,-4.02
-0.75,-2.96
-0.43,-1.11
-0.7,-1.33
-0.85,-2.87
-0.81,-3.57
-0.75,-3.87
-0.74,-3.99
-0.8,-4.03
-0.82,-3.91
-0.86,-3.51
-0.76,-2.6
-0.41,-1.01
-0.88,-0.83
-0.61,-1.39
-0.67,-1.69
-0.59,-1.78
-0.66,-1.87
-0.6,-1.84
-0.63,-1.78
-0.48,-1.54
-0.53,-1.22
-0.59,-0.62
0.88,0.84
0.61,1.39
0.67,1.69
0.59,1.78
0.66,1.86
0.6,1.84
0.63,1.78
0.48,1.54
0.52,1.22
0.59,0.62
0.69,1.33
0.85,2.87
0.81,3.57
0.76,3.87
0.74,3.99
0.8,4.03
0.82,3.9
0.87,3.51
0.76,2.6
0.41,1.01
0.65,1.43
0.74,3.24
0.46,4.02
0.41,4.44
0.38,4.57
0.36,4.59
0.46,4.43
0.7,4.02
0.75,2.96
0.43,1.11
0.8,1.46
0.81,3.29
0.67,4.24
0.81,4.88
0.56,4.91
0.76,5.0
0.74,4.64
0.67,3.93
0.52,2.72
0.56,1.07
0.87,1.33
0.67,2.92
0.54,3.92
0.84,4.65
0.37,4.6
0.86,4.73
0.49,4.11
0.57,3.44
0.69,2.42
0.67,0.97
0.81,1.09
0.78,2.53
0.93,3.59
0.77,4.11
0.97,4.34
0.76,4.09
0.61,3.51
0.83,2.95
0.55,1.89
0.65,0.76
0.85,0.87
0.6,1.89
0.83,2.74
0.85,3.24
0.92,3.4
0.8,3.2
0.69,2.7
0.75,2.2
0.65,1.42
0.88,0.67
1.06,0.78
1.03,1.56
0.51,1.75
0.84,2.14
0.56,2.09
0.99,2.18
0.75,1.79
0.83,1.45
0.68,0.91
0.98,0.54
1.11,0.61
0.93,1.04
0.92,1.21
0.82,1.24
0.73,1.15
0.59,0.97
0.66,0.83
0.66,0.67
0.6,0.45
1.2,0.46
1.62,0.51
1.18,0.56
1.22,0.61
1.03,0.54
1.36,0.65
1.0,0.43
1.06,0.4
1.23,0.46
1.32,0.46
1.34,0.33
-1.6,-0.49
-1.1,-0.49
-1.18,-0.55
-1.06,-0.49
-1.19,-0.49
-0.83,-0.3
-1.21,-0.45
-1.25,-0.46
-1.24,-0.4
-1.32,-0.32
-1.14,-0.62
-0.9,-0.98
-0.92,-1.14
-0.73,-1.1
-0.63,-0.98
-0.62,-0.87
-0.69,-0.78
-0.66,-0.62
-0.63,-0.43
-1.24,-0.47
-1.09,-0.81
-0.98,-1.54
-0.49,-1.72
-0.87,-2.13
-0.68,-2.07
-1.05,-2.08
-0.65,-1.61
-0.85,-1.35
-0.67,-0.84
-0.96,-0.5
-0.94,-0.95
-0.67,-2.02
-0.81,-2.81
-0.91,-3.29
-0.86,-3.29
-0.66,-2.95
-0.68,-2.51
-0.74,-2.06
-0.61,-1.3
-0.82,-0.59
-0.81,-1.13
-0.85,-2.71
-1.01,-3.8
-0.78,-4.2
-0.94,-4.28
-0.66,-3.89
-0.59,-3.34
-0.77,-2.81
-0.56,-1.82
-0.63,-0.71
-0.71,-1.28
-0.67,-3.05
-0.7,-4.2
-0.79,-4.77
-0.39,-4.65
-0.87,-4.69
-0.47,-4.04
-0.6,-3.43
-0.71,-2.42
-0.57,-0.9
-0.77,-1.49
-0.75,-3.38
-0.72,-4.49
-0.87,-5.1
-0.57,-5.02
-0.73,-5.01
-0.76,-4.66
-0.71,-4.01
-0.61,-2.83
-0.4,-1.01
-0.9,-1.61
-0.76,-3.4
-0.5,-4.23
-0.46,-4.65
-0.4,-4.69
-0.35,-4.62
-0.4,-4.43
-0.71,-4.12
-0.9,-3.15
-0.48,-1.19
-0.64,-1.36
-0.81,-2.96
-0.77,-3.7
-0.77,-4.01
-0.73,-4.07
-0.76,-4.04
-0.8,-3.93
-0.88,-3.6
-0.72,-2.67
-0.57,-1.12
-0.86,-0.86
-0.77,-1.53
-0.8,-1.85
-0.68,-1.91
-0.7,-1.93
-0.6,-1.87
-0.66,-1.83
-0.67,-1.67
-0.44,-1.21
-0.52,-0.6
0.86,0.86
0.78,1.54
0.8,1.85
0.68,1.91
0.7,1.93
0.6,1.87
0.65,1.83
0.67,1.67
0.44,1.2
0.52,0.6
0.64,1.36
0.81,2.95
0.77,3.69
0.77,4.01
0.73,4.07
0.76,4.04
0.8,3.93
0.88,3.6
0.72,2.66
0.57,1.12
0.9,1.61
0.76,3.4
0.5,4.23
0.46,4.65
0.4,4.69
0.36,4.62
0.4,4.43
0.71,4.12
0.9,3.15
0.48,1.19
0.77,1.49
0.75,3.38
0.72,4.48
0.87,5.09
0.57,5.02
0.73,5.01
0.76,4.66
0.71,4.01
0.61,2.83
0.4,1.01
0.71,1.28
0.68,3.05
0.7,4.2
0.79,4.77
0.39,4.65
0.87,4.69
0.47,4.04
0.6,3.43
0.71,2.42
0.57,0.9
0.81,1.13
0.85,2.71
1.01,3.8
0.78,4.2
0.94,4.28
0.66,3.89
0.59,3.34
0.77,2.81
0.56,1.82
0.63,0.71
0.94,0.95
0.67,2.02
0.81,2.82
0.91,3.29
0.86,3.29
0.66,2.95
0.68,2.51
0.74,2.06
0.61,1.3
0.82,0.59
1.09,0.81
0.98,1.54
0.49,1.73
0.87,2.13
0.68,2.07
1.05,2.08
0.65,1.61
0.85,1.35
0.67,0.84
0.96,0.5
1.14,0.62
0.9,0.98
0.92,1.14
0.73,1.1
0.63,0.98
0.62,0.87
0.69,0.78
0.66,0.62
0.63,0.43
1.24,0.47
1.6,0.49
1.1,0.49
1.18,0.55
1.06,0.49
1.19,0.49
0.83,0.3
1.21,0.45
1.25,0.46
1.24,0.4
1.32,0.32
-1.53,-0.43
-1.03,-0.4
-1.16,-0.47
-0.98,-0.37
-1.06,-0.37
-0.92,-0.33
-1.37,-0.52
-1.14,-0.39
-1.19,-0.36
-1.35,-0.32
-1.12,-0.56
-0.88,-0.86
-0.88,-1.0
-0.61,-0.91
-0.62,-0.86
-0.68,-0.84
-0.68,-0.73
-0.65,-0.56
-0.66,-0.4
-1.25,-0.45
-1.05,-0.75
-0.89,-1.41
-0.52,-1.66
-0.97,-2.08
-0.74,-1.97
-0.99,-1.91
-0.57,-1.46
-0.89,-1.28
-0.63,-0.75
-0.9,-0.43
-0.91,-0.93
-0.65,-1.98
-0.8,-2.77
-0.92,-3.2
-0.72,-3.04
-0.56,-2.71
-0.73,-2.4
-0.69,-1.95
-0.58,-1.22
-0.77,-0.53
-0.87,-1.21
-0.89,-2.81
-0.99,-3.84
-0.77,-4.13
-0.86,-4.1
-0.6,-3.72
-0.58,-3.26
-0.75,-2.79
-0.6,-1.84
-0.57,-0.66
-0.9,-1.43
-0.79,-3.27
-0.81,-4.41
-0.71,-4.79
-0.42,-4.65
-0.89,-4.67
-0.46,-4.05
-0.69,-3.54
-0.75,-2.53
-0.49,-0.89
-0.59,-1.44
-0.74,-3.51
-0.81,-4.73
-0.91,-5.26
-0.58,-5.11
-0.69,-5.03
-0.77,-4.71
-0.73,-4.14
-0.72,-3.02
-0.51,-1.13
-0.81,-1.59
-0.77,-3.5
-0.59,-4.45
-0.51,-4.86
-0.43,-4.85
-0.37,-4.71
-0.33,-4.45
-0.71,-4.21
-0.92,-3.28
-0.62,-1.31
-0.77,-1.44
-0.8,-3.03
-0.72,-3.78
-0.75,-4.14
-0.75,-4.22
-0.76,-4.15
-0.74,-3.95
-0.93,-3.7
-0.66,-2.71
-0.49,-1.11
-0.86,-0.88
-0.78,-1.57
-0.83,-1.91
-0.8,-2.04
-0.78,-2.07
-0.81,-2.04
-0.63,-1.87
-0.7,-1.74
-0.62,-1.33
-0.46,-0.6
0.86,0.88
0.78,1.57
0.83,1.91
0.8,2.04
0.78,2.07
0.81,2.04
0.62,1.87
0.7,1.74
0.62,1.33
0.46,0.6
0.77,1.44
0.81,3.03
0.72,3.77
0.75,4.13
0.75,4.21
0.76,4.15
0.74,3.95
0.93,3.7
0.66,2.71
0.49,1.11
0.81,1.59
0.77,3.5
0.59,4.45
0.51,4.86
0.43,4.85
0.37,4.71
0.33,4.45
0.71,4.21
0.92,3.28
0.62,1.31
0.59,1.44
0.74,3.51
0.81,4.73
0.91,5.26
0.58,5.11
0.69,5.03
0.77,4.71
0.73,4.14
0.72,3.02
0.51,1.13
0.9,1.44
0.79,3.27
0.81,4.41
0.71,4.79
0.42,4.65
0.89,4.67
0.46,4.05
0.69,3.54
0.75,2.53
0.49,0.89
0.87,1.21
0.89,2.81
0.99,3.84
0.77,4.13
0.86,4.1
0.6,3.72
0.58,3.26
0.75,2.79
0.6,1.83
0.57,0.66
0.91,0.93
0.65,1.98
0.8,2.77
0.92,3.2
0.72,3.04
0.56,2.71
0.73,2.4
0.69,1.95
0.58,1.22
0.77,0.53
1.05,0.75
0.89,1.41
0.52,1.66
0.97,2.08
0.74,1.97
0.99,1.91
0.57,1.46
0.89,1.28
0.63,0.75
0.9,0.43
1.12,0.56
0.88,0.86
0.88,0.99
0.61,0.91
0.62,0.86
0.68,0.84
0.68,0.73
0.65,0.56
0.66,0.4
1.25,0.45
1.53,0.43
1.03,0.39
1.16,0.47
0.98,0.37
1.06,0.37
0.92,0.33
1.37,0.53
1.14,0.39
1.19,0.36
1.35,0.32
-1.44,-0.36
-0.98,-0.31
-1.13,-0.39
-0.92,-0.29
-1.11,-0.4
-1.09,-0.42
-1.35,-0.49
-0.98,-0.29
-1.23,-0.35
-1.38,-0.32
-1.08,-0.48
-0.85,-0.72
-0.8,-0.83
-0.53,-0.76
-0.68,-0.82
-0.71,-0.82
-0.64,-0.66
-0.67,-0.52
-0.69,-0.38
-1.2,-0.41
-1.0,-0.66
-0.84,-1.26
-0.62,-1.59
-1.04,-1.98
-0.7,-1.79
-0.91,-1.76
-0.57,-1.39
-0.91,-1.25
-0.58,-0.69
-0.84,-0.37
-0.91,-0.86
-0.62,-1.85
-0.83,-2.65
-0.86,-2.98
-0.57,-2.76
-0.58,-2.59
-0.78,-2.4
-0.61,-1.93
-0.61,-1.25
-0.75,-0.52
-0.65,-1.06
-0.86,-2.71
-0.95,-3.71
-0.73,-3.94
-0.78,-3.91
-0.56,-3.63
-0.61,-3.32
-0.81,-2.92
-0.64,-1.96
-0.56,-0.7
-0.9,-1.46
-0.86,-3.35
-0.81,-4.41
-0.6,-4.69
-0.5,-4.65
-0.9,-4.69
-0.46,-4.15
-0.8,-3.76
-0.8,-2.73
-0.59,-1.01
-0.82,-1.62
-0.8,-3.69
-0.89,-4.91
-0.91,-5.34
-0.57,-5.17
-0.65,-5.08
-0.78,-4.8
-0.72,-4.27
-0.8,-3.21
-0.58,-1.23
-0.78,-1.63
-0.77,-3.64
-0.7,-4.68
-0.58,-5.04
-0.48,-4.99
-0.42,-4.83
-0.27,-4.51
-0.7,-4.3
-0.88,-3.35
-0.5,-1.28
-0.71,-1.43
-0.81,-3.1
-0.73,-3.89
-0.72,-4.22
-0.71,-4.29
-0.81,-4.28
-0.71,-4.05
-0.94,-3.81
-0.75,-2.85
-0.45,-1.13
-0.86,-0.89
-0.84,-1.62
-0.77,-1.92
-0.86,-2.1
-0.75,-2.09
-0.82,-2.11
-0.86,-2.05
-0.72,-1.84
-0.75,-1.46
-0.6,-0.69
0.86,0.88
0.84,1.62
0.77,1.92
0.86,2.09
0.75,2.09
0.82,2.11
0.86,2.05
0.72,1.84
0.75,1.46
0.6,0.69
0.71,1.43
0.81,3.1
0.73,3.89
0.72,4.22
0.71,4.28
0.81,4.28
0.71,4.05
0.95,3.81
0.75,2.85
0.45,1.13
0.78,1.63
0.77,3.64
0.7,4.68
0.59,5.04
0.48,4.99
0.42,4.83
0.27,4.5
0.7,4.29
0.88,3.35
0.5,1.28
0.82,1.62
0.8,3.69
0.89,4.91
0.91,5.34
0.57,5.17
0.65,5.08
0.77,4.8
0.72,4.27
0.8,3.21
0.59,1.23
0.9,1.46
0.86,3.35
0.81,4.41
0.6,4.69
0.5,4.65
0.9,4.69
0.46,4.14
0.8,3.76
0.8,2.73
0.59,1.01
0.65,1.06
0.86,2.71
0.95,3.71
0.73,3.94
0.78,3.91
0.56,3.63
0.61,3.32
0.81,2.92
0.64,1.96
0.56,0.71
0.91,0.86
0.62,1.85
0.83,2.65
0.86,2.98
0.57,2.76
0.58,2.59
0.78,2.4
0.61,1.93
0.61,1.25
0.75,0.52
1.0,0.66
0.84,1.26
0.62,1.59
1.04,1.98
0.69,1.79
0.9,1.75
0.57,1.39
0.91,1.25
0.58,0.69
0.84,0.37
1.08,0.48
0.85,0.72
0.8,0.83
0.53,0.76
0.68,0.82
0.71,0.82
0.63,0.65
0.67,0.52
0.69,0.38
1.2,0.41
1.44,0.36
0.98,0.31
1.13,0.39
0.92,0.29
1.11,0.4
1.09,0.42
1.35,0.49
0.98,0.29
1.23,0.36
1.38,0.32
-1.35,-0.29
-0.96,-0.26
-1.13,-0.36
-0.98,-0.33
-1.23,-0.48
-1.11,-0.42
-1.19,-0.39
-0.92,-0.25
-1.34,-0.41
-1.34,-0.31
-1.05,-0.4
-0.8,-0.6
-0.72,-0.71
-0.52,-0.7
-0.76,-0.85
-0.69,-0.79
-0.59,-0.61
-0.71,-0.54
-0.69,-0.4
-1.13,-0.37
-0.88,-0.55
-0.84,-1.17
-0.72,-1.54
-1.02,-1.85
-0.61,-1.66
-0.88,-1.72
-0.6,-1.42
-0.9,-1.27
-0.53,-0.71
-0.84,-0.39
-0.94,-0.82
-0.6,-1.74
-0.85,-2.52
-0.72,-2.73
-0.51,-2.62
-0.7,-2.67
-0.78,-2.5
-0.57,-2.03
-0.7,-1.4
-0.77,-0.58
-0.68,-1.0
-0.82,-2.56
-0.92,-3.53
-0.67,-3.74
-0.72,-3.81
-0.55,-3.7
-0.71,-3.53
-0.9,-3.17
-0.66,-2.15
-0.6,-0.79
-0.66,-1.27
-0.86,-3.24
-0.71,-4.25
-0.53,-4.57
-0.63,-4.72
-0.88,-4.77
-0.47,-4.31
-0.88,-3.99
-0.86,-2.92
-0.59,-1.06
-0.66,-1.51
-0.88,-3.74
-0.91,-4.95
-0.87,-5.36
-0.55,-5.23
-0.63,-5.16
-0.76,-4.89
-0.69,-4.38
-0.83,-3.32
-0.48,-1.22
-0.83,-1.68
-0.83,-3.78
-0.81,-4.88
-0.67,-5.22
-0.53,-5.14
-0.49,-4.97
-0.22,-4.57
-0.68,-4.38
-0.87,-3.46
-0.54,-1.36
-0.8,-1.51
-0.78,-3.19
-0.78,-4.04
-0.76,-4.36
-0.66,-4.36
-0.82,-4.35
-0.72,-4.12
-0.92,-3.9
-0.84,-3.05
-0.66,-1.32
-0.8,-0.88
-0.89,-1.68
-0.81,-1.99
-0.78,-2.11
-0.88,-2.18
-0.74,-2.1
-0.82,-2.06
-0.8,-1.93
-0.82,-1.58
-0.73,-0.8
0.8,0.88
0.89,1.68
0.81,1.99
0.79,2.11
0.88,2.17
0.74,2.1
0.82,2.06
0.81,1.93
0.82,1.58
0.73,0.8
0.81,1.51
0.78,3.19
0.78,4.04
0.76,4.36
0.66,4.36
0.82,4.35
0.72,4.11
0.92,3.9
0.84,3.05
0.66,1.32
0.83,1.68
0.83,3.78
0.81,4.88
0.67,5.22
0.53,5.14
0.49,4.97
0.22,4.57
0.68,4.38
0.87,3.46
0.54,1.36
0.66,1.51
0.88,3.74
0.91,4.94
0.87,5.36
0.55,5.23
0.63,5.16
0.76,4.88
0.69,4.38
0.83,3.32
0.48,1.22
0.66,1.27
0.86,3.24
0.71,4.25
0.53,4.57
0.63,4.72
0.88,4.77
0.47,4.3
0.88,3.99
0.86,2.92
0.59,1.06
0.68,1.0
0.82,2.56
0.92,3.53
0.67,3.74
0.72,3.81
0.55,3.69
0.71,3.53
0.9,3.16
0.66,2.15
0.6,0.79
0.94,0.82
0.6,1.74
0.85,2.52
0.72,2.73
0.51,2.62
0.7,2.66
0.78,2.5
0.57,2.03
0.7,1.4
0.77,0.58
0.88,0.55
0.84,1.17
0.72,1.54
1.02,1.85
0.61,1.66
0.88,1.72
0.6,1.42
0.9,1.27
0.53,0.71
0.84,0.39
1.05,0.4
0.8,0.6
0.72,0.71
0.52,0.7
0.76,0.85
0.69,0.78
0.59,0.61
0.71,0.54
0.69,0.4
1.13,0.38
1.35,0.29
0.96,0.26
1.14,0.36
0.98,0.33
1.23,0.48
1.11,0.42
1.19,0.39
0.92,0.25
1.34,0.41
1.34,0.31
-1.29,-0.26
-1.0,-0.27
-1.21,-0.41
-1.09,-0.4
-1.25,-0.49
-0.99,-0.34
-1.1,-0.34
-1.01,-0.32
-1.4,-0.46
-1.24,-0.28
-1.04,-0.36
-0.75,-0.54
-0.66,-0.67
-0.56,-0.73
-0.81,-0.89
-0.62,-0.77
-0.6,-0.65
-0.76,-0.64
-0.68,-0.46
-1.11,-0.38
-0.78,-0.46
-0.88,-1.13
-0.78,-1.51
-0.95,-1.76
-0.57,-1.67
-0.89,-1.82
-0.61,-1.53
-0.85,-1.38
-0.53,-0.83
-0.9,-0.45
-0.81,-0.71
-0.63,-1.66
-0.82,-2.41
-0.59,-2.59
-0.57,-2.71
-0.81,-2.89
-0.72,-2.68
-0.61,-2.26
-0.81,-1.62
-0.76,-0.65
-0.73,-0.98
-0.78,-2.44
-0.91,-3.39
-0.6,-3.64
-0.69,-3.89
-0.61,-3.93
-0.85,-3.85
-0.96,-3.44
-0.64,-2.32
-0.59,-0.85
-0.73,-1.26
-0.76,-3.08
-0.62,-4.09
-0.53,-4.55
-0.76,-4.89
-0.82,-4.91
-0.49,-4.52
-0.9,-4.2
-0.91,-3.11
-0.59,-1.15
-0.63,-1.44
-0.88,-3.66
-0.83,-4.86
-0.8,-5.35
-0.53,-5.34
-0.62,-5.29
-0.72,-5.0
-0.63,-4.48
-0.82,-3.48
-0.66,-1.42
-0.57,-1.52
-0.9,-3.8
-0.88,-4.99
-0.74,-5.39
-0.57,-5.33
-0.59,-5.18
-0.2,-4.69
-0.66,-4.47
-0.9,-3.63
-0.78,-1.59
-0.72,-1.44
-0.83,-3.23
-0.78,-4.14
-0.85,-4.54
-0.67,-4.5
-0.79,-4.47
-0.75,-4.22
-0.88,-3.96
-0.87,-3.16
-0.74,-1.45
-0.81,-0.86
-0.78,-1.64
-0.91,-2.07
-0.8,-2.18
-0.84,-2.21
-0.83,-2.19
-0.84,-2.11
-0.78,-1.94
-0.81,-1.61
-0.76,-0.84
0.81,0.86
0.78,1.64
0.91,2.07
0.8,2.18
0.83,2.21
0.82,2.19
0.84,2.1
0.78,1.94
0.81,1.61
0.76,0.84
0.72,1.44
0.83,3.23
0.78,4.14
0.85,4.54
0.67,4.5
0.79,4.47
0.75,4.22
0.88,3.95
0.88,3.16
0.74,1.45
0.57,1.52
0.9,3.8
0.88,4.99
0.74,5.39
0.57,5.33
0.59,5.18
0.2,4.68
0.66,4.47
0.9,3.63
0.78,1.59
0.63,1.45
0.88,3.66
0.83,4.86
0.8,5.34
0.53,5.33
0.62,5.29
0.72,5.0
0.63,4.48
0.82,3.48
0.66,1.42
0.73,1.26
0.76,3.08
0.62,4.09
0.53,4.54
0.76,4.89
0.81,4.91
0.48,4.51
0.91,4.2
0.91,3.11
0.59,1.15
0.73,0.98
0.78,2.44
0.91,3.39
0.6,3.64
0.69,3.89
0.61,3.93
0.85,3.85
0.96,3.44
0.65,2.32
0.59,0.85
0.81,0.71
0.63,1.66
0.82,2.41
0.59,2.59
0.57,2.71
0.81,2.89
0.72,2.68
0.61,2.26
0.81,1.62
0.76,0.65
0.78,0.46
0.88,1.13
0.78,1.51
0.94,1.76
0.57,1.67
0.89,1.81
0.61,1.53
0.85,1.38
0.53,0.83
0.9,0.45
1.04,0.36
0.75,0.54
0.66,0.67
0.56,0.73
0.81,0.89
0.62,0.76
0.6,0.65
0.76,0.64
0.68,0.46
1.11,0.38
1.29,0.26
1.0,0.27
1.21,0.42
1.09,0.4
1.25,0.49
0.99,0.34
1.1,0.34
1.01,0.32
1.4,0.46
1.24,0.28
-1.29,-0.28
-1.13,-0.36
-1.3,-0.49
-1.1,-0.43
-1.14,-0.44
-0.89,-0.3
-1.16,-0.43
-1.12,-0.43
-1.34,-0.46
-1.15,-0.24
-1.05,-0.36
-0.69,-0.53
-0.65,-0.7
-0.62,-0.8
-0.81,-0.94
-0.56,-0.81
-0.66,-0.81
-0.79,-0.8
-0.65,-0.54
-1.18,-0.45
-0.79,-0.46
-0.92,-1.16
-0.78,-1.52
-0.86,-1.78
-0.6,-1.83
-0.91,-2.0
-0.58,-1.72
-0.84,-1.59
-0.58,-1.02
-0.93,-0.54
-0.7,-0.63
-0.68,-1.66
-0.75,-2.36
-0.57,-2.65
-0.71,-3.0
-0.84,-3.19
-0.68,-2.95
-0.74,-2.59
-0.85,-1.87
-0.74,-0.75
-0.65,-0.9
-0.83,-2.41
-0.87,-3.35
-0.54,-3.69
-0.73,-4.16
-0.72,-4.28
-0.96,-4.21
-0.92,-3.71
-0.64,-2.57
-0.75,-1.06
-0.61,-1.15
-0.72,-2.95
-0.6,-4.02
-0.59,-4.64
-0.86,-5.13
-0.72,-5.1
-0.5,-4.75
-0.9,-4.42
-1.0,-3.39
-0.81,-1.4
-0.71,-1.44
-0.76,-3.49
-0.7,-4.7
-0.73,-5.35
-0.53,-5.5
-0.63,-5.49
-0.67,-5.15
-0.56,-4.59
-0.81,-3.65
-0.8,-1.59
-0.7,-1.55
-0.85,-3.72
-0.9,-4.97
-0.79,-5.5
-0.61,-5.53
-0.69,-5.43
-0.22,-4.86
-0.64,-4.58
-0.93,-3.74
-0.72,-1.62
-0.53,-1.32
-0.88,-3.2
-0.79,-4.15
-0.9,-4.66
-0.77,-4.7
-0.77,-4.62
-0.8,-4.37
-0.86,-4.04
-0.88,-3.22
-0.72,-1.45
-0.74,-0.8
-0.73,-1.58
-0.78,-1.99
-0.81,-2.21
-0.86,-2.28
-0.81,-2.24
-0.85,-2.17
-0.84,-2.01
-0.81,-1.64
-0.78,-0.85
0.74,0.8
0.73,1.58
0.78,1.99
0.81,2.2
0.86,2.28
0.81,2.23
0.85,2.16
0.83,2.0
0.82,1.64
0.78,0.85
0.53,1.32
0.88,3.2
0.79,4.14
0.9,4.66
0.77,4.7
0.77,4.62
0.8,4.37
0.86,4.04
0.88,3.22
0.72,1.45
0.7,1.55
0.85,3.72
0.9,4.97
0.79,5.5
0.61,5.53
0.69,5.43
0.22,4.86
0.64,4.58
0.93,3.74
0.73,1.62
0.71,1.44
0.77,3.49
0.71,4.7
0.73,5.35
0.52,5.5
0.63,5.49
0.67,5.14
0.56,4.59
0.81,3.65
0.8,1.59
0.61,1.15
0.72,2.95
0.6,4.02
0.58,4.64
0.86,5.13
0.72,5.1
0.5,4.75
0.9,4.42
1.0,3.39
0.81,1.4
0.65,0.9
0.83,2.41
0.87,3.35
0.54,3.69
0.73,4.15
0.72,4.28
0.96,4.2
0.92,3.71
0.64,2.57
0.75,1.06
0.7,0.63
0.68,1.66
0.75,2.36
0.57,2.65
0.71,3.0
0.84,3.19
0.68,2.95
0.74,2.59
0.85,1.87
0.74,0.75
0.79,0.46
0.92,1.16
0.78,1.52
0.86,1.78
0.6,1.82
0.91,2.0
0.58,1.72
0.84,1.59
0.58,1.02
0.93,0.54
1.05,0.36
0.68,0.53
0.65,0.7
0.62,0.8
0.81,0.94
0.56,0.81
0.66,0.81
0.79,0.8
0.65,0.54
1.18,0.45
1.29,0.28
1.13,0.36
1.3,0.49
1.1,0.43
1.14,0.44
0.89,0.31
1.17,0.43
1.12,0.43
1.34,0.46
1.15,0.24
-1.35,-0.33
-1.27,-0.46
-1.27,-0.5
-1.01,-0.4
-1.06,-0.43
-0.98,-0.41
-1.29,-0.58
-1.08,-0.47
-1.2,-0.42
-1.16,-0.26
-1.05,-0.39
-0.64,-0.56
-0.66,-0.76
-0.67,-0.9
-0.77,-1.03
-0.54,-0.97
-0.75,-1.06
-0.78,-0.98
-0.65,-0.68
-1.32,-0.59
-0.87,-0.51
-0.92,-1.22
-0.76,-1.59
-0.81,-1.91
-0.65,-2.06
-0.88,-2.22
-0.55,-1.98
-0.89,-1.91
-0.65,-1.29
-0.95,-0.68
-0.67,-0.64
-0.7,-1.73
-0.69,-2.44
-0.67,-2.93
-0.82,-3.37
-0.8,-3.48
-0.73,-3.3
-0.85,-2.98
-0.87,-2.19
-0.91,-0.97
-0.66,-0.91
-0.86,-2.48
-0.78,-3.4
-0.54,-3.92
-0.85,-4.55
-0.81,-4.64
-0.98,-4.51
-0.85,-3.95
-0.77,-2.9
-0.93,-1.27
-0.62,-1.13
-0.8,-3.01
-0.65,-4.1
-0.64,-4.84
-0.91,-5.42
-0.61,-5.29
-0.5,-4.96
-0.89,-4.59
-1.05,-3.57
-0.72,-1.43
-0.46,-1.26
-0.74,-3.38
-0.59,-4.6
-0.68,-5.4
-0.55,-5.69
-0.66,-5.7
-0.61,-5.28
-0.49,-4.67
-0.77,-3.7
-0.73,-1.57
-0.72,-1.49
-0.75,-3.55
-0.83,-4.85
-0.81,-5.54
-0.62,-5.7
-0.79,-5.69
-0.29,-5.08
-0.66,-4.72
-0.98,-3.85
-0.73,-1.65
-0.61,-1.33
-0.84,-3.1
-0.79,-4.09
-0.88,-4.67
-0.87,-4.84
-0.79,-4.77
-0.84,-4.52
-0.9,-4.16
-0.85,-3.29
-0.79,-1.52
-0.64,-0.75
-0.72,-1.53
-0.76,-1.95
-0.73,-2.15
-0.75,-2.24
-0.79,-2.25
-0.81,-2.18
-0.82,-2.03
-0.84,-1.68
-0.79,-0.87
0.64,0.75
0.72,1.53
0.76,1.94
0.73,2.14
0.75,2.24
0.79,2.25
0.81,2.18
0.81,2.03
0.84,1.68
0.79,0.87
0.61,1.33
0.84,3.1
0.79,4.09
0.89,4.66
0.87,4.84
0.79,4.77
0.84,4.52
0.89,4.16
0.85,3.29
0.79,1.52
0.72,1.49
0.75,3.55
0.83,4.85
0.81,5.54
0.62,5.7
0.79,5.69
0.29,5.08
0.66,4.72
0.98,3.84
0.73,1.65
0.46,1.26
0.74,3.38
0.59,4.6
0.68,5.4
0.55,5.69
0.66,5.7
0.61,5.28
0.49,4.67
0.77,3.7
0.73,1.57
0.62,1.13
0.8,3.01
0.65,4.1
0.64,4.84
0.91,5.41
0.61,5.29
0.5,4.95
0.89,4.59
1.05,3.57
0.72,1.43
0.66,0.91
0.86,2.47
0.78,3.39
0.54,3.92
0.85,4.54
0.81,4.64
0.98,4.51
0.85,3.95
0.77,2.9
0.93,1.27
0.67,0.64
0.7,1.73
0.69,2.44
0.67,2.92
0.82,3.37
0.8,3.48
0.73,3.3
0.85,2.98
0.87,2.19
0.91,0.97
0.87,0.52
0.92,1.21
0.76,1.59
0.81,1.91
0.65,2.06
0.88,2.22
0.55,1.98
0.89,1.91
0.65,1.29
0.95,0.68
1.05,0.39
0.64,0.56
0.67,0.76
0.67,0.9
0.77,1.03
0.54,0.97
0.75,1.06
0.78,0.98
0.65,0.68
1.33,0.59
1.35,0.33
1.27,0.46
1.27,0.5
1.01,0.4
1.06,0.43
0.98,0.41
1.29,0.58
1.08,0.47
1.2,0.42
1.16,0.26
-1.46,-0.39
-1.33,-0.5
-1.15,-0.46
-0.98,-0.43
-1.15,-0.55
-1.14,-0.58
-1.23,-0.62
-0.92,-0.44
-1.18,-0.47
-1.32,-0.38
-1.05,-0.42
-0.6,-0.59
-0.7,-0.84
-0.7,-1.04
-0.73,-1.19
-0.58,-1.2
-0.83,-1.32
-0.75,-1.16
-0.73,-0.92
-1.49,-0.77
-0.94,-0.59
-0.89,-1.27
-0.73,-1.7
-0.77,-2.1
-0.69,-2.32
-0.83,-2.46
-0.61,-2.32
-0.99,-2.26
-0.71,-1.59
-0.96,-0.81
-0.74,-0.71
-0.71,-1.84
-0.72,-2.64
-0.8,-3.29
-0.82,-3.7
-0.78,-3.77
-0.84,-3.66
-0.9,-3.3
-0.96,-2.48
-0.98,-1.09
-0.55,-0.9
-0.82,-2.55
-0.7,-3.55
-0.66,-4.3
-0.96,-4.93
-0.82,-4.9
-0.94,-4.72
-0.81,-4.13
-0.87,-3.09
-0.74,-1.23
-0.74,-1.24
-0.84,-3.16
-0.7,-4.29
-0.71,-5.13
-0.93,-5.69
-0.51,-5.44
-0.5,-5.1
-0.85,-4.68
-0.97,-3.62
-0.73,-1.46
-0.54,-1.32
-0.82,-3.47
-0.53,-4.63
-0.66,-5.52
-0.59,-5.9
-0.7,-5.92
-0.56,-5.42
-0.44,-4.77
-0.78,-3.81
-0.86,-1.68
-0.54,-1.37
-0.73,-3.47
-0.71,-4.73
-0.8,-5.55
-0.6,-5.81
-0.87,-5.91
-0.39,-5.32
-0.73,-4.91
-1.02,-3.97
-0.73,-1.7
-0.58,-1.26
-0.79,-2.99
-0.78,-3.98
-0.8,-4.59
-0.9,-4.91
-0.83,-4.9
-0.85,-4.65
-0.94,-4.26
-0.8,-3.3
-0.78,-1.52
-0.63,-0.72
-0.67,-1.46
-0.7,-1.88
-0.73,-2.12
-0.75,-2.24
-0.72,-2.24
-0.76,-2.17
-0.71,-1.98
-0.8,-1.65
-0.76,-0.86
0.63,0.72
0.67,1.46
0.7,1.87
0.73,2.12
0.75,2.24
0.72,2.23
0.76,2.17
0.71,1.98
0.8,1.64
0.76,0.86
0.58,1.26
0.79,2.99
0.78,3.98
0.8,4.59
0.9,4.9
0.83,4.9
0.86,4.65
0.94,4.26
0.8,3.3
0.78,1.52
0.54,1.37
0.73,3.47
0.71,4.73
0.8,5.54
0.6,5.81
0.87,5.91
0.39,5.32
0.73,4.91
1.02,3.96
0.73,1.7
0.54,1.32
0.82,3.47
0.54,4.63
0.66,5.51
0.59,5.9
0.7,5.91
0.56,5.42
0.44,4.77
0.78,3.81
0.86,1.68
0.74,1.24
0.84,3.15
0.7,4.29
0.71,5.13
0.93,5.68
0.51,5.44
0.5,5.1
0.85,4.68
0.97,3.63
0.73,1.46
0.55,0.9
0.82,2.55
0.7,3.55
0.66,4.3
0.96,4.93
0.82,4.9
0.94,4.71
0.81,4.13
0.87,3.09
0.74,1.24
0.74,0.71
0.71,1.84
0.72,2.64
0.8,3.29
0.82,3.7
0.78,3.77
0.84,3.66
0.9,3.3
0.96,2.48
0.98,1.09
0.94,0.59
0.89,1.27
0.73,1.7
0.77,2.1
0.69,2.32
0.83,2.46
0.61,2.32
0.99,2.26
0.71,1.59
0.96,0.81
1.05,0.42
0.6,0.59
0.7,0.84
0.7,1.04
0.73,1.19
0.58,1.2
0.83,1.32
0.75,1.16
0.73,0.92
1.49,0.78
1.46,0.39
1.33,0.5
1.15,0.46
0.98,0.43
1.15,0.55
1.14,0.58
1.23,0.62
0.92,0.43
1.18,0.47
1.32,0.38
-1.57,-0.45
-1.28,-0.5
-1.08,-0.49
-1.14,-0.59
-1.27,-0.7
-1.09,-0.62
-1.03,-0.58
-0.93,-0.51
-1.35,-0.66
-1.51,-0.51
-1.08,-0.46
-0.58,-0.63
-0.76,-0.99
-0.72,-1.23
-0.71,-1.39
-0.66,-1.45
-0.89,-1.55
-0.75,-1.38
-0.84,-1.16
-1.47,-0.83
-0.9,-0.61
-0.82,-1.32
-0.69,-1.85
-0.75,-2.32
-0.73,-2.59
-0.81,-2.74
-0.75,-2.71
-1.06,-2.57
-0.73,-1.79
-0.82,-0.78
-0.91,-0.86
-0.72,-1.99
-0.79,-2.92
-0.84,-3.61
-0.79,-3.96
-0.84,-4.06
-0.92,-3.97
-0.88,-3.53
-1.05,-2.68
-0.94,-1.11
-0.58,-0.97
-0.78,-2.67
-0.7,-3.82
-0.82,-4.71
-0.98,-5.19
-0.75,-5.05
-0.88,-4.85
-0.78,-4.24
-0.85,-3.19
-0.76,-1.29
-0.59,-1.21
-0.81,-3.27
-0.77,-4.56
-0.79,-5.45
-0.9,-5.88
-0.42,-5.54
-0.51,-5.22
-0.8,-4.77
-0.96,-3.72
-0.89,-1.57
-0.65,-1.43
-0.87,-3.63
-0.57,-4.81
-0.66,-5.7
-0.63,-6.08
-0.76,-6.09
-0.53,-5.57
-0.46,-4.92
-0.87,-3.93
-0.7,-1.63
-0.64,-1.47
-0.81,-3.59
-0.6,-4.72
-0.8,-5.58
-0.56,-5.85
-0.9,-6.06
-0.5,-5.54
-0.84,-5.12
-0.99,-4.01
-0.71,-1.68
-0.54,-1.25
-0.76,-2.98
-0.75,-3.93
-0.75,-4.51
-0.81,-4.84
-0.84,-4.94
-0.84,-4.73
-0.98,-4.35
-0.74,-3.27
-0.77,-1.49
-0.58,-0.7
-0.65,-1.44
-0.69,-1.84
-0.64,-2.04
-0.73,-2.19
-0.68,-2.21
-0.77,-2.18
-0.68,-1.97
-0.73,-1.58
-0.67,-0.8
0.58,0.69
0.65,1.43
0.69,1.84
0.64,2.04
0.73,2.19
0.68,2.21
0.77,2.18
0.68,1.98
0.72,1.58
0.67,0.8
0.54,1.25
0.77,2.97
0.75,3.93
0.75,4.51
0.82,4.84
0.84,4.94
0.83,4.73
0.98,4.35
0.74,3.27
0.77,1.49
0.64,1.47
0.81,3.58
0.6,4.72
0.8,5.57
0.56,5.85
0.9,6.06
0.5,5.54
0.85,5.12
0.99,4.01
0.71,1.68
0.65,1.43
0.87,3.63
0.57,4.81
0.66,5.69
0.63,6.07
0.76,6.09
0.53,5.57
0.46,4.92
0.87,3.93
0.7,1.63
0.59,1.21
0.81,3.27
0.77,4.56
0.79,5.45
0.9,5.88
0.42,5.54
0.51,5.22
0.8,4.77
0.96,3.72
0.89,1.58
0.59,0.97
0.78,2.67
0.7,3.82
0.82,4.71
0.98,5.19
0.75,5.05
0.88,4.85
0.78,4.24
0.85,3.19
0.76,1.29
0.91,0.86
0.72,1.99
0.79,2.92
0.84,3.61
0.79,3.95
0.84,4.06
0.92,3.97
0.88,3.53
1.05,2.68
0.94,1.11
0.91,0.62
0.82,1.32
0.69,1.85
0.75,2.32
0.73,2.59
0.81,2.74
0.75,2.71
1.06,2.57
0.73,1.79
0.82,0.78
1.07,0.46
0.58,0.63
0.76,0.99
0.72,1.23
0.71,1.39
0.66,1.45
0.89,1.56
0.75,1.38
0.84,1.16
1.47,0.83
1.57,0.45
1.28,0.5
1.08,0.49
1.14,0.59
1.27,0.7
1.09,0.62
1.03,0.58
0.93,0.51
1.35,0.66
1.51,0.51
-1.63,-0.5
-1.24,-0.54
-1.2,-0.64
-1.29,-0.74
-1.12,-0.69
-0.95,-0.62
-1.07,-0.7
-1.19,-0.75
-1.46,-0.79
-1.47,-0.5
-1.19,-0.56
-0.59,-0.74
-0.86,-1.21
-0.72,-1.43
-0.72,-1.59
-0.78,-1.73
-0.91,-1.82
-0.77,-1.6
-0.88,-1.29
-1.27,-0.75
-0.82,-0.6
-0.75,-1.37
-0.68,-2.03
-0.77,-2.56
-0.77,-2.87
-0.86,-3.08
-0.9,-3.07
-1.05,-2.78
-0.75,-1.93
-0.79,-0.8
-0.87,-0.9
-0.73,-2.12
-0.84,-3.16
-0.8,-3.84
-0.81,-4.21
-0.92,-4.34
-0.92,-4.19
-0.85,-3.67
-1.13,-2.84
-1.02,-1.19
-0.79,-1.15
-0.75,-2.84
-0.77,-4.13
-0.92,-5.02
-0.9,-5.33
-0.66,-5.13
-0.83,-4.94
-0.75,-4.32
-0.81,-3.24
-0.72,-1.28
-0.67,-1.33
-0.77,-3.43
-0.85,-4.88
-0.88,-5.75
-0.81,-5.98
-0.36,-5.61
-0.53,-5.34
-0.79,-4.87
-1.01,-3.79
-0.77,-1.51
-0.55,-1.43
-0.83,-3.76
-0.7,-5.1
-0.69,-5.93
-0.67,-6.24
-0.81,-6.24
-0.52,-5.7
-0.55,-5.09
-0.86,-3.97
-0.64,-1.6
-0.64,-1.52
-0.89,-3.76
-0.57,-4.86
-0.8,-5.69
-0.53,-5.9
-0.9,-6.13
-0.59,-5.68
-0.96,-5.27
-0.91,-4.0
-0.79,-1.69
-0.61,-1.33
-0.86,-3.13
-0.73,-4.0
-0.76,-4.55
-0.72,-4.77
-0.81,-4.89
-0.76,-4.68
-0.94,-4.34
-0.77,-3.25
-0.58,-1.38
-0.61,-0.72
-0.6,-1.45
-0.7,-1.86
-0.63,-2.04
-0.71,-2.16
-0.63,-2.16
-0.71,-2.12
-0.65,-1.93
-0.71,-1.56
-0.65,-0.77
0.6,0.72
0.6,1.44
0.7,1.85
0.63,2.03
0.71,2.16
0.63,2.16
0.71,2.12
0.65,1.93
0.71,1.56
0.65,0.77
0.62,1.33
0.86,3.12
0.73,4.0
0.76,4.54
0.73,4.77
0.81,4.89
0.76,4.68
0.94,4.34
0.77,3.25
0.58,1.38
0.64,1.52
0.89,3.76
0.56,4.85
0.8,5.69
0.52,5.89
0.9,6.12
0.59,5.68
0.97,5.28
0.91,4.0
0.79,1.69
0.55,1.43
0.83,3.76
0.7,5.1
0.69,5.93
0.67,6.23
0.81,6.24
0.52,5.7
0.55,5.09
0.86,3.97
0.64,1.6
0.67,1.33
0.77,3.43
0.85,4.88
0.88,5.75
0.81,5.98
0.36,5.61
0.53,5.34
0.79,4.87
1.01,3.79
0.77,1.51
0.79,1.15
0.75,2.84
0.77,4.13
0.92,5.02
0.9,5.33
0.66,5.13
0.83,4.94
0.75,4.32
0.81,3.24
0.72,1.28
0.87,0.9
0.73,2.12
0.84,3.16
0.8,3.84
0.81,4.21
0.92,4.34
0.92,4.19
0.85,3.67
1.13,2.84
1.02,1.19
0.82,0.6
0.75,1.37
0.68,2.03
0.77,2.56
0.77,2.87
0.86,3.07
0.9,3.07
1.05,2.78
0.75,1.93
0.8,0.8
1.19,0.56
0.59,0.74
0.86,1.21
0.72,1.43
0.72,1.59
0.78,1.73
0.91,1.82
0.77,1.6
0.88,1.29
1.27,0.75
1.63,0.5
1.24,0.54
1.2,0.64
1.29,0.74
1.12,0.69
0.95,0.62
1.07,0.71
1.19,0.76
1.46,0.79
1.47,0.5
-1.62,-0.54
-1.29,-0.64
-1.3,-0.76
-1.16,-0.73
-0.99,-0.71
-1.14,-0.84
-1.27,-0.91
-1.24,-0.82
-1.28,-0.69
-1.35,-0.42
-1.36,-0.72
-0.65,-0.94
-0.94,-1.46
-0.68,-1.6
-0.81,-1.86
-0.87,-2.05
-0.88,-2.01
-0.76,-1.68
-0.89,-1.3
-1.19,-0.7
-0.93,-0.72
-0.68,-1.5
-0.74,-2.28
-0.82,-2.84
-0.84,-3.21
-0.95,-3.41
-0.97,-3.29
-1.0,-2.86
-0.84,-2.02
-0.87,-0.83
-0.77,-0.89
-0.75,-2.26
-0.82,-3.37
-0.78,-4.06
-0.9,-4.47
-0.93,-4.54
-0.87,-4.3
-0.85,-3.73
-1.15,-2.86
-0.89,-1.11
-0.69,-1.14
-0.75,-2.99
-0.83,-4.38
-0.92,-5.21
-0.79,-5.39
-0.59,-5.19
-0.81,-5.01
-0.74,-4.37
-0.75,-3.2
-0.61,-1.2
-0.78,-1.45
-0.78,-3.61
-0.9,-5.17
-0.91,-5.97
-0.68,-6.03
-0.36,-5.71
-0.58,-5.48
-0.83,-4.99
-1.04,-3.82
-0.79,-1.5
-0.71,-1.59
-0.75,-3.91
-0.87,-5.45
-0.72,-6.19
-0.7,-6.4
-0.87,-6.39
-0.51,-5.83
-0.67,-5.24
-0.77,-3.94
-0.59,-1.54
-0.68,-1.61
-0.82,-3.88
-0.6,-5.1
-0.82,-5.9
-0.51,-6.01
-0.85,-6.18
-0.63,-5.75
-1.01,-5.31
-0.93,-3.98
-0.65,-1.59
-0.57,-1.37
-0.96,-3.3
-0.76,-4.19
-0.82,-4.72
-0.71,-4.83
-0.78,-4.88
-0.72,-4.62
-0.78,-4.19
-0.77,-3.17
-0.51,-1.31
-0.64,-0.75
-0.64,-1.53
-0.72,-1.93
-0.63,-2.09
-0.7,-2.18
-0.64,-2.16
-0.69,-2.09
-0.66,-1.89
-0.61,-1.47
-0.7,-0.76
0.64,0.75
0.64,1.52
0.71,1.92
0.63,2.08
0.7,2.17
0.64,2.15
0.69,2.09
0.66,1.89
0.61,1.47
0.7,0.77
0.57,1.37
0.96,3.3
0.76,4.18
0.82,4.72
0.71,4.83
0.78,4.88
0.72,4.62
0.78,4.19
0.77,3.17
0.51,1.31
0.68,1.6
0.82,3.88
0.6,5.1
0.82,5.9
0.51,6.0
0.85,6.17
0.63,5.75
1.01,5.32
0.94,3.98
0.65,1.59
0.71,1.59
0.76,3.91
0.87,5.45
0.72,6.19
0.7,6.4
0.87,6.39
0.52,5.83
0.67,5.24
0.77,3.94
0.59,1.54
0.78,1.45
0.78,3.6
0.9,5.16
0.91,5.97
0.68,6.03
0.36,5.71
0.58,5.48
0.83,4.99
1.04,3.82
0.79,1.5
0.69,1.14
0.75,2.99
0.83,4.38
0.92,5.21
0.79,5.39
0.59,5.19
0.81,5.01
0.74,4.37
0.75,3.2
0.61,1.2
0.77,0.89
0.75,2.26
0.82,3.37
0.78,4.06
0.9,4.47
0.93,4.54
0.87,4.3
0.85,3.73
1.15,2.86
0.89,1.11
0.93,0.72
0.68,1.5
0.74,2.28
0.82,2.84
0.84,3.21
0.95,3.41
0.97,3.3
1.0,2.86
0.84,2.03
0.87,0.83
1.36,0.72
0.65,0.94
0.94,1.46
0.68,1.6
0.81,1.86
0.87,2.05
0.88,2.01
0.76,1.69
0.89,1.3
1.19,0.7
1.62,0.54
1.29,0.64
1.3,0.76
1.16,0.73
0.99,0.71
1.14,0.84
1.27,0.91
1.24,0.82
1.29,0.69
1.35,0.42
-1.58,-0.55
-1.36,-0.72
-1.22,-0.79
-1.09,-0.79
-1.21,-0.93
-1.26,-0.95
-1.08,-0.79
-1.06,-0.66
-1.15,-0.58
-1.34,-0.39
-1.4,-0.83
-0.73,-1.14
-0.96,-1.66
-0.67,-1.82
-0.96,-2.19
-0.86,-2.18
-0.82,-1.96
-0.8,-1.65
-0.95,-1.29
-1.15,-0.66
-1.12,-0.93
-0.64,-1.7
-0.85,-2.6
-0.86,-3.14
-0.93,-3.52
-1.01,-3.59
-0.97,-3.32
-0.97,-2.83
-0.91,-2.01
-0.78,-0.75
-0.95,-1.08
-0.71,-2.43
-0.84,-3.61
-0.84,-4.32
-0.96,-4.69
-0.87,-4.61
-0.82,-4.3
-0.85,-3.7
-1.05,-2.74
-0.77,-1.0
-0.7,-1.22
-0.76,-3.14
-0.86,-4.56
-0.87,-5.31
-0.69,-5.42
-0.57,-5.26
-0.82,-5.08
-0.74,-4.39
-0.74,-3.15
-0.66,-1.17
-0.68,-1.44
-0.82,-3.76
-0.87,-5.34
-0.88,-6.08
-0.55,-6.04
-0.42,-5.85
-0.65,-5.63
-0.92,-5.11
-1.02,-3.78
-0.66,-1.4
-0.61,-1.59
-0.82,-4.09
-1.02,-5.77
-0.74,-6.41
-0.73,-6.56
-0.92,-6.55
-0.51,-5.94
-0.74,-5.32
-0.71,-3.87
-0.5,-1.45
-0.79,-1.71
-0.71,-3.96
-0.69,-5.36
-0.86,-6.15
-0.52,-6.19
-0.79,-6.26
-0.65,-5.82
-0.94,-5.27
-0.97,-3.92
-0.68,-1.57
-0.68,-1.47
-0.95,-3.4
-0.77,-4.36
-0.88,-4.94
-0.78,-5.03
-0.77,-4.98
-0.77,-4.68
-0.72,-4.1
-0.6,-3.0
-0.51,-1.26
-0.65,-0.79
-0.67,-1.59
-0.73,-2.01
-0.7,-2.21
-0.7,-2.26
-0.71,-2.23
-0.62,-2.08
-0.72,-1.89
-0.61,-1.44
-0.71,-0.75
0.65,0.78
0.67,1.58
0.73,2.0
0.7,2.2
0.7,2.25
0.71,2.23
0.62,2.08
0.72,1.9
0.61,1.44
0.71,0.75
0.68,1.47
0.95,3.39
0.77,4.36
0.88,4.94
0.78,5.03
0.77,4.98
0.78,4.68
0.72,4.1
0.6,3.0
0.51,1.26
0.79,1.7
0.71,3.96
0.69,5.36
0.85,6.14
0.52,6.19
0.79,6.25
0.65,5.81
0.94,5.27
0.97,3.93
0.68,1.57
0.61,1.59
0.82,4.09
1.02,5.77
0.75,6.41
0.73,6.56
0.92,6.54
0.51,5.94
0.74,5.32
0.71,3.87
0.5,1.45
0.68,1.44
0.82,3.76
0.87,5.34
0.88,6.07
0.55,6.04
0.41,5.84
0.65,5.63
0.92,5.11
1.02,3.78
0.66,1.4
0.71,1.22
0.76,3.14
0.86,4.56
0.86,5.31
0.69,5.42
0.57,5.26
0.82,5.08
0.74,4.4
0.74,3.15
0.66,1.17
0.95,1.08
0.71,2.43
0.84,3.61
0.84,4.32
0.96,4.69
0.87,4.61
0.82,4.3
0.85,3.71
1.05,2.74
0.77,1.0
1.12,0.93
0.64,1.7
0.85,2.6
0.86,3.14
0.93,3.52
1.01,3.59
0.97,3.32
0.97,2.83
0.91,2.01
0.78,0.75
1.4,0.83
0.73,1.14
0.96,1.66
0.67,1.82
0.96,2.19
0.86,2.18
0.82,1.96
0.8,1.65
0.95,1.29
1.15,0.66
1.58,0.55
1.36,0.72
1.23,0.79
1.09,0.79
1.21,0.93
1.26,0.95
1.08,0.79
1.06,0.66
1.15,0.58
1.34,0.39
-1.57,-0.56
-1.39,-0.78
-1.18,-0.83
-1.23,-0.9
-1.16,-0.88
-0.92,-0.69
-0.92,-0.62
-1.06,-0.62
-1.11,-0.54
-1.33,-0.36
-1.33,-0.84
-0.82,-1.31
-0.93,-1.82
-0.75,-2.01
-1.02,-2.26
-0.74,-2.02
-0.86,-1.89
-0.88,-1.64
-0.99,-1.25
-1.03,-0.55
-1.12,-1.0
-0.68,-1.9
-0.96,-2.88
-0.88,-3.36
-1.03,-3.67
-1.0,-3.54
-0.93,-3.23
-0.94,-2.73
-0.87,-1.89
-0.71,-0.65
-1.09,-1.24
-0.67,-2.58
-0.94,-3.87
-0.9,-4.51
-0.96,-4.75
-0.77,-4.56
-0.82,-4.26
-0.84,-3.63
-0.93,-2.58
-0.77,-0.93
-0.87,-1.41
-0.74,-3.27
-0.92,-4.73
-0.79,-5.35
-0.61,-5.42
-0.62,-5.34
-0.86,-5.16
-0.78,-4.42
-0.74,-3.08
-0.6,-1.1
-0.89,-1.64
-0.71,-3.83
-0.8,-5.4
-0.8,-6.08
-0.45,-6.06
-0.53,-6.02
-0.7,-5.77
-0.98,-5.17
-0.92,-3.68
-0.61,-1.34
-0.69,-1.71
-0.93,-4.3
-1.07,-5.97
-0.74,-6.55
-0.76,-6.72
-0.94,-6.7
-0.51,-6.05
-0.73,-5.34
-0.68,-3.81
-0.61,-1.48
-0.67,-1.69
-0.71,-4.08
-0.79,-5.6
-0.91,-6.37
-0.58,-6.41
-0.73,-6.38
-0.7,-5.94
-0.88,-5.27
-0.91,-3.84
-0.61,-1.5
-0.69,-1.49
-0.89,-3.44
-0.8,-4.5
-0.85,-5.09
-0.87,-5.24
-0.82,-5.16
-0.8,-4.82
-0.82,-4.21
-0.52,-2.94
-0.46,-1.22
-0.7,-0.83
-0.75,-1.65
-0.69,-2.05
-0.78,-2.3
-0.68,-2.32
-0.76,-2.33
-0.69,-2.17
-0.7,-1.93
-0.66,-1.47
-0.78,-0.79
0.7,0.82
0.75,1.65
0.69,2.04
0.77,2.29
0.67,2.31
0.76,2.32
0.69,2.17
0.7,1.93
0.66,1.47
0.78,0.79
0.7,1.49
0.89,3.44
0.8,4.49
0.85,5.08
0.87,5.24
0.82,5.15
0.8,4.82
0.83,4.21
0.52,2.94
0.46,1.22
0.67,1.69
0.71,4.07
0.79,5.6
0.91,6.37
0.58,6.4
0.72,6.38
0.7,5.94
0.88,5.27
0.91,3.84
0.61,1.51
0.69,1.72
0.93,4.3
1.08,5.97
0.74,6.55
0.76,6.71
0.94,6.7
0.51,6.05
0.73,5.34
0.68,3.81
0.61,1.48
0.89,1.64
0.71,3.83
0.8,5.4
0.8,6.08
0.44,6.06
0.52,6.02
0.7,5.78
0.98,5.17
0.92,3.68
0.61,1.34
0.87,1.41
0.74,3.27
0.92,4.73
0.79,5.35
0.62,5.42
0.62,5.34
0.85,5.16
0.78,4.42
0.74,3.08
0.6,1.1
1.09,1.24
0.67,2.58
0.94,3.88
0.9,4.51
0.96,4.75
0.77,4.56
0.82,4.27
0.84,3.63
0.93,2.58
0.77,0.93
1.12,1.0
0.68,1.9
0.96,2.88
0.88,3.36
1.02,3.67
1.0,3.54
0.93,3.24
0.94,2.73
0.87,1.89
0.71,0.65
1.33,0.84
0.82,1.31
0.93,1.82
0.75,2.01
1.02,2.27
0.74,2.02
0.86,1.89
0.88,1.65
0.99,1.25
1.03,0.55
1.57,0.56
1.39,0.78
1.19,0.83
1.23,0.9
1.16,0.89
0.91,0.69
0.92,0.62
1.06,0.62
1.11,0.54
1.33,0.36
-1.6,-0.57
-1.37,-0.78
-1.11,-0.76
-1.07,-0.74
-0.8,-0.61
-0.87,-0.59
-1.06,-0.68
-1.02,-0.58
-1.03,-0.45
-1.27,-0.3
-1.33,-0.86
-0.87,-1.4
-0.89,-1.83
-0.82,-2.01
-0.96,-2.12
-0.7,-1.91
-0.99,-1.93
-0.89,-1.59
-0.95,-1.12
-0.93,-0.45
-1.05,-1.01
-0.81,-2.08
-1.0,-3.02
-0.92,-3.42
-1.07,-3.64
-0.91,-3.41
-0.9,-3.15
-0.89,-2.6
-0.8,-1.72
-0.75,-0.61
-1.06,-1.27
-0.68,-2.73
-1.04,-4.06
-0.9,-4.55
-0.89,-4.7
-0.72,-4.51
-0.87,-4.26
-0.82,-3.54
-0.85,-2.42
-0.76,-0.88
-0.94,-1.49
-0.83,-3.42
-1.02,-4.88
-0.69,-5.32
-0.6,-5.44
-0.72,-5.47
-0.88,-5.24
-0.82,-4.42
-0.7,-2.98
-0.59,-1.06
-0.87,-1.67
-0.58,-3.79
-0.79,-5.41
-0.7,-6.03
-0.4,-6.1
-0.66,-6.23
-0.71,-5.88
-0.97,-5.18
-0.82,-3.58
-0.66,-1.33
-0.89,-1.88
-0.84,-4.32
-1.04,-6.0
-0.68,-6.59
-0.78,-6.84
-0.94,-6.85
-0.51,-6.17
-0.7,-5.39
-0.69,-3.8
-0.54,-1.43
-0.88,-1.89
-0.77,-4.23
-0.87,-5.78
-0.97,-6.54
-0.67,-6.62
-0.68,-6.53
-0.73,-6.11
-0.94,-5.42
-0.84,-3.86
-0.57,-1.5
-0.81,-1.61
-0.79,-3.49
-0.84,-4.63
-0.84,-5.2
-0.85,-5.38
-0.9,-5.34
-0.79,-4.98
-0.94,-4.42
-0.55,-3.06
-0.61,-1.34
-0.69,-0.85
-0.81,-1.72
-0.73,-2.12
-0.77,-2.35
-0.75,-2.42
-0.73,-2.38
-0.73,-2.25
-0.72,-2.01
-0.66,-1.52
-0.83,-0.84
0.69,0.85
0.81,1.71
0.72,2.11
0.76,2.33
0.75,2.4
0.73,2.37
0.73,2.25
0.72,2.01
0.66,1.52
0.83,0.84
0.81,1.61
0.79,3.49
0.84,4.62
0.84,5.19
0.85,5.37
0.9,5.33
0.79,4.97
0.94,4.42
0.55,3.06
0.61,1.34
0.88,1.89
0.77,4.23
0.87,5.78
0.97,6.54
0.67,6.61
0.68,6.52
0.73,6.11
0.94,5.42
0.85,3.86
0.57,1.5
0.89,1.88
0.85,4.32
1.04,6.0
0.69,6.58
0.78,6.84
0.94,6.85
0.51,6.17
0.7,5.39
0.7,3.81
0.54,1.43
0.87,1.66
0.58,3.79
0.79,5.41
0.7,6.03
0.4,6.1
0.66,6.23
0.71,5.89
0.97,5.18
0.82,3.58
0.66,1.33
0.94,1.49
0.83,3.42
1.02,4.88
0.69,5.32
0.61,5.44
0.72,5.47
0.89,5.24
0.82,4.43
0.71,2.98
0.59,1.06
1.06,1.27
0.68,2.73
1.04,4.06
0.9,4.55
0.89,4.7
0.71,4.51
0.87,4.26
0.82,3.54
0.85,2.42
0.76,0.88
1.05,1.01
0.81,2.08
1.0,3.02
0.92,3.42
1.07,3.64
0.91,3.41
0.9,3.15
0.89,2.6
0.8,1.72
0.75,0.61
1.33,0.86
0.87,1.41
0.89,1.83
0.82,2.01
0.96,2.12
0.7,1.91
0.99,1.93
0.89,1.59
0.95,1.12
0.93,0.45
1.6,0.58
1.37,0.78
1.11,0.76
1.07,0.74
0.8,0.61
0.87,0.59
1.06,0.68
1.02,0.58
1.03,0.45
1.27,0.3
-1.54,-0.51
-1.19,-0.61
-0.89,-0.55
-0.89,-0.58
-0.82,-0.59
-1.08,-0.7
-0.96,-0.61
-0.85,-0.42
-1.0,-0.36
-1.24,-0.26
-1.3,-0.82
-0.83,-1.31
-0.87,-1.71
-0.85,-1.93
-0.89,-2.02
-0.78,-1.93
-1.06,-1.9
-0.82,-1.4
-0.91,-0.98
-0.92,-0.41
-1.11,-1.05
-0.93,-2.17
-0.97,-3.01
-0.97,-3.39
-1.02,-3.53
-0.81,-3.3
-0.88,-3.06
-0.82,-2.41
-0.74,-1.56
-0.84,-0.61
-0.93,-1.24
-0.72,-2.84
-1.09,-4.14
-0.85,-4.51
-0.83,-4.65
-0.74,-4.53
-0.91,-4.26
-0.78,-3.42
-0.77,-2.27
-0.74,-0.84
-0.96,-1.54
-0.96,-3.61
-1.06,-4.97
-0.6,-5.28
-0.7,-5.55
-0.83,-5.65
-0.86,-5.29
-0.85,-4.41
-0.65,-2.9
-0.62,-1.06
-0.91,-1.72
-0.7,-3.94
-0.8,-5.45
-0.59,-5.97
-0.43,-6.22
-0.79,-6.45
-0.66,-5.97
-0.94,-5.22
-0.79,-3.58
-0.65,-1.34
-0.87,-1.86
-0.73,-4.26
-0.97,-5.96
-0.59,-6.55
-0.8,-6.96
-0.92,-7.0
-0.52,-6.33
-0.75,-5.57
-0.72,-3.93
-0.6,-1.53
-0.8,-1.87
-0.74,-4.23
-0.91,-5.84
-0.98,-6.64
-0.79,-6.82
-0.68,-6.7
-0.73,-6.29
-1.06,-5.68
-0.81,-4.02
-0.74,-1.67
-1.01,-1.76
-0.8,-3.57
-0.83,-4.71
-0.9,-5.33
-0.79,-5.47
-0.95,-5.49
-0.79,-5.12
-0.96,-4.59
-0.63,-3.24
-0.66,-1.43
-0.88,-0.98
-0.82,-1.78
-0.81,-2.2
-0.79,-2.41
-0.78,-2.48
-0.77,-2.46
-0.75,-2.33
-0.75,-2.09
-0.68,-1.59
-0.77,-0.84
0.88,0.97
0.81,1.77
0.81,2.19
0.78,2.4
0.77,2.46
0.77,2.45
0.75,2.32
0.75,2.09
0.68,1.58
0.77,0.84
1.01,1.76
0.8,3.57
0.83,4.7
0.9,5.32
0.79,5.47
0.95,5.48
0.79,5.11
0.96,4.59
0.64,3.25
0.66,1.43
0.79,1.87
0.74,4.22
0.91,5.84
0.98,6.64
0.79,6.81
0.68,6.7
0.73,6.29
1.05,5.68
0.81,4.02
0.74,1.67
0.87,1.86
0.73,4.26
0.97,5.96
0.6,6.55
0.8,6.96
0.92,7.0
0.52,6.32
0.75,5.57
0.72,3.93
0.6,1.53
0.91,1.72
0.7,3.94
0.8,5.45
0.59,5.97
0.43,6.22
0.79,6.45
0.66,5.97
0.94,5.23
0.79,3.59
0.65,1.34
0.96,1.54
0.96,3.61
1.06,4.98
0.6,5.29
0.7,5.55
0.83,5.65
0.86,5.29
0.84,4.42
0.66,2.91
0.62,1.06
0.93,1.24
0.72,2.84
1.09,4.14
0.85,4.51
0.83,4.65
0.74,4.53
0.92,4.26
0.78,3.43
0.77,2.27
0.74,0.84
1.11,1.05
0.93,2.17
0.97,3.01
0.97,3.39
1.02,3.53
0.81,3.3
0.88,3.06
0.82,2.41
0.74,1.56
0.84,0.61
1.3,0.82
0.83,1.31
0.86,1.71
0.85,1.93
0.89,2.02
0.78,1.93
1.06,1.9
0.82,1.4
0.91,0.98
0.92,0.41
1.54,0.51
1.18,0.6
0.9,0.55
0.89,0.58
0.83,0.59
1.08,0.7
0.97,0.61
0.85,0.42
1.0,0.36
1.24,0.26
-1.4,-0.39
-1.0,-0.43
-0.87,-0.49
-0.99,-0.63
-0.95,-0.64
-0.97,-0.6
-0.7,-0.4
-0.85,-0.34
-1.06,-0.37
-1.24,-0.27
-1.08,-0.63
-0.74,-1.12
-0.89,-1.63
-0.86,-1.89
-0.88,-1.98
-0.88,-1.9
-1.04,-1.74
-0.71,-1.21
-0.91,-0.91
-0.99,-0.44
-1.11,-1.0
-0.95,-2.11
-0.93,-2.92
-0.98,-3.32
-0.89,-3.39
-0.76,-3.21
-0.87,-2.94
-0.74,-2.24
-0.71,-1.48
-0.92,-0.65
-0.92,-1.23
-0.77,-2.86
-1.08,-4.1
-0.78,-4.44
-0.82,-4.66
-0.82,-4.59
-0.89,-4.22
-0.74,-3.36
-0.71,-2.22
-0.76,-0.87
-0.92,-1.53
-0.97,-3.67
-1.05,-4.98
-0.56,-5.3
-0.86,-5.77
-0.87,-5.8
-0.78,-5.31
-0.89,-4.5
-0.65,-2.98
-0.75,-1.18
-0.79,-1.71
-0.9,-4.12
-0.79,-5.48
-0.51,-5.98
-0.54,-6.44
-0.86,-6.66
-0.61,-6.09
-0.96,-5.4
-0.8,-3.74
-0.73,-1.47
-0.97,-1.94
-0.84,-4.4
-0.87,-5.92
-0.49,-6.51
-0.81,-7.1
-0.89,-7.17
-0.56,-6.54
-0.86,-5.85
-0.75,-4.14
-0.7,-1.66
-0.85,-1.91
-0.7,-4.23
-0.93,-5.84
-0.9,-6.64
-0.88,-7.0
-0.73,-6.9
-0.71,-6.47
-1.1,-5.9
-0.86,-4.21
-0.68,-1.71
-0.88,-1.71
-0.75,-3.54
-0.75,-4.67
-0.95,-5.4
-0.78,-5.59
-0.93,-5.63
-0.83,-5.28
-0.9,-4.71
-0.73,-3.41
-0.62,-1.46
-1.03,-1.05
-0.93,-1.86
-0.87,-2.26
-0.86,-2.5
-0.84,-2.57
-0.83,-2.56
-0.79,-2.42
-0.79,-2.17
-0.73,-1.67
-0.78,-0.86
1.02,1.04
0.93,1.85
0.86,2.25
0.86,2.49
0.84,2.56
0.83,2.55
0.79,2.41
0.79,2.17
0.73,1.66
0.78,0.86
0.89,1.71
0.75,3.53
0.75,4.67
0.95,5.4
0.78,5.58
0.94,5.62
0.83,5.27
0.9,4.71
0.73,3.41
0.62,1.46
0.85,1.91
0.7,4.23
0.93,5.83
0.9,6.64
0.88,6.99
0.73,6.9
0.71,6.47
1.09,5.9
0.86,4.21
0.68,1.71
0.97,1.95
0.84,4.4
0.88,5.92
0.49,6.51
0.81,7.1
0.89,7.17
0.55,6.54
0.86,5.85
0.75,4.15
0.7,1.66
0.78,1.71
0.89,4.12
0.79,5.49
0.51,5.98
0.54,6.44
0.86,6.67
0.61,6.09
0.96,5.4
0.81,3.75
0.73,1.48
0.93,1.53
0.98,3.67
1.05,4.99
0.56,5.3
0.86,5.77
0.87,5.81
0.78,5.32
0.89,4.5
0.65,2.98
0.75,1.18
0.92,1.23
0.77,2.86
1.08,4.1
0.78,4.44
0.82,4.66
0.82,4.59
0.9,4.22
0.74,3.36
0.71,2.22
0.76,0.87
1.12,1.0
0.95,2.11
0.93,2.92
0.98,3.32
0.89,3.39
0.76,3.21
0.87,2.94
0.74,2.24
0.71,1.48
0.92,0.65
1.08,0.63
0.74,1.12
0.89,1.63
0.86,1.89
0.88,1.98
0.88,1.91
1.04,1.74
0.71,1.21
0.9,0.91
0.99,0.44
1.4,0.39
1.0,0.43
0.87,0.49
0.99,0.63
0.95,0.64
0.97,0.6
0.7,0.4
0.84,0.34
1.07,0.37
1.24,0.27
-1.36,-0.33
-0.99,-0.41
-1.01,-0.56
-0.99,-0.6
-0.78,-0.49
-0.73,-0.41
-0.69,-0.34
-1.02,-0.42
-1.11,-0.43
-1.25,-0.3
-0.86,-0.44
-0.74,-1.04
-0.95,-1.63
-0.85,-1.83
-0.93,-1.9
-0.93,-1.82
-0.91,-1.58
-0.63,-1.15
-0.96,-0.99
-1.1,-0.55
-0.95,-0.82
-0.92,-1.99
-0.92,-2.82
-0.94,-3.21
-0.76,-3.26
-0.78,-3.16
-0.83,-2.85
-0.69,-2.21
-0.71,-1.55
-1.01,-0.77
-0.77,-1.09
-0.84,-2.81
-1.01,-3.99
-0.75,-4.4
-0.86,-4.72
-0.85,-4.63
-0.82,-4.22
-0.78,-3.47
-0.7,-2.33
-0.87,-1.0
-0.91,-1.49
-0.93,-3.62
-1.03,-4.96
-0.61,-5.4
-1.02,-6.0
-0.79,-5.9
-0.77,-5.44
-0.99,-4.74
-0.69,-3.17
-0.82,-1.28
-0.84,-1.72
-0.91,-4.16
-0.8,-5.5
-0.52,-6.06
-0.68,-6.7
-0.87,-6.85
-0.6,-6.29
-1.02,-5.67
-0.84,-3.94
-0.65,-1.5
-0.78,-1.87
-0.99,-4.52
-0.75,-5.86
-0.4,-6.46
-0.82,-7.23
-0.87,-7.34
-0.6,-6.78
-0.93,-6.12
-0.81,-4.36
-0.68,-1.71
-0.86,-1.94
-0.86,-4.4
-0.98,-5.86
-0.78,-6.55
-0.91,-7.08
-0.82,-7.09
-0.7,-6.65
-1.03,-6.04
-0.91,-4.39
-0.68,-1.77
-0.88,-1.72
-0.77,-3.58
-0.65,-4.61
-0.85,-5.31
-0.8,-5.63
-0.86,-5.7
-0.89,-5.44
-0.88,-4.84
-0.75,-3.56
-0.72,-1.56
-1.0,-1.05
-0.98,-1.9
-0.91,-2.29
-0.92,-2.53
-0.88,-2.63
-0.9,-2.64
-0.86,-2.53
-0.87,-2.28
-0.81,-1.77
-0.8,-0.9
1.0,1.04
0.98,1.9
0.9,2.28
0.91,2.52
0.88,2.61
0.9,2.63
0.86,2.52
0.87,2.28
0.81,1.77
0.8,0.9
0.88,1.72
0.77,3.58
0.65,4.61
0.85,5.31
0.8,5.62
0.87,5.69
0.89,5.44
0.89,4.84
0.75,3.56
0.72,1.56
0.86,1.94
0.86,4.39
0.98,5.86
0.78,6.54
0.91,7.08
0.82,7.09
0.7,6.65
1.03,6.04
0.91,4.39
0.68,1.77
0.78,1.87
0.99,4.52
0.75,5.86
0.41,6.46
0.82,7.22
0.87,7.34
0.6,6.77
0.93,6.11
0.81,4.36
0.68,1.71
0.83,1.72
0.91,4.16
0.8,5.5
0.52,6.06
0.68,6.7
0.88,6.85
0.6,6.29
1.02,5.67
0.84,3.95
0.65,1.5
0.92,1.49
0.93,3.62
1.03,4.96
0.61,5.4
1.02,6.0
0.79,5.9
0.77,5.44
0.99,4.75
0.69,3.18
0.82,1.29
0.77,1.09
0.84,2.81
1.01,4.0
0.75,4.4
0.86,4.72
0.85,4.64
0.83,4.22
0.78,3.47
0.7,2.34
0.87,1.0
0.96,0.82
0.92,1.99
0.92,2.82
0.94,3.21
0.76,3.26
0.78,3.16
0.83,2.85
0.69,2.22
0.71,1.55
1.01,0.77
0.86,0.44
0.74,1.04
0.95,1.63
0.85,1.83
0.93,1.9
0.93,1.82
0.91,1.59
0.63,1.15
0.95,1.0
1.11,0.56
1.37,0.33
0.99,0.41
1.01,0.56
0.98,0.6
0.78,0.49
0.73,0.41
0.69,0.34
1.02,0.42
1.11,0.43
1.25,0.3
-1.44,-0.37
-1.03,-0.43
-0.97,-0.5
-0.74,-0.41
-0.66,-0.38
-0.79,-0.44
-0.91,-0.49
-1.16,-0.57
-1.07,-0.5
-1.33,-0.38
-0.8,-0.4
-0.82,-1.07
-0.99,-1.61
-0.85,-1.74
-0.97,-1.85
-0.85,-1.76
-0.76,-1.54
-0.65,-1.28
-1.05,-1.18
-1.24,-0.7
-0.84,-0.71
-0.9,-1.93
-0.91,-2.74
-0.83,-3.09
-0.71,-3.21
-0.83,-3.2
-0.76,-2.89
-0.71,-2.38
-0.72,-1.7
-1.04,-0.85
-0.7,-0.99
-0.89,-2.77
-0.91,-3.91
-0.77,-4.43
-0.89,-4.8
-0.8,-4.71
-0.84,-4.4
-0.88,-3.74
-0.68,-2.48
-0.86,-1.04
-0.65,-1.3
-1.0,-3.61
-0.97,-4.97
-0.72,-5.58
-1.06,-6.19
-0.68,-6.0
-0.89,-5.73
-1.06,-5.05
-0.72,-3.37
-0.74,-1.31
-0.75,-1.62
-0.89,-4.14
-0.89,-5.61
-0.61,-6.27
-0.81,-6.96
-0.85,-7.03
-0.62,-6.54
-1.05,-5.93
-0.88,-4.17
-0.71,-1.61
-0.78,-1.84
-0.95,-4.49
-0.62,-5.82
-0.37,-6.5
-0.84,-7.35
-0.86,-7.5
-0.65,-6.99
-0.92,-6.3
-0.86,-4.57
-0.79,-1.85
-0.79,-1.91
-0.97,-4.51
-1.02,-5.92
-0.68,-6.49
-0.88,-7.09
-0.89,-7.21
-0.74,-6.79
-0.96,-6.13
-0.9,-4.52
-0.71,-1.87
-0.78,-1.68
-0.88,-3.72
-0.77,-4.73
-0.73,-5.23
-0.77,-5.58
-0.77,-5.66
-0.84,-5.47
-0.92,-4.95
-0.8,-3.71
-0.81,-1.67
-0.91,-1.0
-0.98,-1.93
-0.93,-2.33
-0.94,-2.53
-0.91,-2.63
-0.91,-2.65
-0.92,-2.58
-0.88,-2.34
-0.93,-1.89
-0.85,-0.96
0.91,1.0
0.98,1.92
0.93,2.32
0.94,2.52
0.91,2.62
0.91,2.64
0.92,2.57
0.87,2.33
0.93,1.89
0.85,0.96
0.78,1.68
0.88,3.72
0.77,4.73
0.73,5.23
0.77,5.58
0.77,5.65
0.84,5.46
0.92,4.94
0.8,3.7
0.81,1.67
0.79,1.91
0.97,4.51
1.02,5.92
0.68,6.48
0.87,7.09
0.89,7.2
0.74,6.78
0.96,6.13
0.91,4.52
0.71,1.87
0.78,1.84
0.95,4.49
0.62,5.82
0.37,6.5
0.84,7.35
0.86,7.49
0.65,6.99
0.92,6.3
0.86,4.57
0.79,1.85
0.74,1.62
0.89,4.14
0.89,5.61
0.61,6.27
0.81,6.96
0.85,7.03
0.62,6.54
1.05,5.93
0.89,4.17
0.71,1.61
0.65,1.3
1.0,3.61
0.97,4.97
0.72,5.58
1.06,6.2
0.68,6.01
0.89,5.74
1.06,5.05
0.72,3.37
0.74,1.31
0.7,0.99
0.89,2.77
0.91,3.91
0.77,4.43
0.89,4.81
0.81,4.71
0.84,4.4
0.88,3.74
0.68,2.49
0.86,1.04
0.84,0.71
0.9,1.93
0.91,2.75
0.83,3.09
0.71,3.21
0.83,3.2
0.76,2.89
0.71,2.38
0.72,1.7
1.04,0.85
0.8,0.4
0.82,1.07
0.99,1.61
0.85,1.74
0.97,1.86
0.85,1.76
0.76,1.55
0.66,1.29
1.05,1.19
1.24,0.7
1.44,0.37
1.03,0.43
0.98,0.5
0.74,0.41
0.66,0.38
0.79,0.44
0.92,0.49
1.16,0.57
1.08,0.5
1.33,0.38
-1.48,-0.38
-0.9,-0.34
-0.8,-0.37
-0.66,-0.36
-0.87,-0.54
-1.02,-0.64
-1.09,-0.67
-1.14,-0.66
-1.06,-0.56
-1.49,-0.47
-0.88,-0.45
-0.88,-1.09
-0.98,-1.55
-0.84,-1.71
-0.92,-1.89
-0.71,-1.8
-0.72,-1.69
-0.79,-1.54
-1.12,-1.36
-1.26,-0.77
-0.75,-0.67
-0.94,-1.92
-0.86,-2.68
-0.74,-3.06
-0.77,-3.33
-0.84,-3.36
-0.73,-3.1
-0.76,-2.63
-0.64,-1.8
-0.98,-0.87
-0.71,-0.97
-0.85,-2.74
-0.86,-3.88
-0.8,-4.53
-0.88,-4.95
-0.81,-4.95
-0.98,-4.78
-0.91,-4.04
-0.68,-2.68
-0.9,-1.14
-0.65,-1.29
-0.99,-3.63
-0.84,-4.99
-0.84,-5.82
-1.0,-6.37
-0.65,-6.24
-1.05,-6.13
-1.05,-5.34
-0.82,-3.66
-0.84,-1.47
-0.63,-1.56
-1.04,-4.29
-1.01,-5.84
-0.75,-6.6
-0.88,-7.23
-0.8,-7.22
-0.62,-6.78
-1.04,-6.13
-0.92,-4.38
-0.81,-1.76
-0.59,-1.71
-0.94,-4.52
-0.58,-5.91
-0.4,-6.67
-0.86,-7.52
-0.87,-7.66
-0.7,-7.17
-0.86,-6.38
-0.86,-4.67
-0.79,-1.92
-0.69,-1.81
-0.97,-4.5
-0.98,-5.96
-0.61,-6.52
-0.78,-7.11
-0.93,-7.29
-0.78,-6.87
-0.9,-6.14
-0.91,-4.59
-0.82,-1.97
-0.71,-1.6
-0.89,-3.73
-0.96,-4.9
-0.78,-5.34
-0.76,-5.62
-0.75,-5.66
-0.73,-5.41
-0.84,-4.89
-0.83,-3.77
-0.88,-1.76
-0.78,-0.91
-0.86,-1.85
-0.92,-2.34
-0.89,-2.54
-0.96,-2.67
-0.89,-2.65
-0.97,-2.59
-0.89,-2.35
-0.97,-1.94
-0.87,-1.0
0.78,0.91
0.86,1.85
0.92,2.34
0.89,2.53
0.95,2.66
0.88,2.64
0.96,2.58
0.89,2.34
0.97,1.93
0.87,1.0
0.71,1.6
0.89,3.73
0.96,4.9
0.79,5.33
0.77,5.62
0.76,5.66
0.73,5.4
0.84,4.89
0.83,3.77
0.89,1.75
0.69,1.81
0.97,4.5
0.98,5.96
0.61,6.52
0.78,7.1
0.93,7.29
0.78,6.86
0.9,6.14
0.91,4.59
0.82,1.97
0.6,1.71
0.95,4.52
0.59,5.91
0.4,6.67
0.85,7.52
0.87,7.66
0.7,7.16
0.86,6.38
0.86,4.67
0.79,1.92
0.63,1.56
1.03,4.29
1.01,5.84
0.75,6.6
0.88,7.23
0.8,7.22
0.61,6.77
1.04,6.13
0.92,4.39
0.81,1.76
0.65,1.29
0.99,3.64
0.84,5.0
0.84,5.83
1.0,6.38
0.65,6.24
1.05,6.13
1.06,5.34
0.82,3.66
0.84,1.47
0.7,0.97
0.85,2.74
0.86,3.89
0.8,4.54
0.88,4.96
0.81,4.95
0.98,4.78
0.91,4.04
0.68,2.69
0.9,1.14
0.76,0.67
0.94,1.93
0.86,2.69
0.74,3.06
0.77,3.33
0.85,3.36
0.73,3.11
0.76,2.63
0.64,1.81
0.97,0.87
0.88,0.45
0.88,1.09
0.98,1.55
0.84,1.71
0.92,1.9
0.71,1.8
0.72,1.69
0.79,1.54
1.12,1.36
1.26,0.77
1.49,0.38
0.89,0.34
0.81,0.37
0.67,0.37
0.87,0.54
1.02,0.64
1.09,0.67
1.14,0.66
1.06,0.56
1.48,0.47
-1.37,-0.32
-0.73,-0.25
-0.87,-0.45
-0.96,-0.62
-1.18,-0.81
-1.07,-0.77
-1.07,-0.76
-1.08,-0.71
-1.16,-0.66
-1.58,-0.54
-0.97,-0.49
-0.88,-1.09
-0.95,-1.58
-0.8,-1.82
-0.83,-2.02
-0.64,-1.94
-0.83,-1.96
-0.91,-1.79
-1.08,-1.46
-1.2,-0.79
-0.78,-0.7
-0.95,-1.95
-0.77,-2.69
-0.75,-3.2
-0.84,-3.57
-0.8,-3.6
-0.74,-3.39
-0.74,-2.86
-0.59,-1.97
-1.07,-0.99
-0.69,-0.97
-0.92,-2.8
-0.85,-3.95
-0.8,-4.72
-0.92,-5.24
-0.93,-5.34
-1.09,-5.18
-0.88,-4.31
-0.86,-3.01
-0.99,-1.31
-0.59,-1.25
-0.84,-3.57
-0.73,-5.04
-0.93,-6.08
-0.89,-6.58
-0.73,-6.57
-1.12,-6.46
-1.03,-5.54
-0.88,-3.87
-0.85,-1.57
-0.65,-1.59
-1.04,-4.38
-1.05,-6.04
-0.89,-6.94
-0.88,-7.46
-0.74,-7.4
-0.59,-6.94
-0.99,-6.2
-0.88,-4.46
-0.88,-1.84
-0.64,-1.77
-1.01,-4.69
-0.66,-6.15
-0.49,-6.95
-0.88,-7.71
-0.89,-7.82
-0.77,-7.31
-0.78,-6.38
-0.86,-4.71
-0.86,-1.99
-0.62,-1.78
-1.05,-4.61
-0.91,-6.05
-0.56,-6.62
-0.66,-7.14
-0.89,-7.36
-0.81,-6.94
-0.85,-6.1
-0.89,-4.58
-0.85,-1.99
-0.56,-1.49
-0.87,-3.7
-1.0,-4.97
-0.92,-5.5
-0.83,-5.73
-0.82,-5.77
-0.76,-5.45
-0.74,-4.81
-0.81,-3.73
-0.84,-1.73
-0.69,-0.83
-0.7,-1.73
-0.85,-2.29
-0.8,-2.51
-0.9,-2.65
-0.84,-2.64
-0.94,-2.58
-0.89,-2.34
-1.0,-1.95
-0.93,-1.02
0.69,0.83
0.7,1.72
0.85,2.28
0.8,2.5
0.9,2.64
0.84,2.63
0.93,2.57
0.88,2.32
1.0,1.94
0.93,1.02
0.56,1.49
0.87,3.7
1.0,4.97
0.92,5.49
0.83,5.73
0.83,5.76
0.76,5.44
0.74,4.81
0.81,3.72
0.84,1.73
0.62,1.78
1.05,4.61
0.91,6.05
0.56,6.62
0.66,7.14
0.89,7.36
0.81,6.94
0.85,6.1
0.89,4.57
0.85,1.99
0.64,1.77
1.01,4.69
0.66,6.15
0.49,6.95
0.88,7.71
0.89,7.82
0.77,7.31
0.78,6.38
0.86,4.71
0.86,1.99
0.65,1.59
1.04,4.38
1.05,6.04
0.89,6.94
0.89,7.46
0.74,7.4
0.59,6.94
0.99,6.2
0.89,4.46
0.88,1.84
0.59,1.25
0.84,3.57
0.74,5.04
0.93,6.09
0.89,6.58
0.73,6.57
1.12,6.46
1.03,5.55
0.88,3.87
0.85,1.57
0.69,0.97
0.92,2.8
0.85,3.95
0.8,4.72
0.92,5.25
0.93,5.34
1.09,5.18
0.89,4.32
0.86,3.02
1.0,1.31
0.78,0.7
0.95,1.96
0.77,2.69
0.75,3.2
0.84,3.58
0.8,3.6
0.74,3.4
0.75,2.87
0.59,1.97
1.07,0.99
0.97,0.49
0.88,1.09
0.95,1.58
0.8,1.83
0.83,2.02
0.64,1.94
0.84,1.96
0.91,1.79
1.08,1.46
1.2,0.79
1.38,0.32
0.73,0.25
0.88,0.45
0.96,0.62
1.18,0.81
1.07,0.77
1.08,0.76
1.07,0.71
1.16,0.66
1.58,0.53
-1.23,-0.28
-0.87,-0.4
-1.28,-0.79
-1.18,-0.85
-1.13,-0.86
-0.98,-0.8
-1.11,-0.87
-1.11,-0.81
-1.28,-0.77
-1.59,-0.57
-0.96,-0.49
-0.86,-1.17
-0.97,-1.77
-0.74,-1.98
-0.77,-2.15
-0.74,-2.19
-0.99,-2.27
-0.9,-1.97
-1.01,-1.57
-1.24,-0.87
-0.76,-0.71
-0.85,-1.98
-0.74,-2.82
-0.8,-3.44
-0.81,-3.8
-0.76,-3.85
-0.78,-3.67
-0.72,-3.07
-0.73,-2.24
-1.18,-1.13
-0.77,-1.06
-1.01,-2.94
-0.82,-4.1
-0.86,-5.02
-1.05,-5.61
-1.03,-5.7
-1.12,-5.44
-0.91,-4.51
-0.99,-3.23
-0.92,-1.35
-0.63,-1.3
-0.81,-3.62
-0.68,-5.16
-0.97,-6.35
-0.83,-6.81
-0.84,-6.85
-1.07,-6.58
-0.95,-5.56
-0.79,-3.89
-0.94,-1.63
-0.62,-1.58
-0.96,-4.38
-1.03,-6.2
-1.0,-7.25
-0.83,-7.63
-0.7,-7.53
-0.57,-7.01
-0.9,-6.16
-0.91,-4.45
-0.87,-1.84
-0.54,-1.73
-0.93,-4.71
-0.76,-6.39
-0.62,-7.28
-0.9,-7.9
-0.92,-7.95
-0.86,-7.44
-0.73,-6.35
-0.84,-4.66
-0.81,-1.95
-0.69,-1.84
-1.09,-4.73
-0.94,-6.23
-0.58,-6.82
-0.55,-7.19
-0.78,-7.37
-0.82,-7.02
-0.85,-6.1
-0.84,-4.51
-0.87,-1.98
-0.53,-1.5
-0.95,-3.81
-0.99,-5.06
-0.99,-5.63
-0.92,-5.86
-0.88,-5.86
-0.89,-5.58
-0.77,-4.84
-0.78,-3.68
-0.87,-1.74
-0.64,-0.8
-0.63,-1.69
-0.76,-2.24
-0.72,-2.47
-0.81,-2.61
-0.76,-2.6
-0.84,-2.53
-0.81,-2.27
-0.91,-1.87
-0.97,-1.03
0.63,0.8
0.63,1.69
0.76,2.23
0.71,2.46
0.8,2.6
0.76,2.59
0.84,2.52
0.81,2.26
0.9,1.86
0.97,1.03
0.53,1.5
0.95,3.8
0.99,5.06
0.99,5.63
0.92,5.85
0.88,5.85
0.9,5.57
0.78,4.84
0.78,3.67
0.87,1.73
0.69,1.84
1.09,4.73
0.95,6.23
0.59,6.81
0.55,7.19
0.78,7.37
0.82,7.01
0.85,6.1
0.84,4.51
0.87,1.98
0.54,1.73
0.94,4.72
0.76,6.39
0.62,7.27
0.9,7.89
0.92,7.95
0.87,7.44
0.73,6.35
0.84,4.66
0.81,1.95
0.62,1.58
0.96,4.38
1.03,6.2
1.0,7.25
0.83,7.63
0.69,7.53
0.57,7.01
0.9,6.16
0.91,4.45
0.87,1.84
0.63,1.3
0.81,3.62
0.68,5.16
0.97,6.36
0.83,6.81
0.83,6.85
1.07,6.58
0.95,5.56
0.79,3.89
0.94,1.63
0.77,1.06
1.01,2.94
0.82,4.1
0.86,5.03
1.05,5.62
1.03,5.7
1.12,5.44
0.91,4.51
0.99,3.23
0.92,1.35
0.76,0.71
0.85,1.98
0.74,2.82
0.81,3.45
0.81,3.81
0.76,3.85
0.78,3.68
0.72,3.08
0.73,2.24
1.18,1.13
0.96,0.49
0.87,1.18
0.97,1.77
0.74,1.98
0.77,2.15
0.74,2.19
0.99,2.27
0.9,1.97
1.01,1.57
1.24,0.87
1.24,0.28
0.87,0.41
1.29,0.8
1.17,0.85
1.13,0.86
0.98,0.8
1.12,0.87
1.11,0.81
1.28,0.77
1.59,0.57
-1.32,-0.4
-1.33,-0.77
-1.41,-0.95
-0.95,-0.78
-1.11,-0.91
-1.08,-0.95
-1.18,-0.98
-1.13,-0.87
-1.36,-0.85
-1.57,-0.58
-1.03,-0.61
-0.97,-1.43
-0.95,-1.92
-0.67,-2.05
-0.88,-2.39
-0.9,-2.5
-0.99,-2.45
-0.82,-2.04
-1.03,-1.68
-1.3,-0.93
-0.69,-0.72
-0.76,-2.07
-0.78,-3.01
-0.76,-3.61
-0.76,-4.01
-0.79,-4.09
-0.82,-3.86
-0.77,-3.22
-0.89,-2.41
-1.09,-1.13
-0.76,-1.09
-1.03,-3.08
-0.87,-4.35
-0.99,-5.36
-1.13,-5.9
-1.04,-5.89
-1.09,-5.5
-0.9,-4.53
-0.94,-3.23
-0.91,-1.34
-0.6,-1.33
-0.83,-3.76
-0.66,-5.35
-1.03,-6.64
-0.81,-7.0
-0.88,-6.98
-0.91,-6.5
-0.86,-5.47
-0.78,-3.85
-0.98,-1.63
-0.75,-1.69
-0.96,-4.49
-0.97,-6.35
-1.07,-7.51
-0.74,-7.75
-0.67,-7.62
-0.61,-7.06
-0.87,-6.12
-0.92,-4.42
-0.79,-1.8
-0.57,-1.78
-0.87,-4.75
-0.81,-6.6
-0.75,-7.61
-0.92,-8.09
-0.94,-8.07
-0.96,-7.56
-0.74,-6.39
-0.75,-4.61
-0.92,-1.99
-0.67,-1.83
-0.96,-4.69
-0.96,-6.39
-0.71,-7.1
-0.53,-7.35
-0.65,-7.38
-0.75,-7.05
-0.91,-6.18
-0.84,-4.51
-0.81,-1.95
-0.52,-1.49
-0.97,-3.84
-1.04,-5.19
-1.01,-5.8
-1.01,-6.03
-0.92,-5.95
-0.98,-5.68
-0.89,-4.95
-0.78,-3.66
-0.82,-1.68
-0.58,-0.78
-0.64,-1.7
-0.75,-2.27
-0.71,-2.51
-0.75,-2.62
-0.72,-2.59
-0.74,-2.48
-0.74,-2.22
-0.74,-1.75
-0.87,-0.95
0.58,0.77
0.63,1.7
0.75,2.26
0.71,2.5
0.75,2.6
0.72,2.58
0.74,2.47
0.74,2.21
0.73,1.74
0.87,0.95
0.52,1.49
0.97,3.84
1.04,5.19
1.01,5.8
1.02,6.02
0.92,5.95
0.98,5.68
0.9,4.95
0.78,3.66
0.82,1.68
0.67,1.83
0.96,4.69
0.96,6.39
0.71,7.1
0.53,7.34
0.65,7.38
0.74,7.04
0.91,6.18
0.84,4.51
0.81,1.95
0.57,1.78
0.87,4.75
0.81,6.6
0.75,7.6
0.91,8.08
0.94,8.07
0.96,7.56
0.74,6.39
0.75,4.6
0.92,1.99
0.75,1.69
0.96,4.49
0.97,6.35
1.07,7.52
0.74,7.75
0.66,7.61
0.6,7.06
0.87,6.13
0.92,4.42
0.79,1.8
0.6,1.33
0.83,3.76
0.66,5.36
1.02,6.64
0.81,7.0
0.88,6.98
0.91,6.5
0.86,5.47
0.78,3.85
0.98,1.63
0.76,1.09
1.03,3.08
0.87,4.36
0.99,5.37
1.13,5.9
1.04,5.89
1.09,5.5
0.9,4.53
0.94,3.23
0.91,1.35
0.69,0.72
0.76,2.07
0.78,3.01
0.76,3.62
0.76,4.01
0.8,4.1
0.82,3.87
0.77,3.23
0.89,2.41
1.09,1.13
1.02,0.61
0.98,1.43
0.95,1.93
0.67,2.05
0.89,2.4
0.9,2.51
0.99,2.45
0.82,2.04
1.03,1.68
1.3,0.93
1.33,0.4
1.33,0.77
1.41,0.95
0.95,0.78
1.11,0.92
1.08,0.95
1.18,0.98
1.12,0.87
1.36,0.85
1.57,0.58
-1.54,-0.57
-1.47,-0.9
-1.07,-0.82
-1.06,-0.91
-1.3,-1.11
-1.02,-0.98
-1.18,-0.99
-1.17,-0.91
-1.39,-0.88
-1.51,-0.56
-1.3,-0.87
-1.1,-1.65
-0.83,-1.95
-0.79,-2.3
-1.06,-2.71
-0.86,-2.6
-0.91,-2.44
-0.83,-2.07
-1.09,-1.74
-1.26,-0.91
-0.76,-0.86
-0.72,-2.2
-0.72,-3.11
-0.7,-3.78
-0.84,-4.25
-0.85,-4.23
-0.85,-3.9
-0.83,-3.27
-0.91,-2.43
-1.02,-1.09
-0.85,-1.21
-1.01,-3.24
-0.96,-4.6
-1.05,-5.59
-1.12,-6.02
-0.98,-5.88
-0.99,-5.39
-0.84,-4.44
-0.88,-3.17
-1.0,-1.37
-0.58,-1.39
-0.88,-3.94
-0.75,-5.62
-1.06,-6.85
-0.76,-7.06
-0.86,-6.97
-0.77,-6.4
-0.87,-5.42
-0.8,-3.82
-0.9,-1.58
-0.68,-1.69
-0.96,-4.61
-0.92,-6.51
-1.09,-7.71
-0.63,-7.81
-0.68,-7.7
-0.73,-7.18
-0.87,-6.16
-0.86,-4.38
-0.79,-1.77
-0.58,-1.82
-0.94,-4.89
-0.83,-6.77
-0.86,-7.89
-0.93,-8.27
-0.95,-8.2
-0.98,-7.67
-0.79,-6.5
-0.76,-4.64
-0.82,-1.92
-0.71,-1.87
-0.91,-4.71
-0.89,-6.47
-0.84,-7.37
-0.63,-7.6
-0.6,-7.49
-0.6,-7.06
-0.95,-6.31
-0.93,-4.6
-0.67,-1.87
-0.63,-1.55
-0.88,-3.79
-1.03,-5.21
-0.99,-5.91
-1.06,-6.2
-1.0,-6.13
-1.01,-5.8
-1.03,-5.12
-0.76,-3.69
-0.82,-1.65
-0.58,-0.78
-0.61,-1.67
-0.69,-2.24
-0.72,-2.54
-0.73,-2.66
-0.75,-2.65
-0.72,-2.51
-0.72,-2.24
-0.66,-1.69
-0.66,-0.84
0.58,0.78
0.61,1.67
0.69,2.23
0.72,2.53
0.72,2.64
0.75,2.64
0.72,2.5
0.72,2.23
0.66,1.69
0.66,0.84
0.63,1.55
0.88,3.79
1.03,5.21
0.99,5.91
1.06,6.2
1.0,6.12
1.01,5.8
1.03,5.12
0.76,3.68
0.82,1.65
0.71,1.87
0.91,4.71
0.9,6.46
0.84,7.37
0.63,7.59
0.6,7.48
0.59,7.05
0.96,6.31
0.93,4.6
0.67,1.87
0.58,1.82
0.94,4.89
0.83,6.77
0.86,7.89
0.92,8.27
0.95,8.19
0.98,7.67
0.79,6.5
0.76,4.64
0.82,1.92
0.68,1.69
0.96,4.61
0.92,6.51
1.09,7.71
0.63,7.81
0.68,7.7
0.73,7.18
0.87,6.16
0.86,4.38
0.8,1.77
0.58,1.39
0.89,3.95
0.75,5.62
1.06,6.85
0.76,7.06
0.85,6.97
0.77,6.4
0.87,5.43
0.8,3.81
0.9,1.58
0.85,1.21
1.01,3.24
0.96,4.61
1.05,5.59
1.12,6.03
0.98,5.89
0.99,5.4
0.84,4.45
0.87,3.17
1.01,1.37
0.77,0.86
0.72,2.2
0.72,3.12
0.7,3.78
0.84,4.26
0.85,4.24
0.85,3.91
0.84,3.27
0.91,2.43
1.02,1.09
1.3,0.87
1.1,1.66
0.83,1.96
0.79,2.3
1.07,2.72
0.86,2.6
0.91,2.44
0.83,2.07
1.09,1.74
1.27,0.91
1.55,0.57
1.46,0.89
1.07,0.82
1.06,0.91
1.3,1.11
1.01,0.98
1.19,1.0
1.17,0.91
1.39,0.89
1.51,0.56
-1.49,-0.57
-1.32,-0.85
-1.1,-0.9
-1.33,-1.11
-1.02,-0.99
-1.03,-0.95
-1.31,-1.06
-1.13,-0.9
-1.33,-0.84
-1.43,-0.51
-1.54,-1.07
-1.11,-1.76
-0.83,-2.12
-1.04,-2.62
-0.97,-2.7
-0.76,-2.5
-0.93,-2.44
-0.88,-2.1
-1.12,-1.73
-1.25,-0.88
-1.0,-1.08
-0.67,-2.29
-0.66,-3.23
-0.83,-4.02
-0.93,-4.35
-0.84,-4.19
-0.87,-3.87
-0.84,-3.24
-0.86,-2.36
-1.01,-1.05
-0.97,-1.37
-0.9,-3.31
-0.98,-4.74
-1.04,-5.68
-1.05,-5.98
-0.88,-5.76
-0.9,-5.28
-0.83,-4.4
-0.85,-3.1
-0.95,-1.29
-0.76,-1.58
-0.92,-4.12
-0.87,-5.83
-1.02,-6.9
-0.69,-7.01
-0.85,-6.96
-0.75,-6.4
-0.92,-5.47
-0.78,-3.78
-0.75,-1.47
-0.76,-1.83
-0.94,-4.76
-0.94,-6.68
-1.04,-7.79
-0.53,-7.82
-0.78,-7.85
-0.86,-7.34
-0.85,-6.25
-0.88,-4.44
-0.76,-1.73
-0.68,-1.93
-0.96,-5.05
-0.89,-6.97
-0.94,-8.1
-0.93,-8.43
-0.94,-8.33
-0.89,-7.73
-0.87,-6.66
-0.88,-4.79
-0.69,-1.87
-0.63,-1.88
-0.99,-4.85
-0.84,-6.57
-0.91,-7.58
-0.76,-7.84
-0.69,-7.69
-0.47,-7.09
-0.96,-6.44
-0.95,-4.72
-0.69,-1.88
-0.62,-1.58
-0.88,-3.85
-0.97,-5.24
-0.97,-5.98
-0.99,-6.27
-1.04,-6.24
-1.02,-5.9
-1.16,-5.3
-0.83,-3.81
-0.68,-1.59
-0.65,-0.83
-0.68,-1.74
-0.68,-2.26
-0.7,-2.54
-0.71,-2.66
-0.69,-2.64
-0.74,-2.54
-0.64,-2.25
-0.71,-1.73
-0.53,-0.78
0.64,0.83
0.68,1.73
0.68,2.25
0.7,2.53
0.71,2.65
0.68,2.63
0.74,2.53
0.64,2.24
0.7,1.72
0.53,0.77
0.63,1.58
0.88,3.85
0.97,5.23
0.98,5.98
0.99,6.26
1.04,6.24
1.02,5.89
1.16,5.3
0.83,3.8
0.68,1.59
0.63,1.88
0.99,4.85
0.84,6.57
0.91,7.58
0.76,7.84
0.7,7.69
0.47,7.09
0.96,6.43
0.95,4.72
0.69,1.88
0.68,1.94
0.96,5.05
0.89,6.97
0.93,8.1
0.93,8.42
0.94,8.33
0.89,7.73
0.87,6.66
0.88,4.79
0.69,1.87
0.76,1.83
0.94,4.76
0.94,6.68
1.04,7.79
0.53,7.82
0.78,7.85
0.86,7.35
0.85,6.26
0.88,4.44
0.76,1.73
0.77,1.59
0.92,4.13
0.87,5.83
1.02,6.91
0.69,7.01
0.84,6.96
0.76,6.41
0.92,5.47
0.78,3.78
0.75,1.47
0.97,1.37
0.9,3.31
0.98,4.75
1.04,5.69
1.05,5.98
0.88,5.76
0.9,5.28
0.83,4.4
0.85,3.1
0.95,1.29
1.0,1.09
0.67,2.29
0.66,3.24
0.83,4.03
0.93,4.35
0.85,4.19
0.87,3.87
0.84,3.24
0.86,2.36
1.01,1.05
1.54,1.06
1.11,1.76
0.84,2.12
1.04,2.62
0.97,2.7
0.75,2.5
0.93,2.44
0.88,2.1
1.11,1.73
1.26,0.88
1.49,0.57
1.32,0.85
1.1,0.9
1.33,1.11
1.02,0.99
1.03,0.95
1.32,1.06
1.12,0.9
1.33,0.84
1.43,0.51
-1.35,-0.51
-1.4,-0.91
-1.16,-0.95
-1.12,-0.99
-0.96,-0.93
-1.35,-1.11
-1.09,-0.95
-1.03,-0.8
-1.32,-0.79
-1.38,-0.47
-1.44,-1.04
-1.14,-1.85
-0.94,-2.26
-1.02,-2.59
-0.75,-2.51
-0.85,-2.54
-0.99,-2.45
-0.9,-2.06
-1.09,-1.65
-1.23,-0.82
-1.17,-1.21
-0.66,-2.37
-0.76,-3.4
-0.97,-4.13
-0.87,-4.23
-0.82,-4.13
-0.86,-3.84
-0.81,-3.19
-0.79,-2.24
-0.91,-0.94
-1.05,-1.47
-0.77,-3.28
-1.01,-4.81
-1.03,-5.67
-0.93,-5.84
-0.82,-5.7
-0.88,-5.29
-0.88,-4.44
-0.84,-3.07
-0.84,-1.2
-0.95,-1.73
-0.83,-4.13
-0.95,-5.91
-0.93,-6.83
-0.67,-6.98
-0.91,-7.07
-0.79,-6.53
-0.94,-5.59
-0.83,-3.87
-0.71,-1.45
-0.86,-1.96
-0.93,-4.83
-0.94,-6.74
-0.9,-7.73
-0.49,-7.87
-0.94,-8.07
-0.88,-7.5
-0.86,-6.41
-0.99,-4.61
-0.7,-1.72
-0.81,-2.1
-0.88,-5.14
-0.97,-7.14
-0.96,-8.22
-0.92,-8.56
-0.93,-8.5
-0.74,-7.78
-0.94,-6.81
-0.92,-4.93
-0.62,-1.85
-0.84,-2.09
-1.0,-5.02
-0.87,-6.75
-0.94,-7.76
-0.84,-8.07
-0.88,-7.96
-0.47,-7.2
-0.9,-6.51
-1.02,-4.85
-0.66,-1.88
-0.71,-1.7
-0.94,-4.02
-0.91,-5.33
-0.99,-6.09
-0.94,-6.36
-1.0,-6.32
-0.99,-5.94
-1.14,-5.35
-0.98,-3.94
-0.57,-1.55
-0.64,-0.86
-0.7,-1.8
-0.77,-2.35
-0.69,-2.59
-0.8,-2.74
-0.67,-2.67
-0.76,-2.57
-0.64,-2.25
-0.61,-1.7
-0.52,-0.76
0.64,0.86
0.7,1.81
0.77,2.34
0.69,2.59
0.79,2.73
0.66,2.66
0.76,2.56
0.64,2.25
0.61,1.69
0.52,0.76
0.71,1.71
0.94,4.02
0.91,5.33
0.99,6.09
0.94,6.35
1.0,6.32
0.99,5.94
1.14,5.35
0.98,3.94
0.57,1.55
0.84,2.09
1.0,5.02
0.88,6.75
0.94,7.76
0.84,8.06
0.89,7.96
0.47,7.2
0.9,6.51
1.02,4.85
0.66,1.88
0.82,2.1
0.88,5.14
0.97,7.14
0.96,8.22
0.92,8.56
0.94,8.5
0.74,7.77
0.94,6.81
0.92,4.93
0.61,1.85
0.86,1.96
0.93,4.83
0.94,6.75
0.9,7.73
0.49,7.86
0.94,8.07
0.88,7.5
0.86,6.41
0.99,4.61
0.7,1.72
0.95,1.73
0.83,4.14
0.95,5.91
0.92,6.83
0.67,6.98
0.91,7.08
0.8,6.54
0.94,5.59
0.83,3.87
0.71,1.45
1.05,1.47
0.77,3.29
1.01,4.82
1.03,5.67
0.93,5.84
0.82,5.71
0.88,5.29
0.88,4.44
0.84,3.07
0.84,1.2
1.17,1.21
0.66,2.38
0.76,3.4
0.97,4.13
0.87,4.24
0.82,4.13
0.86,3.84
0.82,3.19
0.79,2.24
0.91,0.94
1.44,1.04
1.14,1.85
0.94,2.26
1.02,2.59
0.75,2.51
0.84,2.54
0.99,2.45
0.9,2.06
1.09,1.65
1.23,0.82
1.35,0.51
1.4,0.91
1.16,0.95
1.12,0.99
0.97,0.93
1.34,1.1
1.09,0.95
1.03,0.8
1.33,0.79
1.38,0.47
-1.4,-0.51
-1.41,-0.9
-0.98,-0.83
-1.2,-1.0
-1.16,-1.01
-1.12,-0.98
-0.81,-0.77
-1.24,-0.86
-1.22,-0.71
-1.31,-0.41
-1.25,-0.94
-1.22,-1.88
-0.87,-2.17
-0.88,-2.45
-0.77,-2.5
-1.03,-2.64
-0.95,-2.39
-0.87,-2.01
-1.03,-1.54
-1.16,-0.73
-1.14,-1.2
-0.78,-2.49
-0.85,-3.46
-0.95,-4.05
-0.76,-4.14
-0.86,-4.19
-0.84,-3.86
-0.79,-3.19
-0.74,-2.18
-0.82,-0.86
-1.06,-1.48
-0.8,-3.33
-1.04,-4.85
-0.95,-5.57
-0.83,-5.79
-0.86,-5.82
-0.92,-5.43
-0.95,-4.6
-0.9,-3.17
-0.79,-1.17
-0.93,-1.73
-0.75,-4.09
-1.06,-5.96
-0.83,-6.76
-0.76,-7.11
-0.99,-7.29
-0.78,-6.69
-0.98,-5.77
-0.92,-4.04
-0.62,-1.42
-0.97,-2.02
-0.85,-4.77
-0.93,-6.72
-0.73,-7.63
-0.56,-8.01
-1.07,-8.34
-0.8,-7.61
-0.9,-6.58
-1.04,-4.76
-0.65,-1.72
-0.89,-2.16
-0.85,-5.13
-1.0,-7.19
-0.92,-8.24
-0.89,-8.67
-0.95,-8.7
-0.64,-7.87
-0.92,-6.91
-0.97,-5.06
-0.61,-1.87
-0.9,-2.17
-0.85,-5.0
-0.92,-6.86
-0.96,-7.88
-0.83,-8.23
-1.04,-8.25
-0.65,-7.45
-0.8,-6.56
-1.1,-4.96
-0.62,-1.88
-0.9,-1.89
-1.05,-4.19
-0.94,-5.48
-0.99,-6.22
-0.97,-6.5
-0.97,-6.45
-0.94,-6.02
-1.09,-5.37
-0.99,-3.98
-0.54,-1.54
-0.84,-1.0
-0.73,-1.91
-0.84,-2.45
-0.75,-2.69
-0.79,-2.8
-0.77,-2.77
-0.73,-2.61
-0.76,-2.34
-0.62,-1.73
-0.5,-0.75
0.84,1.0
0.74,1.91
0.84,2.45
0.75,2.68
0.78,2.79
0.77,2.76
0.73,2.59
0.76,2.33
0.62,1.72
0.5,0.75
0.9,1.89
1.05,4.2
0.94,5.48
1.0,6.22
0.97,6.49
0.97,6.45
0.94,6.01
1.09,5.37
0.99,3.98
0.54,1.54
0.89,2.17
0.85,5.0
0.92,6.86
0.97,7.88
0.83,8.23
1.04,8.25
0.65,7.45
0.8,6.56
1.1,4.96
0.62,1.88
0.89,2.17
0.86,5.13
1.0,7.19
0.92,8.24
0.89,8.67
0.95,8.7
0.64,7.86
0.92,6.91
0.97,5.06
0.6,1.87
0.97,2.02
0.85,4.77
0.93,6.72
0.73,7.63
0.56,8.01
1.07,8.33
0.79,7.61
0.91,6.58
1.04,4.76
0.65,1.72
0.93,1.73
0.75,4.09
1.06,5.96
0.83,6.77
0.76,7.11
0.99,7.3
0.78,6.69
0.98,5.78
0.92,4.04
0.62,1.42
1.06,1.48
0.8,3.33
1.04,4.86
0.95,5.58
0.83,5.79
0.87,5.83
0.92,5.44
0.95,4.6
0.9,3.17
0.79,1.17
1.14,1.2
0.78,2.49
0.85,3.46
0.95,4.05
0.76,4.14
0.86,4.19
0.84,3.86
0.79,3.19
0.74,2.18
0.82,0.86
1.24,0.94
1.22,1.88
0.87,2.17
0.88,2.45
0.77,2.5
1.03,2.63
0.95,2.39
0.87,2.01
1.03,1.53
1.17,0.74
1.4,0.51
1.41,0.9
0.98,0.83
1.2,1.0
1.16,1.01
1.11,0.97
0.82,0.77
1.24,0.86
1.23,0.71
1.31,0.41
-1.47,-0.53
-1.29,-0.83
-1.06,-0.84
-1.28,-1.01
-0.84,-0.83
-0.95,-0.87
-1.03,-0.85
-1.25,-0.84
-0.93,-0.52
-1.34,-0.38
-1.21,-0.89
-1.19,-1.8
-0.73,-2.04
-0.94,-2.47
-0.91,-2.59
-1.04,-2.66
-0.79,-2.32
-0.88,-1.99
-1.0,-1.45
-1.09,-0.66
-1.01,-1.12
-0.89,-2.52
-0.82,-3.38
-0.88,-3.99
-0.76,-4.22
-0.92,-4.34
-0.81,-3.93
-0.83,-3.3
-0.74,-2.21
-0.75,-0.8
-1.02,-1.45
-0.87,-3.39
-0.94,-4.78
-0.87,-5.53
-0.84,-5.94
-0.97,-6.07
-0.96,-5.63
-1.06,-4.84
-0.95,-3.3
-0.71,-1.14
-0.94,-1.74
-0.88,-4.2
-1.1,-6.01
-0.8,-6.8
-0.91,-7.38
-0.97,-7.5
-0.71,-6.81
-1.03,-5.97
-0.95,-4.18
-0.6,-1.44
-0.89,-1.97
-0.78,-4.74
-0.94,-6.72
-0.62,-7.61
-0.72,-8.28
-1.12,-8.56
-0.69,-7.71
-0.92,-6.72
-1.08,-4.89
-0.65,-1.75
-0.87,-2.15
-0.92,-5.13
-1.02,-7.19
-0.81,-8.19
-0.87,-8.78
-0.96,-8.9
-0.67,-8.08
-0.85,-7.02
-1.01,-5.17
-0.56,-1.89
-0.94,-2.17
-0.73,-4.89
-0.9,-6.82
-0.98,-7.92
-0.78,-8.32
-1.05,-8.49
-0.91,-7.82
-0.81,-6.72
-1.08,-5.04
-0.63,-1.91
-0.92,-1.9
-0.91,-4.11
-0.94,-5.49
-1.0,-6.3
-0.97,-6.62
-1.04,-6.66
-0.89,-6.18
-1.04,-5.46
-0.97,-4.05
-0.57,-1.58
-1.0,-1.1
-0.92,-2.03
-0.87,-2.52
-0.9,-2.82
-0.84,-2.91
-0.85,-2.9
-0.81,-2.72
-0.78,-2.41
-0.72,-1.83
-0.56,-0.81
1.0,1.1
0.93,2.04
0.87,2.53
0.9,2.82
0.84,2.9
0.85,2.9
0.8,2.71
0.78,2.4
0.72,1.82
0.56,0.8
0.92,1.9
0.91,4.11
0.94,5.49
1.0,6.3
0.97,6.61
1.04,6.66
0.89,6.17
1.04,5.45
0.97,4.04
0.57,1.58
0.93,2.17
0.73,4.9
0.9,6.82
0.99,7.92
0.78,8.32
1.05,8.48
0.91,7.82
0.81,6.72
1.08,5.03
0.63,1.91
0.87,2.15
0.92,5.14
1.02,7.19
0.81,8.19
0.87,8.78
0.96,8.9
0.67,8.08
0.84,7.01
1.01,5.17
0.56,1.88
0.89,1.97
0.78,4.74
0.94,6.73
0.62,7.61
0.72,8.27
1.12,8.56
0.69,7.71
0.92,6.72
1.08,4.89
0.65,1.75
0.94,1.74
0.88,4.2
1.1,6.01
0.8,6.81
0.92,7.38
0.97,7.5
0.71,6.82
1.03,5.97
0.95,4.18
0.6,1.44
1.02,1.45
0.87,3.39
0.94,4.78
0.87,5.53
0.85,5.94
0.97,6.08
0.96,5.63
1.06,4.84
0.96,3.31
0.71,1.15
1.01,1.12
0.89,2.52
0.82,3.38
0.88,3.99
0.76,4.22
0.92,4.34
0.81,3.94
0.83,3.3
0.74,2.21
0.75,0.8
1.21,0.89
1.19,1.8
0.73,2.04
0.94,2.47
0.91,2.59
1.04,2.66
0.78,2.32
0.88,1.99
1.0,1.45
1.09,0.66
1.48,0.53
1.29,0.82
1.06,0.84
1.27,1.01
0.84,0.83
0.96,0.87
1.03,0.85
1.25,0.84
0.93,0.52
1.33,0.37
-1.48,-0.52
-1.25,-0.77
-1.08,-0.81
-0.98,-0.86
-0.8,-0.81
-1.19,-0.97
-0.91,-0.76
-0.95,-0.65
-0.83,-0.42
-1.45,-0.4
-1.24,-0.89
-1.06,-1.7
-0.77,-2.06
-1.1,-2.58
-0.87,-2.62
-0.89,-2.62
-0.73,-2.29
-1.0,-2.06
-0.95,-1.4
-0.96,-0.58
-1.04,-1.11
-0.94,-2.51
-0.77,-3.36
-0.9,-4.11
-0.81,-4.39
-0.95,-4.48
-0.82,-4.06
-0.91,-3.47
-0.73,-2.25
-0.74,-0.79
-0.9,-1.37
-0.8,-3.33
-0.82,-4.71
-0.91,-5.68
-0.93,-6.2
-1.04,-6.29
-0.98,-5.82
-1.15,-5.06
-0.97,-3.42
-0.69,-1.16
-0.86,-1.7
-1.02,-4.29
-1.01,-6.0
-0.87,-6.99
-0.98,-7.64
-0.84,-7.59
-0.66,-6.93
-1.04,-6.14
-0.98,-4.31
-0.61,-1.49
-0.9,-1.98
-0.82,-4.81
-0.89,-6.75
-0.64,-7.74
-0.92,-8.57
-1.08,-8.71
-0.65,-7.87
-0.9,-6.87
-1.08,-5.01
-0.65,-1.81
-0.86,-2.14
-0.94,-5.19
-1.03,-7.2
-0.66,-8.15
-0.89,-8.9
-0.95,-9.05
-0.83,-8.41
-0.83,-7.23
-0.98,-5.29
-0.63,-1.98
-0.87,-2.14
-0.85,-4.96
-0.95,-6.83
-0.96,-7.88
-0.77,-8.33
-0.94,-8.55
-1.06,-8.15
-0.92,-7.01
-1.07,-5.2
-0.68,-2.01
-0.91,-1.87
-0.79,-4.0
-0.79,-5.34
-0.97,-6.22
-0.86,-6.56
-1.04,-6.74
-0.94,-6.39
-0.98,-5.61
-0.98,-4.19
-0.62,-1.68
-1.01,-1.1
-0.99,-2.05
-0.94,-2.54
-0.93,-2.83
-0.94,-2.97
-0.91,-3.0
-0.91,-2.87
-0.89,-2.56
-0.84,-1.97
-0.69,-0.91
1.0,1.1
1.0,2.06
0.94,2.54
0.93,2.84
0.94,2.97
0.91,2.99
0.91,2.86
0.89,2.55
0.83,1.96
0.7,0.91
0.91,1.87
0.79,4.0
0.79,5.34
0.97,6.22
0.86,6.55
1.04,6.74
0.94,6.38
0.98,5.61
0.97,4.18
0.62,1.68
0.87,2.14
0.86,4.96
0.95,6.83
0.97,7.88
0.77,8.33
0.94,8.55
1.05,8.15
0.92,7.01
1.07,5.19
0.68,2.01
0.85,2.14
0.94,5.19
1.03,7.2
0.66,8.15
0.88,8.9
0.95,9.06
0.83,8.41
0.83,7.23
0.98,5.29
0.63,1.98
0.9,1.98
0.82,4.81
0.9,6.75
0.64,7.74
0.92,8.57
1.08,8.71
0.65,7.87
0.9,6.87
1.09,5.01
0.65,1.81
0.86,1.7
1.02,4.29
1.01,6.0
0.87,6.99
0.99,7.64
0.84,7.59
0.66,6.93
1.04,6.14
0.97,4.31
0.61,1.49
0.9,1.37
0.8,3.33
0.82,4.71
0.91,5.69
0.93,6.2
1.04,6.29
0.98,5.82
1.15,5.06
0.97,3.42
0.69,1.16
1.04,1.11
0.94,2.51
0.77,3.36
0.9,4.11
0.81,4.4
0.95,4.48
0.82,4.07
0.91,3.48
0.73,2.26
0.73,0.79
1.24,0.88
1.06,1.7
0.76,2.05
1.1,2.58
0.87,2.62
0.89,2.62
0.73,2.29
1.0,2.06
0.95,1.4
0.96,0.58
1.48,0.52
1.25,0.77
1.08,0.81
0.98,0.86
0.81,0.81
1.19,0.97
0.91,0.76
0.95,0.65
0.84,0.43
1.45,0.4
-1.45,-0.49
-1.17,-0.7
-0.96,-0.74
-0.95,-0.84
-1.0,-0.87
-0.93,-0.82
-0.61,-0.6
-0.97,-0.66
-0.9,-0.45
-1.49,-0.42
-1.15,-0.82
-0.97,-1.64
-0.91,-2.16
-1.03,-2.59
-0.7,-2.56
-0.92,-2.66
-0.88,-2.45
-1.07,-2.18
-0.77,-1.33
-0.88,-0.54
-1.08,-1.14
-0.99,-2.57
-0.78,-3.49
-0.95,-4.28
-0.84,-4.54
-0.98,-4.64
-0.85,-4.27
-0.96,-3.67
-0.75,-2.36
-0.84,-0.87
-0.94,-1.39
-0.71,-3.31
-0.85,-4.85
-1.02,-5.96
-0.99,-6.42
-1.04,-6.46
-1.02,-6.04
-1.2,-5.28
-0.97,-3.56
-0.7,-1.24
-0.86,-1.7
-0.95,-4.28
-0.96,-6.09
-0.97,-7.26
-0.89,-7.77
-0.7,-7.65
-0.69,-7.13
-1.02,-6.32
-0.99,-4.48
-0.71,-1.62
-0.8,-1.94
-0.92,-4.9
-0.85,-6.84
-0.83,-8.04
-1.03,-8.82
-1.0,-8.82
-0.71,-8.12
-0.91,-7.1
-1.06,-5.17
-0.72,-1.93
-0.81,-2.11
-0.93,-5.22
-0.92,-7.2
-0.57,-8.2
-0.92,-9.04
-0.93,-9.16
-1.0,-8.7
-0.9,-7.5
-1.0,-5.49
-0.71,-2.11
-0.84,-2.13
-0.91,-5.06
-1.08,-6.96
-0.96,-7.92
-0.84,-8.39
-0.8,-8.47
-1.01,-8.21
-1.0,-7.21
-1.1,-5.37
-0.76,-2.14
-0.85,-1.84
-0.88,-4.08
-0.75,-5.35
-0.91,-6.17
-0.81,-6.48
-0.88,-6.58
-0.92,-6.37
-0.93,-5.66
-0.94,-4.29
-0.76,-1.83
-0.97,-1.07
-0.96,-2.04
-0.94,-2.53
-0.94,-2.82
-0.94,-2.95
-0.94,-2.98
-0.95,-2.89
-0.93,-2.62
-0.95,-2.09
-0.86,-1.03
0.96,1.07
0.97,2.05
0.94,2.54
0.94,2.83
0.94,2.95
0.94,2.98
0.94,2.88
0.92,2.61
0.95,2.08
0.87,1.03
0.85,1.84
0.88,4.09
0.75,5.36
0.91,6.18
0.81,6.48
0.88,6.58
0.92,6.36
0.93,5.65
0.94,4.28
0.76,1.83
0.84,2.13
0.92,5.06
1.08,6.97
0.96,7.93
0.84,8.39
0.8,8.47
1.01,8.21
1.0,7.2
1.1,5.37
0.76,2.14
0.81,2.11
0.93,5.22
0.92,7.2
0.56,8.2
0.92,9.04
0.94,9.16
1.0,8.69
0.9,7.5
1.0,5.49
0.7,2.11
0.8,1.94
0.92,4.9
0.85,6.84
0.83,8.05
1.03,8.82
1.0,8.82
0.71,8.11
0.91,7.09
1.06,5.17
0.72,1.93
0.86,1.7
0.95,4.28
0.96,6.1
0.98,7.27
0.89,7.78
0.7,7.65
0.69,7.13
1.02,6.32
0.99,4.47
0.71,1.62
0.94,1.39
0.71,3.31
0.85,4.86
1.02,5.97
0.99,6.42
1.04,6.46
1.02,6.04
1.2,5.28
0.97,3.56
0.7,1.24
1.08,1.14
0.99,2.57
0.78,3.49
0.95,4.29
0.84,4.54
0.98,4.64
0.85,4.27
0.96,3.67
0.75,2.36
0.83,0.87
1.15,0.82
0.97,1.65
0.91,2.15
1.03,2.59
0.7,2.56
0.92,2.66
0.88,2.45
1.07,2.18
0.77,1.33
0.88,0.54
1.46,0.49
1.17,0.7
0.96,0.74
0.95,0.84
1.0,0.87
0.93,0.82
0.61,0.6
0.97,0.66
0.9,0.45
1.49,0.42
-1.44,-0.45
-1.08,-0.63
-0.95,-0.72
-0.96,-0.8
-0.77,-0.74
-0.67,-0.73
-0.82,-0.75
-1.04,-0.74
-0.85,-0.45
-1.53,-0.45
-1.02,-0.72
-0.93,-1.6
-0.95,-2.17
-0.84,-2.51
-0.8,-2.69
-1.1,-2.91
-0.88,-2.63
-0.96,-2.23
-0.66,-1.34
-0.96,-0.63
-1.0,-1.09
-1.03,-2.63
-0.78,-3.6
-0.95,-4.39
-0.86,-4.72
-1.01,-4.9
-0.89,-4.55
-1.04,-3.92
-0.86,-2.59
-0.97,-1.04
-0.9,-1.4
-0.82,-3.48
-0.93,-5.09
-1.09,-6.19
-0.99,-6.6
-1.06,-6.71
-1.07,-6.34
-1.15,-5.49
-0.96,-3.76
-0.76,-1.38
-0.85,-1.71
-0.85,-4.33
-1.0,-6.31
-0.92,-7.45
-0.72,-7.85
-0.68,-7.83
-0.78,-7.45
-0.99,-6.55
-1.05,-4.7
-0.86,-1.8
-0.86,-1.99
-0.87,-4.97
-0.99,-7.12
-1.07,-8.43
-1.03,-9.02
-0.95,-8.98
-0.82,-8.41
-0.95,-7.33
-1.04,-5.33
-0.78,-2.06
-0.8,-2.13
-0.95,-5.28
-0.79,-7.27
-0.59,-8.4
-0.92,-9.22
-0.92,-9.28
-1.07,-8.85
-0.94,-7.63
-1.01,-5.58
-0.86,-2.25
-0.84,-2.14
-0.89,-5.09
-1.08,-7.05
-0.92,-8.04
-0.96,-8.59
-0.79,-8.51
-0.84,-8.09
-0.93,-7.11
-1.0,-5.3
-0.83,-2.21
-0.8,-1.81
-0.89,-4.12
-0.87,-5.5
-0.89,-6.25
-0.88,-6.6
-0.84,-6.56
-0.86,-6.25
-0.87,-5.53
-0.86,-4.19
-0.85,-1.89
-0.87,-1.02
-0.92,-2.02
-0.93,-2.56
-0.91,-2.83
-0.94,-2.97
-0.91,-2.96
-0.95,-2.86
-0.92,-2.58
-0.97,-2.08
-0.96,-1.08
0.87,1.02
0.92,2.03
0.93,2.57
0.92,2.85
0.94,2.98
0.91,2.96
0.95,2.86
0.92,2.57
0.96,2.07
0.96,1.08
0.8,1.82
0.89,4.13
0.87,5.5
0.89,6.26
0.88,6.6
0.84,6.56
0.86,6.25
0.87,5.53
0.85,4.18
0.85,1.89
0.84,2.14
0.89,5.1
1.08,7.06
0.92,8.04
0.96,8.59
0.79,8.51
0.84,8.09
0.93,7.11
1.0,5.29
0.83,2.21
0.8,2.13
0.95,5.28
0.79,7.27
0.58,8.41
0.92,9.22
0.92,9.29
1.07,8.85
0.94,7.63
1.01,5.58
0.86,2.25
0.86,1.99
0.87,4.97
0.99,7.13
1.07,8.43
1.03,9.03
0.95,8.98
0.82,8.41
0.95,7.33
1.04,5.32
0.79,2.06
0.85,1.71
0.85,4.33
1.01,6.32
0.92,7.46
0.72,7.85
0.67,7.83
0.78,7.45
1.0,6.55
1.04,4.7
0.86,1.8
0.9,1.4
0.82,3.48
0.93,5.09
1.09,6.19
0.99,6.6
1.06,6.71
1.08,6.34
1.15,5.49
0.96,3.76
0.76,1.38
1.0,1.09
1.03,2.63
0.78,3.6
0.95,4.4
0.86,4.72
1.01,4.9
0.89,4.55
1.04,3.92
0.86,2.59
0.97,1.04
1.02,0.72
0.93,1.6
0.95,2.17
0.84,2.51
0.8,2.69
1.11,2.92
0.88,2.63
0.96,2.23
0.66,1.34
0.97,0.63
1.45,0.45
1.08,0.63
0.96,0.72
0.96,0.8
0.77,0.75
0.67,0.73
0.83,0.75
1.04,0.74
0.85,0.45
1.53,0.45
-1.44,-0.43
-1.01,-0.56
-0.91,-0.68
-0.79,-0.73
-0.72,-0.8
-0.91,-0.92
-0.91,-0.85
-0.85,-0.7
-0.94,-0.56
-1.68,-0.57
-0.98,-0.67
-0.91,-1.55
-0.93,-2.19
-0.84,-2.63
-1.05,-3.02
-0.97,-3.05
-0.76,-2.72
-0.96,-2.36
-0.71,-1.56
-1.13,-0.82
-0.86,-0.99
-0.95,-2.61
-0.75,-3.67
-0.97,-4.6
-0.94,-5.06
-1.07,-5.22
-1.0,-4.85
-1.12,-4.18
-0.97,-2.88
-1.05,-1.21
-0.86,-1.38
-0.95,-3.65
-0.99,-5.28
-1.17,-6.43
-0.99,-6.86
-1.11,-7.02
-1.05,-6.59
-1.05,-5.63
-0.99,-3.94
-0.88,-1.54
-0.78,-1.7
-0.95,-4.5
-0.86,-6.4
-0.77,-7.53
-0.66,-8.0
-0.77,-8.14
-0.88,-7.74
-1.01,-6.7
-1.04,-4.79
-0.95,-1.9
-0.8,-1.99
-0.9,-5.14
-1.18,-7.45
-1.15,-8.69
-0.95,-9.16
-0.94,-9.17
-0.93,-8.63
-0.93,-7.37
-0.92,-5.25
-0.82,-2.08
-0.77,-2.14
-0.92,-5.38
-0.88,-7.53
-0.71,-8.68
-0.9,-9.39
-0.9,-9.42
-1.03,-8.89
-0.9,-7.55
-0.94,-5.45
-0.9,-2.25
-0.82,-2.14
-0.9,-5.15
-1.02,-7.14
-0.84,-8.13
-0.98,-8.75
-0.93,-8.7
-0.76,-8.07
-0.83,-6.97
-0.86,-5.11
-0.82,-2.17
-0.84,-1.84
-0.86,-4.13
-0.95,-5.59
-0.9,-6.34
-0.92,-6.72
-0.9,-6.7
-0.89,-6.3
-0.91,-5.52
-0.86,-4.15
-0.95,-1.92
-0.88,-1.02
-0.83,-1.97
-0.89,-2.54
-0.87,-2.83
-0.91,-2.98
-0.89,-2.97
-0.93,-2.86
-0.91,-2.56
-0.96,-2.06
-0.94,-1.08
0.88,1.02
0.83,1.98
0.89,2.55
0.87,2.84
0.91,2.99
0.89,2.98
0.93,2.86
0.91,2.56
0.95,2.06
0.95,1.08
0.84,1.85
0.86,4.13
0.94,5.6
0.9,6.35
0.92,6.73
0.9,6.7
0.89,6.3
0.92,5.53
0.85,4.14
0.95,1.92
0.82,2.14
0.9,5.15
1.03,7.14
0.84,8.14
0.98,8.75
0.93,8.71
0.76,8.07
0.83,6.97
0.86,5.11
0.82,2.17
0.78,2.14
0.92,5.39
0.88,7.53
0.71,8.69
0.9,9.39
0.9,9.42
1.03,8.89
0.9,7.55
0.94,5.45
0.9,2.25
0.8,1.99
0.89,5.14
1.18,7.45
1.15,8.69
0.96,9.17
0.94,9.18
0.93,8.62
0.93,7.36
0.92,5.25
0.82,2.08
0.78,1.7
0.95,4.5
0.86,6.4
0.77,7.53
0.66,8.0
0.77,8.13
0.88,7.74
1.01,6.7
1.04,4.79
0.95,1.9
0.86,1.38
0.95,3.65
0.99,5.28
1.17,6.43
0.99,6.86
1.11,7.02
1.05,6.58
1.05,5.62
0.99,3.94
0.88,1.54
0.86,0.99
0.95,2.61
0.75,3.67
0.97,4.6
0.94,5.06
1.07,5.21
1.0,4.85
1.11,4.18
0.97,2.87
1.04,1.21
0.98,0.67
0.91,1.55
0.93,2.18
0.85,2.63
1.05,3.02
0.97,3.05
0.76,2.71
0.96,2.36
0.71,1.56
1.13,0.82
1.44,0.43
1.01,0.56
0.91,0.68
0.79,0.73
0.72,0.81
0.91,0.92
0.91,0.84
0.85,0.7
0.94,0.56
1.68,0.57
-1.38,-0.4
-0.92,-0.53
-0.9,-0.72
-0.84,-0.85
-0.92,-0.97
-0.87,-0.93
-0.78,-0.86
-1.01,-0.89
-1.26,-0.84
-1.76,-0.67
-1.04,-0.69
-0.93,-1.6
-0.97,-2.35
-0.91,-2.86
-0.99,-3.16
-0.77,-3.06
-0.95,-2.95
-1.0,-2.58
-0.76,-1.78
-1.18,-0.93
-0.78,-0.95
-0.83,-2.62
-0.77,-3.89
-1.08,-4.94
-1.04,-5.36
-1.13,-5.43
-1.04,-5.02
-1.11,-4.29
-1.04,-3.02
-1.07,-1.28
-0.77,-1.35
-1.03,-3.79
-1.18,-5.59
-1.22,-6.74
-0.98,-7.12
-1.1,-7.2
-0.94,-6.61
-0.97,-5.57
-0.93,-3.89
-0.95,-1.57
-0.72,-1.68
-0.95,-4.58
-0.7,-6.45
-0.77,-7.72
-0.73,-8.25
-0.89,-8.4
-0.95,-7.85
-0.94,-6.6
-0.92,-4.62
-0.94,-1.88
-0.73,-1.98
-1.0,-5.3
-1.07,-7.52
-1.08,-8.8
-0.88,-9.28
-0.96,-9.34
-0.96,-8.69
-0.84,-7.24
-0.85,-5.11
-0.87,-2.08
-0.74,-2.16
-0.99,-5.58
-1.0,-7.8
-0.85,-8.96
-0.9,-9.53
-0.9,-9.55
-0.96,-8.91
-0.88,-7.5
-0.9,-5.38
-0.93,-2.25
-0.76,-2.13
-0.95,-5.29
-1.08,-7.35
-0.85,-8.31
-0.88,-8.82
-1.04,-8.89
-0.83,-8.2
-0.84,-7.02
-0.84,-5.12
-0.85,-2.19
-0.74,-1.79
-0.81,-4.15
-0.97,-5.7
-0.93,-6.46
-0.93,-6.81
-0.92,-6.8
-0.9,-6.39
-0.95,-5.6
-0.96,-4.24
-0.96,-1.94
-0.92,-1.03
-0.83,-1.98
-0.88,-2.57
-0.85,-2.84
-0.89,-2.99
-0.84,-2.97
-0.9,-2.85
-0.85,-2.54
-0.92,-2.04
-0.83,-1.03
0.92,1.03
0.83,1.99
0.88,2.58
0.85,2.86
0.89,3.0
0.85,2.97
0.9,2.85
0.85,2.54
0.91,2.04
0.83,1.03
0.74,1.8
0.81,4.16
0.97,5.71
0.94,6.47
0.93,6.81
0.92,6.8
0.9,6.39
0.95,5.6
0.96,4.24
0.96,1.94
0.76,2.13
0.95,5.3
1.08,7.36
0.85,8.32
0.88,8.82
1.04,8.89
0.82,8.2
0.84,7.02
0.84,5.12
0.85,2.19
0.74,2.16
0.99,5.58
1.0,7.81
0.85,8.96
0.89,9.53
0.9,9.55
0.96,8.91
0.88,7.5
0.9,5.38
0.92,2.25
0.73,1.98
1.0,5.3
1.07,7.52
1.08,8.8
0.88,9.28
0.97,9.34
0.96,8.69
0.84,7.24
0.85,5.11
0.88,2.08
0.72,1.68
0.95,4.58
0.7,6.45
0.77,7.71
0.73,8.25
0.89,8.39
0.95,7.85
0.95,6.59
0.92,4.62
0.94,1.87
0.77,1.35
1.03,3.79
1.18,5.59
1.22,6.73
0.98,7.11
1.1,7.19
0.94,6.61
0.97,5.57
0.93,3.89
0.95,1.57
0.78,0.95
0.83,2.62
0.77,3.89
1.08,4.94
1.04,5.36
1.13,5.42
1.04,5.01
1.1,4.29
1.04,3.01
1.06,1.28
1.03,0.69
0.93,1.6
0.97,2.35
0.91,2.86
0.98,3.16
0.77,3.06
0.95,2.95
1.0,2.58
0.76,1.78
1.18,0.93
1.38,0.4
0.92,0.53
0.9,0.72
0.84,0.85
0.92,0.97
0.86,0.93
0.79,0.86
1.01,0.89
1.26,0.84
1.76,0.67
-1.27,-0.38
-0.97,-0.61
-1.03,-0.85
-0.9,-0.94
-0.9,-1.02
-0.91,-1.07
-1.14,-1.16
-1.23,-1.08
-1.29,-0.9
-1.68,-0.65
-1.08,-0.76
-1.01,-1.76
-0.94,-2.5
-0.82,-2.94
-0.93,-3.23
-0.91,-3.27
-1.08,-3.15
-0.84,-2.57
-0.84,-1.84
-1.2,-0.95
-0.79,-0.99
-0.71,-2.71
-0.88,-4.18
-1.19,-5.19
-1.03,-5.47
-1.11,-5.47
-0.96,-4.97
-1.12,-4.23
-1.03,-2.97
-1.11,-1.3
-0.75,-1.41
-1.1,-4.03
-1.33,-5.96
-1.14,-6.93
-0.93,-7.22
-1.03,-7.19
-0.83,-6.46
-0.85,-5.37
-0.84,-3.76
-1.01,-1.59
-0.69,-1.72
-1.01,-4.81
-0.86,-6.8
-0.84,-7.99
-0.82,-8.48
-0.99,-8.55
-0.96,-7.84
-0.85,-6.47
-0.93,-4.57
-0.95,-1.87
-0.71,-2.0
-1.01,-5.4
-0.92,-7.58
-1.01,-8.93
-0.85,-9.42
-0.99,-9.47
-0.92,-8.72
-0.83,-7.25
-0.89,-5.15
-0.88,-2.09
-0.65,-2.12
-0.99,-5.65
-0.9,-7.86
-0.92,-9.16
-0.91,-9.69
-0.91,-9.69
-0.94,-9.01
-0.92,-7.61
-0.93,-5.46
-0.87,-2.24
-0.74,-2.13
-1.07,-5.46
-1.13,-7.54
-1.0,-8.59
-0.8,-8.94
-1.01,-9.01
-0.93,-8.39
-0.86,-7.14
-0.92,-5.23
-0.83,-2.2
-0.65,-1.74
-0.83,-4.22
-0.96,-5.81
-0.98,-6.63
-0.96,-6.94
-0.95,-6.92
-0.94,-6.5
-0.89,-5.63
-1.0,-4.28
-0.86,-1.88
-0.85,-0.99
-0.78,-1.96
-0.87,-2.58
-0.83,-2.88
-0.9,-3.03
-0.84,-3.0
-0.89,-2.88
-0.83,-2.54
-0.89,-2.02
-0.73,-0.97
0.85,0.99
0.79,1.97
0.87,2.6
0.83,2.89
0.9,3.04
0.84,3.01
0.89,2.88
0.84,2.55
0.89,2.02
0.73,0.97
0.65,1.75
0.83,4.22
0.96,5.81
0.98,6.64
0.96,6.95
0.95,6.93
0.93,6.5
0.9,5.64
0.99,4.28
0.86,1.88
0.74,2.13
1.07,5.46
1.13,7.55
1.01,8.6
0.8,8.95
1.01,9.02
0.93,8.39
0.86,7.14
0.92,5.23
0.83,2.2
0.65,2.12
0.98,5.65
0.9,7.87
0.91,9.16
0.9,9.69
0.92,9.69
0.94,9.01
0.92,7.61
0.93,5.46
0.87,2.24
0.72,2.0
1.01,5.4
0.92,7.58
1.01,8.93
0.86,9.42
0.99,9.47
0.92,8.72
0.84,7.25
0.88,5.14
0.88,2.09
0.69,1.72
1.01,4.81
0.86,6.8
0.84,7.98
0.82,8.48
0.99,8.55
0.96,7.83
0.85,6.47
0.93,4.57
0.95,1.87
0.75,1.41
1.1,4.03
1.34,5.96
1.14,6.92
0.93,7.21
1.03,7.18
0.83,6.46
0.85,5.36
0.84,3.75
1.01,1.59
0.79,0.99
0.71,2.71
0.88,4.18
1.19,5.18
1.03,5.47
1.1,5.47
0.96,4.97
1.12,4.22
1.03,2.97
1.11,1.3
1.08,0.75
1.01,1.76
0.94,2.49
0.82,2.94
0.93,3.23
0.91,3.27
1.08,3.15
0.84,2.56
0.84,1.84
1.21,0.95
1.27,0.38
0.97,0.61
1.03,0.85
0.9,0.93
0.9,1.02
0.91,1.07
1.14,1.16
1.23,1.08
1.29,0.9
1.68,0.65
-1.23,-0.39
-1.16,-0.76
-1.1,-0.96
-1.0,-1.09
-1.15,-1.26
-1.13,-1.24
-1.14,-1.14
-1.08,-0.98
-1.31,-0.91
-1.65,-0.64
-1.12,-0.82
-1.09,-1.9
-0.78,-2.52
-0.89,-3.09
-1.06,-3.41
-0.92,-3.3
-0.93,-2.98
-0.8,-2.47
-0.98,-1.91
-1.27,-1.0
-0.79,-1.04
-0.73,-2.84
-1.0,-4.33
-1.17,-5.22
-0.94,-5.41
-1.06,-5.35
-0.9,-4.79
-1.13,-4.13
-0.94,-2.91
-1.12,-1.3
-0.79,-1.47
-1.03,-4.12
-1.32,-6.07
-0.96,-6.86
-0.89,-7.16
-0.92,-7.04
-0.73,-6.29
-0.77,-5.27
-0.92,-3.78
-0.95,-1.55
-0.66,-1.78
-1.07,-5.04
-1.06,-7.12
-0.82,-8.11
-0.95,-8.64
-1.04,-8.62
-0.95,-7.84
-0.91,-6.53
-0.97,-4.64
-0.88,-1.83
-0.75,-2.1
-1.16,-5.69
-1.04,-7.87
-0.96,-9.07
-0.86,-9.57
-0.99,-9.58
-0.9,-8.81
-0.89,-7.39
-0.9,-5.23
-0.83,-2.07
-0.65,-2.18
-1.0,-5.8
-0.81,-7.95
-0.89,-9.29
-0.92,-9.86
-0.91,-9.83
-0.98,-9.18
-0.93,-7.75
-0.99,-5.57
-0.79,-2.21
-0.75,-2.17
-1.09,-5.55
-1.02,-7.58
-1.13,-8.81
-0.88,-9.16
-0.93,-9.12
-1.0,-8.58
-0.86,-7.27
-0.95,-5.31
-0.78,-2.17
-0.59,-1.73
-0.92,-4.31
-0.96,-5.87
-1.01,-6.77
-1.02,-7.11
-0.97,-7.04
-1.0,-6.65
-0.9,-5.72
-0.99,-4.31
-0.79,-1.85
-0.74,-0.93
-0.73,-1.94
-0.83,-2.57
-0.8,-2.89
-0.86,-3.05
-0.82,-3.02
-0.87,-2.9
-0.81,-2.55
-0.89,-2.03
-0.74,-0.97
0.74,0.93
0.74,1.95
0.83,2.58
0.8,2.91
0.86,3.06
0.82,3.03
0.87,2.91
0.81,2.56
0.89,2.03
0.75,0.97
0.59,1.73
0.92,4.31
0.95,5.87
1.01,6.78
1.02,7.12
0.97,7.05
1.0,6.66
0.9,5.72
0.99,4.31
0.79,1.84
0.75,2.17
1.09,5.55
1.02,7.58
1.13,8.82
0.88,9.17
0.93,9.13
1.0,8.58
0.86,7.27
0.95,5.31
0.78,2.17
0.65,2.18
1.0,5.8
0.81,7.96
0.88,9.29
0.91,9.86
0.91,9.83
0.98,9.18
0.93,7.76
0.99,5.57
0.79,2.21
0.75,2.1
1.16,5.7
1.04,7.87
0.96,9.07
0.86,9.57
0.99,9.58
0.89,8.81
0.89,7.39
0.9,5.23
0.83,2.07
0.66,1.78
1.07,5.04
1.05,7.12
0.82,8.11
0.95,8.64
1.04,8.62
0.95,7.83
0.91,6.53
0.97,4.64
0.87,1.83
0.79,1.47
1.03,4.12
1.32,6.07
0.96,6.85
0.9,7.16
0.92,7.04
0.73,6.29
0.77,5.27
0.92,3.78
0.95,1.55
0.78,1.04
0.73,2.83
0.99,4.33
1.17,5.21
0.93,5.41
1.06,5.35
0.9,4.79
1.13,4.12
0.94,2.91
1.12,1.3
1.12,0.81
1.09,1.9
0.78,2.52
0.89,3.09
1.06,3.4
0.92,3.29
0.92,2.97
0.81,2.46
0.98,1.91
1.27,1.0
1.23,0.39
1.15,0.76
1.1,0.96
1.0,1.09
1.15,1.26
1.13,1.24
1.14,1.14
1.08,0.98
1.31,0.91
1.65,0.64
-1.33,-0.49
-1.4,-0.97
-1.17,-1.08
-1.15,-1.2
-1.07,-1.17
-0.96,-1.09
-1.13,-1.12
-1.19,-1.07
-1.38,-0.97
-1.57,-0.61
-1.18,-0.91
-1.09,-2.03
-0.76,-2.61
-1.11,-3.21
-0.91,-3.22
-0.83,-3.1
-0.92,-2.93
-0.93,-2.58
-1.01,-1.97
-1.23,-0.97
-0.82,-1.12
-0.85,-2.97
-1.01,-4.33
-1.12,-5.11
-0.88,-5.23
-1.06,-5.21
-0.88,-4.74
-1.11,-4.16
-0.87,-2.89
-0.99,-1.21
-0.87,-1.53
-1.03,-4.12
-1.18,-5.91
-0.8,-6.64
-0.88,-7.04
-0.8,-6.91
-0.74,-6.32
-0.87,-5.41
-1.02,-3.88
-0.87,-1.5
-0.66,-1.8
-0.98,-5.0
-1.05,-7.1
-0.8,-8.08
-1.11,-8.76
-1.03,-8.66
-0.97,-7.95
-0.96,-6.68
-0.92,-4.69
-0.85,-1.82
-0.78,-2.15
-1.16,-5.8
-1.15,-8.03
-0.89,-9.1
-0.91,-9.7
-0.98,-9.69
-0.91,-8.96
-0.9,-7.54
-0.98,-5.36
-0.77,-2.06
-0.65,-2.25
-1.11,-6.02
-0.96,-8.2
-0.81,-9.37
-0.91,-9.99
-0.9,-9.97
-1.04,-9.38
-0.93,-7.91
-1.0,-5.67
-0.79,-2.23
-0.76,-2.24
-1.16,-5.75
-0.93,-7.69
-1.08,-8.89
-1.01,-9.38
-0.9,-9.27
-1.02,-8.75
-0.91,-7.43
-0.94,-5.39
-0.78,-2.19
-0.63,-1.8
-1.06,-4.52
-1.0,-6.0
-0.99,-6.84
-1.06,-7.24
-1.0,-7.17
-1.05,-6.79
-0.94,-5.83
-1.0,-4.36
-0.78,-1.85
-0.66,-0.91
-0.73,-1.98
-0.81,-2.59
-0.77,-2.89
-0.83,-3.06
-0.78,-3.03
-0.82,-2.9
-0.78,-2.55
-0.8,-1.99
-0.74,-0.96
0.66,0.92
0.74,2.0
0.81,2.61
0.77,2.91
0.83,3.08
0.79,3.05
0.83,2.91
0.79,2.56
0.8,1.99
0.74,0.96
0.63,1.8
1.07,4.53
1.0,6.01
0.99,6.85
1.05,7.25
1.0,7.18
1.04,6.79
0.94,5.84
1.0,4.36
0.78,1.85
0.76,2.24
1.16,5.76
0.93,7.69
1.08,8.9
1.01,9.39
0.91,9.28
1.01,8.75
0.91,7.43
0.94,5.39
0.78,2.19
0.65,2.25
1.11,6.03
0.96,8.2
0.81,9.37
0.91,9.99
0.9,9.97
1.05,9.38
0.93,7.91
1.0,5.67
0.79,2.23
0.78,2.15
1.16,5.8
1.15,8.03
0.9,9.11
0.91,9.71
0.98,9.69
0.91,8.96
0.9,7.54
0.98,5.36
0.77,2.06
0.66,1.8
0.98,5.0
1.05,7.1
0.8,8.07
1.11,8.76
1.03,8.66
0.97,7.95
0.97,6.68
0.92,4.69
0.85,1.81
0.87,1.53
1.03,4.12
1.18,5.91
0.8,6.64
0.88,7.04
0.8,6.91
0.74,6.32
0.87,5.41
1.02,3.88
0.87,1.5
0.82,1.12
0.85,2.97
1.01,4.32
1.11,5.1
0.87,5.23
1.06,5.21
0.88,4.74
1.11,4.15
0.87,2.88
0.99,1.21
1.19,0.92
1.09,2.03
0.77,2.61
1.11,3.21
0.9,3.21
0.83,3.1
0.92,2.93
0.93,2.58
1.01,1.96
1.23,0.97
1.33,0.49
1.4,0.97
1.18,1.08
1.15,1.2
1.07,1.17
0.97,1.09
1.13,1.12
1.19,1.07
1.38,0.97
1.57,0.61
-1.5,-0.6
-1.46,-1.01
-0.99,-0.96
-1.1,-1.12
-1.04,-1.14
-1.2,-1.27
-1.19,-1.21
-1.12,-1.04
-1.25,-0.86
-1.47,-0.53
-1.33,-1.05
-1.07,-2.07
-0.82,-2.58
-1.07,-3.09
-0.71,-3.07
-1.01,-3.29
-0.94,-3.07
-0.97,-2.65
-0.94,-1.89
-1.18,-0.9
-0.9,-1.22
-0.93,-3.04
-1.04,-4.27
-1.06,-4.98
-0.86,-5.17
-1.06,-5.3
-0.87,-4.89
-1.1,-4.25
-0.85,-2.89
-0.94,-1.17
-0.96,-1.61
-1.05,-4.1
-0.99,-5.7
-0.72,-6.51
-0.86,-7.04
-0.77,-7.01
-0.91,-6.59
-0.93,-5.61
-1.05,-3.98
-0.88,-1.53
-0.76,-1.86
-0.97,-4.95
-0.95,-6.95
-0.89,-8.11
-1.21,-8.9
-0.95,-8.74
-0.99,-8.14
-0.93,-6.83
-0.89,-4.78
-0.83,-1.83
-0.81,-2.17
-1.07,-5.7
-1.04,-7.94
-0.88,-9.13
-0.99,-9.87
-0.97,-9.84
-0.94,-9.17
-0.94,-7.74
-1.05,-5.5
-0.77,-2.09
-0.7,-2.29
-1.06,-6.03
-1.11,-8.33
-0.77,-9.42
-0.9,-10.12
-0.89,-10.13
-1.09,-9.59
-0.97,-8.1
-0.92,-5.74
-0.79,-2.25
-0.78,-2.29
-1.12,-5.81
-0.99,-7.84
-0.93,-8.93
-1.05,-9.53
-0.96,-9.46
-1.0,-8.91
-0.96,-7.61
-1.02,-5.51
-0.73,-2.19
-0.66,-1.85
-1.13,-4.66
-1.16,-6.25
-1.05,-7.01
-1.09,-7.39
-1.01,-7.31
-1.06,-6.9
-0.99,-5.95
-0.97,-4.38
-0.77,-1.84
-0.61,-0.9
-0.73,-2.02
-0.82,-2.68
-0.82,-2.98
-0.82,-3.12
-0.82,-3.09
-0.79,-2.92
-0.78,-2.57
-0.75,-1.96
-0.65,-0.91
0.61,0.91
0.73,2.04
0.83,2.7
0.82,3.01
0.82,3.14
0.82,3.11
0.79,2.94
0.78,2.58
0.75,1.97
0.65,0.91
0.66,1.85
1.13,4.67
1.16,6.26
1.05,7.03
1.08,7.4
1.01,7.32
1.06,6.91
0.98,5.95
0.97,4.38
0.76,1.84
0.78,2.29
1.11,5.81
0.99,7.85
0.93,8.93
1.05,9.54
0.96,9.47
1.0,8.91
0.95,7.61
1.02,5.51
0.73,2.18
0.7,2.29
1.06,6.03
1.1,8.33
0.77,9.42
0.9,10.12
0.89,10.13
1.09,9.59
0.97,8.1
0.92,5.74
0.79,2.25
0.81,2.17
1.07,5.7
1.04,7.94
0.88,9.14
0.99,9.87
0.96,9.84
0.94,9.17
0.94,7.74
1.05,5.5
0.77,2.09
0.76,1.86
0.97,4.95
0.94,6.95
0.89,8.11
1.21,8.9
0.94,8.74
0.99,8.14
0.93,6.83
0.89,4.77
0.82,1.83
0.96,1.61
1.05,4.1
1.0,5.7
0.72,6.51
0.86,7.04
0.77,7.0
0.91,6.59
0.93,5.61
1.05,3.98
0.88,1.52
0.9,1.22
0.92,3.04
1.04,4.27
1.06,4.97
0.86,5.17
1.06,5.3
0.87,4.89
1.1,4.25
0.85,2.89
0.94,1.17
1.33,1.05
1.07,2.07
0.82,2.58
1.07,3.09
0.71,3.07
1.01,3.29
0.94,3.07
0.97,2.65
0.94,1.88
1.18,0.9
1.5,0.6
1.46,1.01
0.99,0.96
1.1,1.12
1.04,1.14
1.2,1.26
1.19,1.21
1.12,1.04
1.25,0.86
1.47,0.53
-1.48,-0.58
-1.32,-0.92
-1.06,-1.02
-1.35,-1.3
-1.06,-1.22
-1.09,-1.22
-0.9,-1.02
-1.09,-0.97
-1.16,-0.78
-1.46,-0.52
-1.38,-1.06
-0.93,-1.96
-0.82,-2.58
-1.01,-3.15
-0.81,-3.27
-1.15,-3.46
-0.82,-3.02
-1.04,-2.67
-0.87,-1.84
-1.2,-0.9
-1.03,-1.31
-0.96,-3.05
-1.07,-4.28
-1.0,-5.01
-0.89,-5.35
-1.07,-5.5
-0.92,-5.04
-1.06,-4.3
-0.9,-2.94
-0.92,-1.17
-1.03,-1.67
-0.99,-4.05
-0.86,-5.6
-0.71,-6.56
-0.91,-7.23
-0.87,-7.27
-1.04,-6.87
-0.88,-5.72
-1.07,-4.05
-0.86,-1.53
-0.86,-1.94
-0.99,-4.93
-0.92,-6.91
-0.99,-8.25
-1.15,-9.02
-0.84,-8.88
-1.02,-8.38
-0.94,-7.01
-0.89,-4.86
-0.77,-1.82
-0.9,-2.23
-1.0,-5.61
-0.87,-7.81
-0.99,-9.29
-1.06,-10.07
-0.96,-10.03
-1.01,-9.44
-1.02,-7.99
-1.06,-5.63
-0.75,-2.1
-0.81,-2.36
-1.03,-5.97
-1.06,-8.27
-0.82,-9.51
-0.91,-10.25
-0.88,-10.3
-1.1,-9.8
-0.97,-8.3
-0.95,-5.87
-0.73,-2.25
-0.82,-2.32
-1.03,-5.73
-1.04,-7.85
-0.81,-8.91
-0.95,-9.58
-1.0,-9.65
-0.99,-9.1
-0.97,-7.8
-1.1,-5.67
-0.71,-2.2
-0.8,-1.93
-1.02,-4.6
-1.22,-6.31
-1.13,-7.12
-1.16,-7.55
-1.12,-7.53
-1.07,-7.09
-1.08,-6.13
-0.92,-4.44
-0.7,-1.81
-0.67,-0.95
-0.73,-2.02
-0.79,-2.68
-0.81,-3.02
-0.83,-3.18
-0.81,-3.17
-0.84,-3.01
-0.77,-2.63
-0.8,-2.01
-0.63,-0.9
0.67,0.95
0.74,2.03
0.79,2.69
0.82,3.04
0.84,3.2
0.82,3.19
0.85,3.03
0.77,2.64
0.81,2.02
0.63,0.91
0.8,1.94
1.02,4.61
1.21,6.31
1.13,7.13
1.16,7.56
1.11,7.54
1.07,7.09
1.07,6.14
0.92,4.44
0.7,1.82
0.82,2.32
1.03,5.73
1.04,7.85
0.81,8.91
0.95,9.58
1.0,9.66
0.99,9.11
0.97,7.8
1.09,5.67
0.71,2.2
0.81,2.36
1.03,5.97
1.06,8.28
0.82,9.51
0.9,10.25
0.89,10.31
1.1,9.81
0.97,8.29
0.94,5.87
0.73,2.25
0.9,2.23
0.99,5.61
0.87,7.81
1.0,9.29
1.06,10.07
0.96,10.03
1.01,9.44
1.01,7.98
1.06,5.63
0.75,2.1
0.86,1.94
0.99,4.93
0.92,6.9
0.98,8.25
1.15,9.02
0.84,8.87
1.02,8.38
0.94,7.0
0.88,4.86
0.77,1.82
1.03,1.67
0.99,4.05
0.86,5.6
0.71,6.56
0.91,7.23
0.87,7.27
1.04,6.87
0.88,5.71
1.07,4.05
0.86,1.52
1.03,1.31
0.96,3.04
1.07,4.28
1.0,5.0
0.9,5.35
1.07,5.5
0.92,5.04
1.05,4.3
0.9,2.94
0.92,1.16
1.38,1.06
0.94,1.96
0.81,2.57
1.0,3.14
0.81,3.27
1.15,3.46
0.81,3.02
1.04,2.66
0.87,1.83
1.2,0.9
1.48,0.58
1.32,0.92
1.06,1.02
1.35,1.3
1.06,1.22
1.09,1.22
0.91,1.02
1.09,0.97
1.16,0.78
1.46,0.52
-1.53,-0.61
-1.48,-1.03
-1.17,-1.1
-1.06,-1.13
-0.78,-1.03
-1.05,-1.15
-0.9,-1.01
-1.17,-1.01
-1.02,-0.71
-1.54,-0.54
-1.26,-1.01
-0.86,-1.97
-0.92,-2.72
-1.04,-3.23
-0.92,-3.37
-1.05,-3.44
-0.78,-3.03
-1.12,-2.73
-0.83,-1.82
-1.17,-0.87
-1.04,-1.31
-1.0,-3.1
-1.12,-4.42
-0.96,-5.15
-0.98,-5.58
-1.05,-5.64
-0.94,-5.15
-0.96,-4.32
-1.0,-3.01
-0.83,-1.12
-1.0,-1.66
-0.9,-4.01
-0.83,-5.68
-0.82,-6.8
-1.02,-7.52
-0.93,-7.53
-1.07,-7.08
-0.84,-5.82
-1.03,-4.09
-0.84,-1.51
-0.95,-1.98
-0.96,-4.92
-0.93,-6.97
-0.94,-8.38
-1.04,-9.15
-0.84,-9.1
-1.12,-8.67
-1.0,-7.23
-0.91,-4.99
-0.72,-1.82
-0.89,-2.24
-0.96,-5.58
-0.87,-7.85
-1.12,-9.5
-1.07,-10.24
-0.97,-10.23
-1.05,-9.69
-1.03,-8.21
-1.12,-5.81
-0.72,-2.14
-0.91,-2.41
-0.96,-5.89
-0.91,-8.18
-0.97,-9.67
-0.96,-10.39
-0.88,-10.44
-1.07,-9.97
-0.97,-8.5
-0.99,-6.06
-0.71,-2.29
-0.86,-2.36
-1.01,-5.67
-1.02,-7.78
-0.82,-8.91
-0.81,-9.51
-0.95,-9.69
-0.98,-9.24
-1.05,-8.04
-1.14,-5.86
-0.71,-2.26
-0.9,-2.01
-0.96,-4.55
-1.12,-6.2
-1.13,-7.09
-1.1,-7.51
-1.17,-7.62
-1.12,-7.24
-1.17,-6.34
-0.96,-4.59
-0.7,-1.86
-0.87,-1.06
-0.78,-2.07
-0.86,-2.71
-0.8,-3.01
-0.88,-3.2
-0.79,-3.18
-0.86,-3.07
-0.75,-2.68
-0.77,-2.04
-0.69,-0.94
0.87,1.06
0.79,2.08
0.87,2.72
0.8,3.03
0.88,3.21
0.79,3.2
0.87,3.09
0.76,2.69
0.78,2.05
0.69,0.95
0.91,2.02
0.96,4.56
1.12,6.21
1.13,7.1
1.1,7.52
1.17,7.63
1.12,7.25
1.16,6.35
0.96,4.59
0.7,1.86
0.86,2.36
1.01,5.68
1.02,7.78
0.82,8.92
0.81,9.52
0.95,9.69
0.98,9.25
1.05,8.05
1.14,5.86
0.71,2.26
0.91,2.41
0.96,5.89
0.91,8.19
0.97,9.68
0.95,10.39
0.88,10.44
1.08,9.97
0.97,8.5
0.99,6.06
0.71,2.29
0.89,2.24
0.96,5.57
0.87,7.85
1.12,9.5
1.06,10.24
0.97,10.23
1.05,9.69
1.03,8.21
1.12,5.81
0.72,2.13
0.95,1.98
0.96,4.92
0.93,6.97
0.94,8.38
1.04,9.15
0.84,9.1
1.12,8.67
0.99,7.23
0.91,4.98
0.72,1.82
1.0,1.66
0.9,4.01
0.84,5.68
0.82,6.8
1.02,7.52
0.93,7.53
1.07,7.08
0.84,5.81
1.02,4.09
0.84,1.51
1.04,1.31
1.0,3.1
1.11,4.41
0.96,5.15
0.98,5.58
1.05,5.63
0.94,5.15
0.96,4.32
1.0,3.01
0.83,1.12
1.26,1.0
0.86,1.97
0.92,2.72
1.04,3.22
0.92,3.36
1.05,3.43
0.78,3.03
1.12,2.73
0.83,1.81
1.16,0.87
1.53,0.61
1.48,1.02
1.17,1.09
1.06,1.13
0.78,1.03
1.05,1.15
0.9,1.01
1.17,1.01
1.02,0.71
1.54,0.54
-1.67,-0.65
-1.3,-0.89
-0.8,-0.86
-0.99,-1.07
-0.97,-1.15
-1.03,-1.17
-0.85,-1.01
-1.11,-0.97
-0.93,-0.66
-1.64,-0.56
-1.22,-1.0
-0.85,-1.97
-0.99,-2.75
-0.99,-3.24
-0.9,-3.43
-0.97,-3.46
-0.89,-3.15
-1.09,-2.75
-0.83,-1.82
-1.02,-0.8
-1.09,-1.37
-1.05,-3.23
-1.11,-4.56
-0.93,-5.3
-1.05,-5.77
-0.97,-5.73
-0.94,-5.28
-0.9,-4.4
-1.09,-3.12
-0.81,-1.13
-0.94,-1.67
-0.97,-4.19
-0.96,-5.97
-0.97,-7.14
-1.06,-7.81
-0.96,-7.78
-1.1,-7.32
-0.86,-6.0
-0.98,-4.2
-0.85,-1.55
-0.92,-1.99
-0.91,-5.0
-0.9,-7.15
-0.91,-8.59
-1.03,-9.4
-0.95,-9.42
-1.19,-8.97
-1.05,-7.5
-1.02,-5.22
-0.69,-1.88
-0.88,-2.24
-0.96,-5.65
-0.98,-8.05
-1.09,-9.69
-1.04,-10.43
-0.97,-10.43
-1.03,-9.86
-1.04,-8.42
-1.14,-6.01
-0.78,-2.23
-0.88,-2.39
-0.93,-5.88
-0.85,-8.24
-1.09,-9.91
-1.04,-10.59
-0.88,-10.54
-1.02,-10.03
-1.02,-8.67
-1.04,-6.24
-0.71,-2.36
-0.92,-2.38
-0.96,-5.63
-0.95,-7.73
-0.95,-9.05
-0.79,-9.56
-0.87,-9.64
-0.88,-9.19
-1.09,-8.15
-1.19,-6.0
-0.75,-2.33
-0.87,-2.01
-0.98,-4.54
-0.96,-6.08
-1.08,-7.06
-1.03,-7.46
-1.11,-7.55
-1.07,-7.2
-1.2,-6.42
-0.97,-4.66
-0.69,-1.88
-1.02,-1.14
-0.88,-2.14
-0.94,-2.75
-0.87,-3.06
-0.92,-3.23
-0.86,-3.22
-0.88,-3.09
-0.83,-2.74
-0.76,-2.06
-0.68,-0.95
1.02,1.14
0.88,2.15
0.95,2.77
0.87,3.08
0.92,3.24
0.87,3.24
0.88,3.1
0.83,2.76
0.77,2.08
0.68,0.95
0.87,2.01
0.97,4.54
0.95,6.09
1.08,7.07
1.03,7.47
1.11,7.55
1.06,7.2
1.2,6.42
0.97,4.66
0.69,1.89
0.92,2.38
0.96,5.63
0.94,7.74
0.95,9.06
0.79,9.57
0.87,9.64
0.88,9.2
1.09,8.15
1.19,6.0
0.75,2.33
0.88,2.39
0.93,5.88
0.86,8.25
1.09,9.91
1.04,10.59
0.88,10.54
1.02,10.03
1.02,8.68
1.04,6.24
0.71,2.36
0.88,2.24
0.96,5.65
0.98,8.05
1.09,9.69
1.04,10.43
0.97,10.43
1.03,9.86
1.04,8.42
1.14,6.01
0.78,2.23
0.93,1.99
0.91,5.0
0.9,7.15
0.9,8.59
1.04,9.4
0.95,9.42
1.19,8.97
1.04,7.49
1.01,5.22
0.69,1.88
0.94,1.67
0.97,4.19
0.96,5.97
0.97,7.14
1.06,7.8
0.96,7.78
1.1,7.31
0.85,5.99
0.98,4.2
0.85,1.55
1.09,1.37
1.05,3.22
1.11,4.56
0.93,5.3
1.04,5.76
0.97,5.72
0.94,5.27
0.9,4.39
1.09,3.12
0.81,1.13
1.21,1.0
0.85,1.96
0.99,2.75
0.99,3.23
0.89,3.43
0.98,3.45
0.89,3.15
1.09,2.75
0.83,1.82
1.02,0.8
1.67,0.65
1.3,0.89
0.8,0.86
1.0,1.07
0.97,1.15
1.03,1.17
0.85,1.0
1.11,0.97
0.93,0.66
1.64,0.56
-1.6,-0.57
-1.02,-0.72
-1.01,-0.97
-1.16,-1.18
-0.77,-1.06
-0.94,-1.12
-0.89,-1.04
-1.03,-0.95
-0.96,-0.69
-1.66,-0.57
-1.12,-0.9
-0.82,-1.88
-1.02,-2.8
-0.92,-3.27
-0.94,-3.51
-1.01,-3.56
-0.96,-3.3
-1.0,-2.79
-0.89,-1.92
-0.89,-0.77
-1.0,-1.3
-0.93,-3.16
-1.02,-4.59
-0.91,-5.41
-1.04,-5.9
-0.89,-5.85
-1.01,-5.51
-0.94,-4.59
-1.17,-3.32
-0.9,-1.22
-0.99,-1.74
-1.07,-4.39
-1.07,-6.24
-1.01,-7.4
-1.05,-8.05
-1.03,-8.06
-1.11,-7.56
-0.89,-6.23
-0.98,-4.37
-0.81,-1.6
-0.88,-2.05
-0.99,-5.23
-0.91,-7.42
-0.99,-8.91
-1.09,-9.7
-1.04,-9.72
-1.2,-9.18
-1.12,-7.74
-1.11,-5.43
-0.72,-1.96
-0.95,-2.34
-0.98,-5.85
-1.03,-8.31
-1.01,-9.89
-1.02,-10.65
-0.95,-10.59
-0.94,-9.91
-1.03,-8.51
-1.12,-6.09
-0.78,-2.27
-0.83,-2.42
-0.98,-6.05
-0.94,-8.49
-1.09,-10.13
-1.12,-10.84
-0.9,-10.66
-0.93,-9.98
-1.02,-8.68
-1.11,-6.3
-0.69,-2.37
-0.94,-2.4
-0.94,-5.69
-0.9,-7.81
-1.05,-9.25
-0.92,-9.77
-0.91,-9.72
-0.79,-9.08
-1.0,-8.04
-1.15,-5.97
-0.79,-2.35
-0.83,-2.0
-0.99,-4.56
-0.85,-6.03
-0.99,-7.04
-0.93,-7.44
-1.06,-7.51
-0.99,-7.1
-1.15,-6.36
-1.02,-4.7
-0.66,-1.9
-0.98,-1.13
-0.96,-2.2
-0.96,-2.77
-0.94,-3.1
-0.95,-3.26
-0.93,-3.26
-0.93,-3.12
-0.9,-2.8
-0.85,-2.14
-0.78,-1.01
0.99,1.14
0.97,2.21
0.96,2.79
0.94,3.12
0.96,3.28
0.93,3.28
0.94,3.14
0.91,2.81
0.85,2.15
0.78,1.01
0.83,2.0
0.99,4.57
0.85,6.04
0.99,7.05
0.93,7.45
1.06,7.52
0.98,7.11
1.15,6.36
1.02,4.7
0.66,1.9
0.94,2.4
0.94,5.69
0.9,7.82
1.06,9.26
0.92,9.78
0.91,9.72
0.79,9.09
1.0,8.04
1.15,5.97
0.79,2.35
0.82,2.42
0.97,6.05
0.94,8.49
1.09,10.14
1.11,10.84
0.9,10.66
0.93,9.99
1.02,8.68
1.11,6.3
0.69,2.37
0.95,2.34
0.99,5.86
1.02,8.31
1.01,9.89
1.02,10.65
0.96,10.59
0.94,9.91
1.03,8.51
1.12,6.09
0.78,2.27
0.88,2.05
0.99,5.23
0.91,7.42
0.98,8.9
1.09,9.7
1.04,9.72
1.2,9.18
1.12,7.73
1.11,5.43
0.72,1.95
0.99,1.73
1.07,4.38
1.07,6.24
1.01,7.39
1.05,8.04
1.03,8.05
1.11,7.55
0.88,6.22
0.98,4.37
0.82,1.6
1.0,1.3
0.93,3.16
1.02,4.58
0.91,5.4
1.03,5.89
0.89,5.85
1.01,5.5
0.93,4.59
1.18,3.32
0.9,1.22
1.11,0.89
0.82,1.87
1.02,2.79
0.92,3.27
0.94,3.5
1.01,3.55
0.95,3.29
1.0,2.79
0.89,1.92
0.89,0.77
1.6,0.57
1.02,0.72
1.01,0.97
1.16,1.17
0.78,1.06
0.94,1.12
0.89,1.04
1.03,0.95
0.95,0.69
1.66,0.57
-1.53,-0.55
-1.1,-0.79
-1.1,-1.02
-0.81,-1.01
-0.86,-1.13
-1.03,-1.22
-0.78,-1.03
-1.04,-0.99
-1.05,-0.78
-1.56,-0.54
-1.16,-0.91
-0.91,-1.96
-1.05,-2.87
-0.89,-3.3
-1.04,-3.68
-0.97,-3.69
-0.98,-3.44
-0.97,-2.91
-0.98,-2.07
-0.85,-0.78
-0.82,-1.17
-0.86,-3.1
-1.0,-4.63
-0.92,-5.51
-1.02,-6.08
-0.96,-6.1
-1.12,-5.76
-0.98,-4.79
-1.19,-3.46
-0.96,-1.29
-0.9,-1.64
-0.99,-4.35
-1.09,-6.36
-0.96,-7.55
-1.11,-8.28
-1.06,-8.27
-1.06,-7.7
-0.97,-6.41
-0.95,-4.45
-0.74,-1.6
-0.77,-1.99
-1.06,-5.36
-1.0,-7.66
-1.08,-9.18
-1.12,-9.94
-1.07,-9.88
-1.15,-9.22
-1.16,-7.81
-1.17,-5.51
-0.81,-2.02
-0.89,-2.34
-1.03,-6.02
-0.99,-8.51
-1.01,-10.1
-1.01,-10.83
-0.91,-10.66
-0.82,-9.82
-0.94,-8.4
-1.07,-6.05
-0.76,-2.27
-0.82,-2.47
-1.05,-6.27
-1.03,-8.76
-1.04,-10.32
-1.16,-11.06
-0.97,-10.84
-0.89,-9.97
-0.97,-8.57
-1.13,-6.28
-0.78,-2.42
-0.91,-2.45
-0.98,-5.88
-0.95,-8.05
-1.06,-9.45
-1.01,-10.02
-1.06,-9.94
-0.86,-9.14
-0.9,-7.91
-1.07,-5.89
-0.82,-2.38
-0.88,-2.06
-1.05,-4.71
-0.86,-6.17
-0.98,-7.14
-0.89,-7.5
-0.96,-7.5
-0.92,-7.04
-1.04,-6.24
-1.08,-4.73
-0.79,-1.99
-0.91,-1.11
-0.97,-2.24
-0.96,-2.81
-0.95,-3.15
-0.95,-3.28
-0.96,-3.28
-0.93,-3.12
-0.98,-2.82
-0.88,-2.19
-0.89,-1.08
0.91,1.12
0.97,2.25
0.96,2.83
0.96,3.16
0.95,3.3
0.97,3.3
0.94,3.13
0.98,2.83
0.89,2.2
0.89,1.09
0.88,2.06
1.05,4.72
0.85,6.18
0.98,7.15
0.89,7.51
0.96,7.51
0.92,7.04
1.04,6.25
1.08,4.73
0.79,1.99
0.91,2.45
0.98,5.88
0.96,8.06
1.07,9.46
1.02,10.03
1.07,9.95
0.86,9.14
0.9,7.92
1.07,5.89
0.82,2.38
0.81,2.47
1.05,6.27
1.03,8.76
1.04,10.32
1.15,11.06
0.97,10.84
0.9,9.97
0.96,8.57
1.13,6.27
0.78,2.42
0.89,2.34
1.03,6.02
0.99,8.51
1.01,10.1
1.01,10.83
0.91,10.66
0.82,9.82
0.94,8.4
1.07,6.04
0.77,2.27
0.77,1.99
1.05,5.35
1.0,7.66
1.08,9.18
1.12,9.94
1.07,9.88
1.15,9.22
1.16,7.81
1.17,5.51
0.81,2.02
0.9,1.64
0.99,4.34
1.09,6.35
0.96,7.54
1.11,8.27
1.06,8.27
1.06,7.69
0.96,6.4
0.95,4.45
0.74,1.6
0.82,1.17
0.86,3.1
1.0,4.62
0.92,5.5
1.02,6.07
0.95,6.09
1.11,5.75
0.97,4.79
1.19,3.46
0.97,1.29
1.16,0.91
0.91,1.96
1.05,2.86
0.89,3.29
1.04,3.67
0.98,3.69
0.98,3.44
0.98,2.91
0.98,2.07
0.85,0.78
1.53,0.55
1.1,0.79
1.1,1.02
0.81,1.01
0.86,1.13
1.03,1.21
0.78,1.03
1.04,0.99
1.05,0.78
1.57,0.54
-1.41,-0.51
-1.09,-0.78
-0.95,-0.97
-0.91,-1.11
-1.0,-1.25
-0.77,-1.13
-0.95,-1.16
-1.1,-1.07
-0.98,-0.76
-1.45,-0.5
-1.26,-0.99
-0.96,-2.06
-1.01,-2.92
-0.94,-3.47
-1.07,-3.86
-0.93,-3.77
-1.06,-3.6
-0.95,-2.99
-1.07,-2.17
-0.91,-0.83
-0.91,-1.27
-0.94,-3.25
-0.99,-4.76
-0.98,-5.73
-1.09,-6.32
-1.05,-6.27
-1.11,-5.87
-1.0,-4.88
-1.13,-3.48
-1.02,-1.35
-0.87,-1.65
-0.91,-4.38
-1.05,-6.46
-0.97,-7.73
-1.17,-8.47
-0.98,-8.31
-1.05,-7.72
-1.03,-6.46
-0.96,-4.5
-0.8,-1.68
-0.76,-1.99
-1.05,-5.44
-1.11,-7.88
-1.09,-9.37
-1.12,-10.06
-1.03,-9.88
-1.04,-9.11
-1.09,-7.72
-1.2,-5.52
-0.92,-2.11
-0.77,-2.28
-1.01,-6.1
-1.02,-8.71
-1.06,-10.31
-0.98,-10.95
-0.86,-10.7
-0.74,-9.77
-0.84,-8.28
-0.98,-5.96
-0.81,-2.31
-0.75,-2.44
-1.12,-6.4
-1.05,-8.95
-1.01,-10.5
-1.16,-11.26
-1.08,-11.08
-1.01,-10.16
-0.97,-8.58
-1.12,-6.25
-0.9,-2.5
-0.78,-2.38
-1.0,-5.98
-1.01,-8.27
-1.06,-9.65
-1.01,-10.23
-1.12,-10.19
-1.02,-9.38
-0.88,-7.92
-0.96,-5.81
-0.83,-2.39
-0.79,-2.0
-1.07,-4.79
-0.97,-6.39
-1.01,-7.34
-0.96,-7.71
-0.98,-7.66
-0.91,-7.11
-0.91,-6.16
-1.05,-4.69
-0.92,-2.06
-0.82,-1.07
-0.97,-2.25
-0.93,-2.86
-0.99,-3.23
-0.93,-3.34
-0.98,-3.34
-0.93,-3.14
-0.98,-2.82
-0.95,-2.22
-0.87,-1.09
0.83,1.07
0.97,2.26
0.93,2.87
0.99,3.24
0.93,3.36
0.99,3.36
0.93,3.16
0.99,2.83
0.95,2.23
0.87,1.1
0.79,2.0
1.06,4.79
0.97,6.39
1.01,7.35
0.96,7.72
0.97,7.67
0.9,7.12
0.91,6.17
1.05,4.69
0.92,2.06
0.78,2.38
1.0,5.98
1.01,8.28
1.07,9.66
1.01,10.24
1.12,10.2
1.02,9.38
0.88,7.92
0.97,5.81
0.83,2.4
0.75,2.43
1.12,6.4
1.04,8.95
1.01,10.5
1.16,11.25
1.07,11.08
1.01,10.17
0.97,8.58
1.12,6.25
0.9,2.5
0.77,2.28
1.01,6.09
1.02,8.71
1.06,10.3
0.98,10.95
0.86,10.7
0.74,9.77
0.84,8.28
0.98,5.96
0.8,2.31
0.75,1.99
1.05,5.43
1.11,7.88
1.09,9.37
1.12,10.06
1.03,9.88
1.05,9.11
1.09,7.72
1.2,5.52
0.92,2.11
0.87,1.65
0.91,4.38
1.04,6.45
0.97,7.73
1.17,8.46
0.98,8.31
1.05,7.71
1.02,6.46
0.96,4.5
0.8,1.67
0.91,1.27
0.94,3.24
0.99,4.75
0.98,5.72
1.08,6.31
1.04,6.27
1.11,5.86
1.0,4.87
1.13,3.49
1.02,1.35
1.26,0.99
0.95,2.06
1.01,2.92
0.94,3.46
1.07,3.85
0.94,3.77
1.06,3.6
0.95,3.0
1.07,2.17
0.91,0.83
1.41,0.51
1.09,0.78
0.96,0.97
0.9,1.11
1.0,1.25
0.77,1.13
0.95,1.16
1.1,1.07
0.98,0.76
1.45,0.5
-1.32,-0.46
-1.15,-0.83
-0.98,-1.02
-0.94,-1.16
-0.86,-1.21
-0.94,-1.25
-1.02,-1.21
-0.8,-0.93
-1.07,-0.82
-1.47,-0.54
-1.1,-0.92
-0.93,-2.1
-1.02,-3.03
-0.99,-3.6
-1.04,-3.89
-0.98,-3.87
-1.1,-3.67
-0.98,-3.04
-1.16,-2.31
-1.05,-0.97
-0.98,-1.34
-1.03,-3.41
-1.02,-4.93
-1.08,-5.93
-1.09,-6.38
-1.04,-6.28
-1.09,-5.87
-1.02,-4.9
-1.05,-3.51
-1.11,-1.45
-0.89,-1.71
-0.9,-4.49
-1.04,-6.6
-1.06,-7.89
-1.1,-8.44
-0.9,-8.22
-1.08,-7.69
-1.01,-6.45
-1.02,-4.55
-0.88,-1.75
-0.84,-2.08
-1.05,-5.53
-1.1,-8.0
-1.08,-9.46
-1.09,-10.04
-0.93,-9.79
-0.93,-9.03
-1.01,-7.64
-1.11,-5.45
-0.98,-2.15
-0.82,-2.35
-0.99,-6.19
-1.09,-8.88
-1.07,-10.42
-0.91,-10.98
-0.86,-10.79
-0.84,-9.95
-0.85,-8.35
-0.92,-5.93
-0.84,-2.34
-0.79,-2.48
-1.06,-6.46
-1.1,-9.12
-1.01,-10.65
-1.15,-11.39
-1.16,-11.33
-1.21,-10.53
-1.03,-8.77
-1.07,-6.26
-0.93,-2.53
-0.78,-2.4
-1.05,-6.07
-1.05,-8.43
-1.07,-9.81
-1.02,-10.4
-1.06,-10.37
-1.09,-9.67
-0.89,-8.07
-0.86,-5.8
-0.84,-2.41
-0.76,-1.97
-1.0,-4.76
-1.02,-6.48
-1.06,-7.48
-1.04,-7.9
-1.01,-7.85
-1.03,-7.36
-0.89,-6.26
-1.06,-4.74
-0.98,-2.11
-0.68,-0.98
-0.87,-2.17
-0.86,-2.83
-0.92,-3.22
-0.93,-3.38
-0.93,-3.38
-0.96,-3.21
-0.92,-2.83
-1.01,-2.26
-0.83,-1.09
0.68,0.98
0.87,2.17
0.86,2.83
0.92,3.23
0.93,3.4
0.94,3.4
0.96,3.24
0.93,2.85
1.02,2.28
0.83,1.09
0.76,1.97
1.0,4.76
1.02,6.48
1.06,7.49
1.03,7.9
1.01,7.86
1.03,7.37
0.88,6.27
1.06,4.75
0.98,2.11
0.78,2.4
1.05,6.07
1.05,8.43
1.07,9.81
1.02,10.41
1.06,10.38
1.1,9.68
0.89,8.07
0.87,5.8
0.84,2.41
0.79,2.48
1.06,6.46
1.1,9.12
1.01,10.64
1.14,11.39
1.15,11.33
1.21,10.53
1.02,8.77
1.07,6.26
0.93,2.52
0.82,2.35
0.99,6.18
1.09,8.88
1.07,10.42
0.91,10.98
0.85,10.79
0.84,9.95
0.85,8.35
0.92,5.93
0.84,2.33
0.84,2.08
1.05,5.53
1.1,7.99
1.08,9.45
1.09,10.04
0.93,9.78
0.93,9.03
1.01,7.64
1.11,5.45
0.98,2.14
0.89,1.72
0.9,4.48
1.04,6.59
1.06,7.89
1.1,8.44
0.9,8.22
1.08,7.69
1.01,6.44
1.02,4.55
0.87,1.75
0.98,1.34
1.03,3.4
1.02,4.93
1.07,5.92
1.09,6.37
1.04,6.28
1.09,5.87
1.02,4.9
1.06,3.51
1.11,1.44
1.1,0.92
0.93,2.1
1.02,3.03
0.99,3.6
1.04,3.89
0.98,3.87
1.1,3.67
0.98,3.05
1.16,2.3
1.05,0.97
1.31,0.46
1.16,0.83
0.98,1.02
0.94,1.16
0.86,1.21
0.94,1.25
1.02,1.21
0.8,0.93
1.07,0.82
1.47,0.54
-1.43,-0.51
-1.2,-0.87
-0.91,-1.01
-0.99,-1.2
-0.9,-1.25
-0.88,-1.23
-0.82,-1.14
-1.03,-1.11
-1.31,-1.02
-1.42,-0.57
-0.97,-0.86
-0.96,-2.16
-1.02,-3.07
-1.0,-3.64
-1.08,-3.95
-1.06,-3.95
-1.12,-3.72
-1.03,-3.16
-1.17,-2.42
-1.2,-1.09
-0.9,-1.3
-1.1,-3.51
-1.03,-5.0
-1.09,-5.94
-1.04,-6.32
-1.03,-6.29
-1.06,-5.87
-0.96,-4.89
-1.02,-3.52
-1.1,-1.47
-0.84,-1.71
-1.02,-4.63
-1.07,-6.67
-1.04,-7.86
-0.97,-8.31
-0.93,-8.23
-1.09,-7.73
-0.97,-6.43
-1.02,-4.54
-0.93,-1.79
-0.82,-2.09
-1.04,-5.6
-1.1,-8.03
-1.06,-9.41
-0.99,-9.93
-0.86,-9.8
-0.94,-9.16
-0.98,-7.7
-0.98,-5.41
-1.0,-2.17
-0.79,-2.37
-1.06,-6.28
-1.09,-8.93
-1.04,-10.42
-0.84,-10.99
-0.96,-11.02
-1.07,-10.34
-0.92,-8.6
-0.95,-6.03
-0.85,-2.38
-0.83,-2.54
-1.05,-6.52
-1.13,-9.22
-1.01,-10.72
-1.11,-11.48
-1.18,-11.54
-1.31,-10.85
-1.07,-9.01
-1.02,-6.35
-0.96,-2.58
-0.8,-2.44
-1.01,-6.11
-1.1,-8.56
-1.08,-9.93
-1.08,-10.57
-1.0,-10.5
-1.07,-9.85
-0.9,-8.25
-0.92,-5.94
-0.84,-2.46
-0.86,-2.05
-1.01,-4.83
-1.08,-6.6
-1.05,-7.57
-1.14,-8.05
-1.01,-7.96
-1.13,-7.54
-0.94,-6.41
-1.12,-4.86
-0.98,-2.13
-0.74,-1.02
-0.79,-2.15
-0.86,-2.84
-0.82,-3.19
-0.89,-3.38
-0.84,-3.34
-0.91,-3.21
-0.83,-2.8
-0.94,-2.24
-0.76,-1.06
0.74,1.02
0.79,2.14
0.86,2.84
0.82,3.19
0.89,3.39
0.84,3.35
0.91,3.23
0.83,2.82
0.95,2.25
0.76,1.06
0.86,2.05
1.01,4.82
1.08,6.59
1.05,7.56
1.14,8.06
1.01,7.96
1.13,7.54
0.94,6.42
1.12,4.86
0.98,2.14
0.8,2.44
1.0,6.11
1.1,8.55
1.08,9.93
1.08,10.57
1.0,10.51
1.07,9.86
0.9,8.26
0.92,5.95
0.84,2.46
0.83,2.54
1.05,6.52
1.13,9.22
1.01,10.72
1.11,11.48
1.18,11.54
1.31,10.86
1.07,9.02
1.02,6.36
0.96,2.58
0.79,2.37
1.05,6.27
1.09,8.93
1.04,10.42
0.85,10.99
0.95,11.02
1.07,10.34
0.92,8.6
0.95,6.03
0.85,2.38
0.82,2.09
1.04,5.6
1.09,8.03
1.06,9.41
0.99,9.93
0.86,9.8
0.94,9.16
0.98,7.7
0.98,5.41
1.0,2.16
0.84,1.71
1.02,4.63
1.07,6.67
1.04,7.85
0.97,8.3
0.93,8.22
1.09,7.72
0.96,6.43
1.02,4.54
0.93,1.79
0.9,1.3
1.1,3.51
1.03,4.99
1.09,5.94
1.04,6.32
1.03,6.28
1.06,5.87
0.96,4.89
1.02,3.52
1.1,1.47
0.98,0.86
0.96,2.16
1.03,3.07
1.0,3.64
1.08,3.95
1.06,3.94
1.12,3.72
1.03,3.15
1.17,2.41
1.2,1.09
1.42,0.51
1.2,0.88
0.91,1.01
0.99,1.2
0.89,1.24
0.88,1.23
0.82,1.14
1.03,1.11
1.31,1.02
1.42,0.57
