0 6.1914619989693165
1 5.782976716756821
2 9.789654195308685
3 7.881266325712204
4 7.952510945498943
5 7.09706836938858
6 6.744453303515911
7 7.286909684538841
8 7.901627242565155
9 8.330144710838795
10 8.476960897445679
11 9.12251615524292
12 9.171283200383186
13 8.892532750964165
14 7.985436014831066
15 7.558361582458019
16 7.443441681563854
17 7.478054337203503
18 7.414463721215725
19 7.579192221164703
20 7.796489670872688
21 7.712928682565689
22 7.680047482252121
23 7.478385001420975
24 6.947042316198349
25 6.481785327196121
26 5.988706320524216
27 5.5743787586688995
28 5.296728581190109
29 5.329668700695038
30 5.768031477928162
31 4.5332071632146835
32 3.751206450164318
33 3.0454590916633606
34 2.999012626707554
35 2.266361713409424
36 3.630741350352764
37 2.277344509959221
38 2.223035417497158
39 2.6441067680716515
40 2.987835079431534
41 3.6161009296774864
42 3.8721790239214897
43 3.7245840802788734
44 3.2321577966213226
45 2.9190212190151215
46 2.821661189198494
47 2.8768599331378937
48 2.94148688018322
49 2.8891165778040886
50 2.993059515953064
51 3.267007887363434
52 3.7293191626667976
53 4.551218956708908
54 5.6536605805158615
55 7.354447051882744
56 10.219598092138767
57 14.219205342233181
58 18.62649641185999
59 22.68115595728159
60 25.943894803524017
61 27.747557274997234
62 27.673658423125744
63 27.85299200564623
64 29.983505725860596
65 32.73188625276089
66 36.94732716679573
67 38.93520039319992
68 38.48065982758999
69 39.73785085231066
70 41.83196444064379
71 39.727593787014484
72 36.59335780888796
73 35.9852287247777
74 33.77012288942933
75 35.59193464368582
76 35.167944341897964
77 34.221064791083336
78 33.049068324267864
79 33.46986612677574
80 34.24342956393957
81 32.223939806222916
82 28.21548379957676
83 28.625783629715443
84 26.08968895673752
85 25.94253744930029
86 25.521465957164764
87 25.433897845447063
88 24.603068061172962
89 25.51450727134943
90 23.941213130950928
91 22.196747720241547
92 21.88110363483429
93 21.240033864974976
94 20.247799519449472
95 19.272888906300068
96 19.17047292739153
97 19.744011256843805
98 20.387462481856346
99 21.629654303193092
100 23.764307156205177
101 25.22246754541993
102 25.216218054294586
103 25.557741925120354
104 26.134465783834457
105 25.64829819649458
106 24.78427502885461
107 24.158427476882935
108 23.630389720201492
109 23.49228697642684
110 23.938773170113564
111 24.86214777454734
112 26.347162015736103
113 27.794395800679922
114 28.57756768167019
115 29.363926135003567
116 29.84281798824668
117 29.702011480927467
118 29.76489009708166
119 29.688985493034124
120 29.86628521233797
121 30.195820726454258
122 30.546200089156628
123 31.55893501639366
124 32.06163411587477
125 33.429850060492754
126 34.662345591932535
127 36.05010214447975
128 36.91775410249829
129 37.760452799499035
130 38.24860892444849
131 38.50792866200209
132 39.528440438210964
133 39.9481932669878
134 41.68819058313966
135 41.68782191351056
136 44.147272400557995
137 41.057223446667194
138 41.92853514663875
139 38.095927972346544
140 36.702869173139334
141 38.64916800707579
142 39.13454404473305
143 38.10889199376106
144 34.39659260585904
145 32.37926852889359
146 32.69853314012289
147 31.04194400086999
148 28.292499374598265
149 28.881190586835146
150 31.43299239501357
151 30.431674987077713
152 27.62567786872387
153 28.339230313897133
154 31.27572187781334
155 30.787301376461983
156 28.906567784026265
157 29.196575643494725
158 33.02956643141806
159 35.430867882445455
160 33.98703472688794
161 34.70634977892041
162 37.84347300231457
163 40.03084738738835
164 38.30485110916197
165 38.20332126505673
166 40.551653603091836
167 42.46084540709853
168 42.4033618606627
169 42.82433049753308
170 43.916797503829
171 44.29368149116635
172 44.106335644610226
173 44.90954607445747
174 46.450219688005745
175 47.109090878628194
176 46.95719792600721
177 47.343934818170965
178 48.15964917372912
179 48.53149761073291
180 48.69954823330045
181 49.14416548516601
182 49.72617412824184
183 50.43736836127937
184 51.395276888273656
185 52.31418410502374
186 53.01556094177067
187 53.56829555518925
188 53.8001498086378
189 53.819716040976346
190 53.92516604438424
191 54.224347052164376
192 54.3029372850433
193 54.13668423425406
194 54.09749741386622
195 54.06078008003533
196 53.643468654714525
197 53.16383060440421
198 52.98316659312695
199 52.78161939512938
200 52.4023710610345
201 52.08169673383236
202 51.83497282024473
203 51.5716313207522
204 51.267978553660214
205 50.915448155254126
206 50.590957602486014
207 50.300557426176965
208 49.91411509923637
209 49.55084205325693
210 49.27478015702218
211 48.812096264213324
212 48.33338718209416
213 48.179561094380915
214 48.067504769191146
215 47.8246981408447
216 47.67394029954448
217 47.561946771107614
218 47.42437374452129
219 47.333667090628296
220 47.218657315243036
221 47.076723964419216
222 46.90495478315279
223 46.7212339467369
224 46.628103125840425
225 46.46449838159606
226 46.23253601556644
227 46.1624315707013
228 46.10354141658172
229 45.99988640425727
230 45.97346482379362
231 45.91374810319394
232 45.82835647556931
233 45.76661238912493
234 45.70100796362385
235 45.6306914947927
236 45.53539384063333
237 45.483712621964514
238 45.42586936755106
239 45.31945735542104
240 45.282952554989606
241 45.24569987412542
242 45.177809504792094
243 45.13947366597131
244 45.101376038976014
245 45.06683212192729
246 45.04721079207957
247 45.039737317245454
248 45.01217276323587
249 45.00122317112982
250 45.014459582045674
251 44.98865663167089
252 44.95751768164337
253 44.94568837992847
254 44.935324157588184
255 44.938839396461844
256 44.95554751390591
257 44.958478479180485
258 44.98095684265718
259 45.01709983078763
260 45.04740415420383
261 45.07430437486619
262 45.126620781607926
263 45.160344609990716
264 45.212159764021635
265 45.251427156385034
266 45.30514302710071
267 45.34547351486981
268 45.424134196247905
269 45.44646401563659
270 45.54679063940421
271 45.55058969091624
272 45.69491253467277
273 45.625507968943566
274 45.894155111629516
275 45.6223377333954
276 46.169891639612615
277 45.40130241494626
278 46.383729056920856
279 44.89427346875891
280 44.95224184310064
281 43.85340519808233
282 42.5109717072919
283 44.20901362458244
284 45.19037014152855
285 42.249656905420125
286 42.06865519983694
287 43.77891142247245
288 40.58623460866511
289 41.149504135362804
290 46.036861123051494
291 45.51978667313233
292 43.77933812094852
293 44.74358103238046
294 44.37709062406793
295 43.429637861438096
296 44.066859697923064
297 45.8507860256359
298 47.30182851338759
299 47.42266010027379
300 47.497947631403804
301 47.2884050256107
302 46.46968748699874
303 45.854093368630856
304 45.379809841513634
305 45.728779814206064
306 46.00974665908143
307 45.5281026144512
308 45.43988740933128
309 45.62256357399747
310 45.44940130831674
311 45.04549767379649
312 44.858354611787945
313 44.819162734318525
314 44.75468052481301
315 44.89933226513676
316 45.22479048301466
317 45.522120498120785
318 45.68321988731623
319 46.138751194346696
320 46.72178453323431
321 46.180977119132876
322 45.56838034745306
323 45.8581034722738
324 45.776187155395746
325 45.5357559081167
326 46.206356486771256
327 46.62484647799283
328 46.77072896203026
329 47.50529941963032
330 47.69684766698629
331 47.62012751027942
332 48.025964620988816
333 47.96086852718145
334 47.80679837940261
335 47.884119464084506
336 47.76451942091808
337 48.07637608144432
338 48.314555124845356
339 48.217325553298
340 48.66930635692552
341 48.75429193722084
342 48.60460808780044
343 49.032594732474536
344 49.02031789487228
345 49.10441748984158
346 49.545359280426055
347 49.37817434873432
348 49.53126864787191
349 49.87515358440578
350 49.93831461435184
351 50.31904054712504
352 50.46894353674725
353 50.58786848420277
354 50.666591139975935
355 50.429072711616755
356 50.59013108862564
357 50.622223840560764
358 50.717096857726574
359 50.98783300956711
360 50.844670886173844
361 51.03571877302602
362 51.091653891373426
363 51.01258284971118
364 51.20629799226299
365 51.17571457987651
366 51.32074894942343
367 51.33639705879614
368 51.389822422061116
369 51.563908888958395
370 51.61836775671691
371 51.87146572303027
372 51.87142331060022
373 52.028668782673776
374 52.10665387660265
375 52.09336444037035
376 52.2723107021302
377 52.27803821442649
378 52.433535371441394
379 52.39409955916926
380 52.42623793100938
381 52.380423062015325
382 52.38743831217289
383 52.419566633645445
384 52.392989160027355
385 52.494797034189105
386 52.408341275993735
387 52.50034995796159
388 52.44558346038684
389 52.55114005226642
390 52.500474881380796
391 52.59141545044258
392 52.51945660402998
393 52.61643094662577
394 52.534881642553955
395 52.63498228462413
396 52.56961419666186
397 52.69385333079845
398 52.567810480017215
399 52.747241243720055
400 52.54043197538704
401 52.85296421032399
402 52.48707559052855
403 53.03011775156483
404 52.31968792248517
405 53.33871734980494
406 51.86091576144099
407 53.96913283225149
408 50.8264901782386
409 55.22430995199829
410 48.52494635153562
411 56.71687983069569
412 44.90315119782463
413 53.35700119799003
414 44.7672732854262
415 45.845189024694264
416 50.869606741238385
417 45.814785464666784
418 43.97598298592493
419 46.70681697456166
420 45.84375285776332
421 43.753500293940306
422 49.00807911064476
423 53.53605196950957
424 49.575830542016774
425 50.28405355243012
426 52.69425786519423
427 50.1918151313439
428 50.93189367931336
429 54.309456220828
430 52.49653870332986
431 49.61105206934735
432 50.39004402095452
433 49.76894600968808
434 46.8103151768446
435 46.84721862152219
436 48.44045168347657
437 47.58534516580403
438 46.50059386063367
439 47.913535497151315
440 47.88756999303587
441 46.06914013903588
442 47.269132452551275
443 47.68218746781349
444 45.55830224882811
445 46.81639857823029
446 48.75406648265198
447 46.785493400879204
448 47.36870473995805
449 49.47036686306819
450 47.734138598199934
451 47.56792762409896
452 49.07266445225105
453 48.56667706044391
454 49.02394872205332
455 50.38698174385354
456 49.95339195849374
457 50.09262219723314
458 51.031618589069694
459 51.06702593108639
460 50.88647765573114
461 51.07701418315992
462 51.45948776323348
463 50.87052856339142
464 50.42536813998595
465 51.166070942766964
466 50.83762454194948
467 50.72793054347858
468 51.51455535553396
469 50.64742486132309
470 50.78079146705568
471 51.64647048106417
472 50.74486344261095
473 51.284764603711665
474 51.87118537770584
475 50.991577722132206
476 51.38194861775264
477 51.42590212635696
478 51.24470112659037
479 51.82467031991109
480 51.65781625499949
481 51.563785997685045
482 51.639395982958376
483 51.559801287949085
484 51.49423712911084
485 51.66848996980116
486 52.12107690004632
487 51.916806211695075
488 52.11492302687839
489 52.24969625705853
490 51.97102088667452
491 52.40839152177796
492 52.190910724923015
493 52.27729571191594
494 52.638664540834725
495 52.335783265996724
496 52.620187119115144
497 52.64370476221666
498 52.58986926544458
499 52.65245374897495
500 52.55713822320104
501 52.60385062079877
502 52.6443028235808
503 52.74507541116327
504 52.69503659196198
505 52.92720522033051
506 52.83128310460597
507 52.857934621628374
508 53.01002582348883
509 52.880674983840436
510 53.09778239624575
511 52.9704863158986
512 53.090332911815494
513 53.141564446967095
514 53.16789931664243
515 53.25414561992511
516 53.35078357812017
517 53.3804016020149
518 53.45184471691027
519 53.53038577269763
520 53.52845219196752
521 53.689723196439445
522 53.590347439982
523 53.8020626436919
524 53.741065782960504
525 53.92576909577474
526 53.89791597798467
527 54.10156238358468
528 53.991211503744125
529 54.2688074586913
530 54.02269107894972
531 54.491471206303686
532 54.05242527835071
533 54.75116257928312
534 53.9963505375199
535 55.131246590055525
536 53.709420090541244
537 55.78551437659189
538 52.94305486837402
539 56.92129497136921
540 51.051994057837874
541 58.53420077916235
542 47.12441886076704
543 58.51649635285139
544 42.546639864798635
545 50.57736074225977
546 46.216053762473166
547 44.230959763750434
548 49.3059927392751
549 44.902974689844996
550 42.42070293938741
551 46.8364069070667
552 45.817374856676906
553 43.87571286316961
554 50.941848509944975
555 49.8200212623924
556 44.09862165432423
557 48.35212632641196
558 49.682195278350264
559 45.57175198523328
560 48.97303383331746
561 49.12278629420325
562 44.23493291577324
563 45.102377952076495
564 45.791197321377695
565 42.60168783413246
566 44.08270925236866
567 47.451997101306915
568 45.507332529406995
569 45.466423077043146
570 48.713976508472115
571 47.85384372994304
572 46.325348439160734
573 48.73626014171168
574 48.05624955194071
575 46.258469798602164
576 49.291812100447714
577 49.29954340169206
578 46.65461482107639
579 49.73222706047818
580 49.75795932067558
581 46.94960020761937
582 49.93164160847664
583 50.58203767519444
584 48.44426484871656
585 51.16718236776069
586 50.43154256977141
587 48.65129821142182
588 51.80625108908862
589 50.735264943912625
590 49.40289546363056
591 52.08420071704313
592 50.61542598484084
593 49.7652482832782
594 51.80219162115827
595 50.9638246987015
596 51.33191629080102
597 52.459343703463674
598 51.40894869575277
599 51.847443270962685
600 52.4768788497895
601 52.214073112700135
602 52.5706529552117
603 53.009574660565704
604 52.99484797427431
605 52.638003344647586
606 53.17350894585252
607 53.16658611828461
608 52.88547150744125
609 53.61914866184816
610 52.82836000341922
611 53.02273947931826
612 53.77621603058651
613 52.89127498725429
614 53.82641893159598
615 53.82945716427639
616 53.251105630770326
617 54.12742242915556
618 53.44870950561017
619 53.8263998888433
620 54.32992837391794
621 53.7918822853826
622 54.51475712982938
623 54.469497866462916
624 54.51623079087585
625 54.89547130651772
626 54.76608033943921
627 55.02218823321164
628 55.13394821016118
629 55.2211630968377
630 55.4287400287576
631 55.77995409723371
632 55.738789673894644
633 55.97131684841588
634 56.168197757564485
635 56.07836407329887
636 56.49796539824456
637 56.26467680698261
638 56.59285148838535
639 56.6621901053004
640 56.58301667030901
641 57.00764941517264
642 56.833944151643664
643 57.13649534853175
644 57.07558041391894
645 57.19338721642271
646 57.36582232173532
647 57.40502527169883
648 57.57412571832538
649 57.711216039955616
650 57.77899294812232
651 57.90264352597296
652 58.03058879356831
653 58.08682488417253
654 58.3221670682542
655 58.228788361884654
656 58.561556447762996
657 58.44537444924936
658 58.736141400411725
659 58.66160519840196
660 58.89135677088052
661 58.82449897425249
662 59.05075859511271
663 58.94227216113359
664 59.31124657019973
665 59.012287764344364
666 59.57875660294667
667 58.998396531213075
668 59.89399283519015
669 58.867290574125946
670 60.329141431022435
671 58.48875241074711
672 61.00282229157165
673 57.472643786109984
674 62.011604906991124
675 55.052614947315305
676 62.82857811078429
677 50.180054414551705
678 60.148814065381885
679 45.77237441157922
680 50.64868499338627
681 51.173540274612606
682 45.8616450028494
683 49.94870239077136
684 46.73046013712883
685 43.26273885322735
686 49.481247349176556
687 47.50165243074298
688 45.22716628201306
689 52.87497631739825
690 45.69470608467236
691 41.27489955350757
692 47.0682111736387
693 44.82926641497761
694 42.66723822103813
695 46.95974555425346
696 44.69598558777943
697 43.55369636928663
698 46.5588062745519
699 44.32876358786598
700 44.13637312874198
701 48.786163171287626
702 48.5326468446292
703 47.31455732230097
704 50.38742734445259
705 51.27877850458026
706 49.33235059166327
707 50.536870368756354
708 51.397833618335426
709 50.195922979619354
710 51.35791438538581
711 51.84339260170236
712 49.43938760785386
713 50.61029335204512
714 52.34259332483634
715 50.29898916883394
716 51.29798930604011
717 52.74961660988629
718 50.53008633013815
719 51.11893012654036
720 51.401480292435735
721 50.20175234461203
722 52.35584897175431
723 52.42238260060549
724 51.08931807195768
725 53.20737193385139
726 52.982334803789854
727 52.33264548378065
728 54.168067118152976
729 53.69396565761417
730 53.67642556130886
731 54.600811997428536
732 53.883430663030595
733 54.54732764791697
734 55.57545905420557
735 55.239527102559805
736 55.31116647971794
737 55.56959902960807
738 55.3414322133176
739 55.193784741684794
740 55.41855752421543
741 55.217836142517626
742 55.351809239480644
743 55.494553146883845
744 54.95379126397893
745 55.6085872114636
746 55.64784685149789
747 55.18364030169323
748 55.86479504685849
749 55.571382315829396
750 55.90740287536755
751 56.473101324401796
752 56.18087094463408
753 56.96783078229055
754 56.99205307243392
755 56.92738234065473
756 57.474221277050674
757 57.37837366387248
758 57.68419460346922
759 57.787362506147474
760 57.83450416242704
761 58.20594324497506
762 58.22898347862065
763 58.29250747291371
764 58.530428086873144
765 58.5549316261895
766 58.59785718237981
767 58.77796601783484
768 58.67158761899918
769 58.85622814390808
770 58.796938413288444
771 58.80485900910571
772 59.1186099643819
773 59.01618218328804
774 59.25943090347573
775 59.23861709469929
776 59.34547685738653
777 59.495531901717186
778 59.47657532664016
779 59.729252006392926
780 59.74308537365869
781 59.82625958323479
782 59.922787201125175
783 59.98383883247152
784 60.089787419419736
785 60.153047882486135
786 60.16202126117423
787 60.31964913615957
788 60.26488714572042
789 60.42636150540784
790 60.41049496969208
791 60.526090597733855
792 60.529655187856406
793 60.577332044485956
794 60.644053999334574
795 60.677014155779034
796 60.689473355188966
797 60.778972879983485
798 60.74018598627299
799 60.90824271924794
800 60.79435235820711
801 61.048937384504825
802 60.837766378652304
803 61.15866299811751
804 60.79277189122513
805 61.305537132080644
806 60.636445458978415
807 61.514312360435724
808 60.18759766500443
809 61.7772388109006
810 58.94150240859017
811 61.632544996682554
812 56.01844319002703
813 59.99938767030835
814 53.12888750853017
815 56.816100768744946
816 56.817847416736186
817 55.07911925250664
818 56.26618441473693
819 51.63624909333885
820 51.08323402283713
821 54.07146929902956
822 53.72866599308327
823 53.014362286776304
824 53.406009774655104
825 49.022694213781506
826 46.26474305707961
827 48.73236364405602
828 48.0630113244988
829 48.09964282158762
830 50.846055132802576
831 49.90715517429635
832 48.74322637543082
833 51.41181922983378
834 51.52631672658026
835 52.36691323108971
836 56.95445087272674
837 56.51192718092352
838 56.075821394100785
839 59.18470703391358
840 56.93204539641738
841 56.75213861418888
842 59.60809112014249
843 58.375845223199576
844 59.02657105913386
845 60.34634382231161
846 58.33918845746666
847 59.51515149232
848 60.550803191028535
849 59.33006375236437
850 60.58615073747933
851 59.549325364176184
852 57.72010885365307
853 58.613511350005865
854 57.849571369588375
855 58.4808031283319
856 60.05103693716228
857 58.279975404497236
858 58.68817523121834
859 59.1594673958607
860 58.10894198901951
861 59.83309498755261
862 59.64897504635155
863 59.06377632636577
864 60.01499816868454
865 58.81024620402604
866 59.53374181408435
867 60.68552230577916
868 60.116635833866894
869 61.149797956459224
870 60.73975166399032
871 60.21742661902681
872 60.54673921642825
873 59.842721487395465
874 60.22893650922924
875 60.26107922429219
876 60.05917789647356
877 60.470723044127226
878 60.41104109864682
879 60.750779727008194
880 60.707426133565605
881 60.93383028963581
882 61.354317439720035
883 61.35110825067386
884 61.82155534764752
885 61.707824611570686
886 61.93675124272704
887 62.142494501546025
888 61.99672496365383
889 62.459491779096425
890 62.31381123000756
891 62.49952001031488
892 62.65343089494854
893 62.57899568974972
894 62.78789106057957
895 62.53744880063459
896 62.65688052261248
897 62.61245136614889
898 62.654148269910365
899 62.70629307581112
900 62.65585306379944
901 62.805283775087446
902 62.66029926063493
903 62.926131853833795
904 62.90517217107117
905 63.07154387142509
906 63.06420049769804
907 62.90712416032329
908 63.065040739718825
909 62.86749111395329
910 63.14671848202124
911 63.06423960486427
912 63.19904206413776
913 63.18494595820084
914 63.13696796866134
915 63.23390178568661
916 63.07566736685112
917 63.171487253624946
918 62.99001152673736
919 63.114346761256456
920 62.95383212249726
921 63.05776406079531
922 62.95225915405899
923 62.993735613301396
924 62.92403198592365
925 62.87394417217001
926 62.880327246617526
927 62.7765511428006
928 62.826612930744886
929 62.71011496614665
930 62.76577784353867
931 62.63665203936398
932 62.66947924718261
933 62.542165806051344
934 62.573510077781975
935 62.43719322048128
936 62.503113149665296
937 62.33557400526479
938 62.4424858558923
939 62.22324119042605
940 62.431428912095726
941 62.10145560884848
942 62.43895669421181
943 61.87835251679644
944 62.509614502545446
945 61.53446413902566
946 62.76069188816473
947 60.95198468398303
948 63.34007754828781
949 59.81668185023591
950 64.53376583429053
951 57.52662225579843
952 66.69881557906047
953 53.080182471778244
954 68.64433020958677
955 47.01895430870354
956 62.00563994795084
957 44.26794580556452
958 48.829896396026015
959 46.20245365751907
960 48.65765894111246
961 46.2815821217373
962 46.12300226930529
963 49.704160739667714
964 46.715611836407334
965 44.75224402267486
966 46.47248173691332
967 41.80392214702442
968 42.53479891223833
969 46.347535700537264
970 45.38822070322931
971 47.71883632754907
972 50.878729278221726
973 50.5309848790057
974 51.413705012295395
975 53.94941241526976
976 53.876021021511406
977 52.94095597136766
978 52.83857311448082
979 51.8555339272134
980 50.940840628463775
981 51.6131595345214
982 51.17589966021478
983 49.33204813487828
984 50.19246166292578
985 50.954584828112274
986 49.961397423408926
987 50.55736241582781
988 51.4691183376126
989 50.82913625240326
990 51.15426366915926
991 52.01807133713737
992 51.70918819727376
993 52.54139999067411
994 53.18729430483654
995 52.672254622448236
996 52.9757997575216
997 53.47717014979571
998 53.64618171798065
999 53.732633903156966
1000 53.789016861934215
1001 53.8828392601572
1002 54.10290570091456
1003 54.12799197109416
1004 53.55463835829869
1005 53.328177198302
1006 53.112042444292456
1007 52.74069323390722
1008 52.84284142591059
1009 52.73687579063699
1010 52.8733218270354
1011 52.90675806486979
1012 52.48656375519931
1013 52.52752306358889
1014 52.70907980436459
1015 52.804048533085734
1016 52.85052943974733
1017 52.8317635958083
1018 52.84849167428911
1019 53.16170525876805
1020 53.30725599033758
1021 53.244822475127876
1022 53.5404146569781
1023 53.5621600151062
1024 53.62094221543521
1025 53.75029023876414
1026 53.76986127020791
1027 53.954599138814956
1028 54.05460812849924
1029 54.03004422131926
1030 54.17962191905826
1031 54.47222249209881
1032 54.49749139556661
1033 54.61122282873839
1034 54.54956901539117
1035 54.61183950304985
1036 54.682867870200425
1037 54.64693122729659
1038 54.63311956636608
1039 54.764927837997675
1040 54.831168313045055
1041 54.934030345175415
1042 55.00697394926101
1043 55.07219050405547
1044 55.15418259380385
1045 55.125443761236966
1046 55.130608605686575
1047 55.16468844283372
1048 55.22477229684591
1049 55.20987501274794
1050 55.254766962025315
1051 55.27550140302628
1052 55.43381760874763
1053 55.39667578646913
1054 55.551004546228796
1055 55.43245027307421
1056 55.711779550649226
1057 55.44776001898572
1058 55.88451992860064
1059 55.322213327977806
1060 56.19708644039929
1061 54.97945646941662
1062 56.63258554134518
1063 54.31976121477783
1064 56.8367418916896
1065 53.904523130040616
1066 55.981752439402044
1067 56.25420404365286
1068 57.84918748680502
1069 58.90390854747966
1070 54.251170951873064
1071 52.73258313909173
1072 52.576324610970914
1073 51.603844347875565
1074 52.530065789818764
1075 52.32811744976789
1076 49.845525946933776
1077 48.96277894778177
1078 48.4115034150891
1079 48.02430095616728
1080 47.85407384671271
1081 49.564108026213944
1082 52.805590712465346
1083 51.38858970114961
1084 50.208025211934
1085 54.01059253513813
1086 55.390903163235635
1087 55.54353291308507
1088 59.36253695655614
1089 60.434692240320146
1090 57.437777338549495
1091 58.04045123932883
1092 59.171902026515454
1093 56.97383332718164
1094 57.76508497260511
1095 60.55084363743663
1096 59.50961817195639
1097 58.32689363928512
1098 58.59612060897052
1099 57.90323930187151
1100 57.07374361762777
1101 57.55557421874255
1102 57.90820135502145
1103 56.41595425782725
1104 55.747551650274545
1105 56.757572629489005
1106 56.54402454569936
1107 56.29105648910627
1108 56.91792754456401
1109 56.19371601147577
1110 55.82168852025643
1111 56.6325735966675
1112 56.46588902641088
1113 56.32269869977608
1114 57.19213801436126
1115 57.34885507961735
1116 56.75104800192639
1117 56.80828524613753
1118 57.33418969763443
1119 57.423098186030984
1120 57.365356392692775
1121 57.2858770173043
1122 56.76759119192138
1123 56.800605515018106
1124 57.23295172769576
1125 57.036031163297594
1126 57.21282398235053
1127 57.77380877174437
1128 57.69138447055593
1129 57.5283663966693
1130 57.508958051446825
1131 57.502682810183614
1132 57.56226769043133
1133 57.605882056523114
1134 57.520895313471556
1135 57.27525737462565
1136 57.304061921779066
1137 57.21427690284327
1138 56.92608385859057
1139 57.06614743452519
1140 57.04104449041188
1141 56.913230310194194
1142 56.94597232853994
1143 56.81211162544787
1144 56.77498460188508
1145 56.780794374179095
1146 56.71039336035028
1147 56.55816470645368
1148 56.50762641290203
1149 56.5425990880467
1150 56.44490644382313
1151 56.49714675825089
1152 56.39691694267094
1153 56.254126517567784
1154 56.30576456151903
1155 56.20532809011638
1156 56.14883574238047
1157 56.094711462035775
1158 56.005719957407564
1159 55.914092326536775
1160 55.84406454442069
1161 55.807341646403074
1162 55.764770213048905
1163 55.80729560228065
1164 55.689478216692805
1165 55.6073989206925
1166 55.57395515218377
1167 55.47321031661704
1168 55.4150902684778
1169 55.30882402462885
1170 55.242557818535715
1171 55.16012448212132
1172 55.078949944116175
1173 54.94847523979843
1174 54.87640130193904
1175 54.81642417283729
1176 54.705045595765114
1177 54.63722937647253
1178 54.534417561255395
1179 54.475944268051535
1180 54.389512973837554
1181 54.31970763532445
1182 54.2314308732748
1183 54.17940901918337
1184 54.09404972847551
1185 54.02352250320837
1186 53.9717305325903
1187 53.90518223773688
1188 53.84649357618764
1189 53.7683674977161
1190 53.708410321734846
1191 53.645411586388946
1192 53.606961980462074
1193 53.52418408310041
1194 53.476497024763376
1195 53.382850661408156
1196 53.33157629752532
1197 53.246322934515774
1198 53.20918344799429
1199 53.1177457976155
1200 53.10116783808917
1201 52.989239684306085
1202 52.983968081884086
1203 52.85120874969289
1204 52.87393332924694
1205 52.706243814434856
1206 52.783942731563
1207 52.54018807923421
1208 52.72473086742684
1209 52.34436355391517
1210 52.706093466840684
1211 52.07532211113721
1212 52.792114387732
1213 51.690352574922144
1214 53.0843887841329
1215 51.12415740941651
1216 53.71989778522402
1217 50.57021841080859
1218 54.5257956343703
1219 51.20533431950025
1220 54.718388648703694
1221 54.47712921537459
1222 54.893419458996505
1223 55.544255102518946
1224 51.40900965034962
1225 49.94635257963091
1226 50.01253355713561
1227 50.065337147098035
1228 51.62101508351043
1229 49.813017409760505
1230 48.4306530514732
1231 49.386911316774786
1232 48.03729692939669
1233 47.84714439464733
1234 49.78845736710355
1235 50.49779142346233
1236 51.35295864799991
1237 50.88750177389011
1238 51.00423194654286
1239 52.83170196134597
1240 53.86014142865315
1241 53.79757979558781
1242 53.081874820403755
1243 52.30898438952863
1244 52.311616347171366
1245 51.70096062636003
1246 51.483897670172155
1247 52.76374899642542
1248 53.146640818566084
1249 53.13453901279718
1250 53.48424136871472
1251 52.392660511890426
1252 52.332996448967606
1253 53.40656370157376
1254 52.88984551653266
1255 53.15866760909557
1256 53.180964110651985
1257 52.56631393940188
1258 53.788768478203565
1259 54.19094182457775
1260 53.76056319242343
1261 54.06669535115361
1262 53.55340403388254
1263 53.6518322955817
1264 54.09205729234964
1265 53.72408028785139
1266 54.142614991171286
1267 54.32700007921085
1268 53.809594289865345
1269 53.720244247233495
1270 53.74954129010439
1271 53.96169636165723
1272 53.85888975323178
1273 53.362019575666636
1274 53.28474004450254
1275 53.38218497950584
1276 53.52129493094981
1277 53.4744843065273
1278 53.558627614052966
1279 53.84327854891308
1280 53.53727997839451
1281 53.31865807343274
1282 53.13673102809116
1283 53.024670287268236
1284 53.19390371674672
1285 52.862540842732415
1286 52.79538716026582
1287 52.7719877155032
1288 52.532982253003865
1289 52.64243538817391
1290 52.5164671423845
1291 52.567071893718094
1292 52.561635966878384
1293 52.3617048363667
1294 52.38717689807527
1295 52.21193526638672
1296 52.139735981822014
1297 52.00021875137463
1298 51.86117112496868
1299 51.82731123245321
1300 51.74971137405373
1301 51.80577729851939
1302 51.672573240008205
1303 51.58170413970947
1304 51.44658389990218
1305 51.368429749272764
1306 51.343392324401066
1307 51.1694779205136
1308 51.158573925029486
1309 51.04426112235524
1310 51.01154441665858
1311 50.93683417676948
1312 50.88216178352013
1313 50.8942782569211
1314 50.748712403699756
1315 50.65348416171037
1316 50.495226295432076
1317 50.44738790462725
1318 50.339606661582366
1319 50.26692620315589
1320 50.205770356580615
1321 50.120180459693074
1322 50.03295037872158
1323 49.89087215717882
1324 49.84926912863739
1325 49.75400147703476
1326 49.718432830646634
1327 49.618148430716246
1328 49.58374087163247
1329 49.4963329937309
1330 49.431142137618735
1331 49.337103724479675
1332 49.260393677512184
1333 49.18390850815922
1334 49.103272488573566
1335 49.05440784059465
1336 48.977970445062965
1337 48.93388727866113
1338 48.84602117049508
1339 48.80395601480268
1340 48.713852307759225
1341 48.68200107710436
1342 48.58205989212729
1343 48.55047772079706
1344 48.42132591479458
1345 48.41396898170933
1346 48.2800493882969
1347 48.30682623758912
1348 48.13628564425744
1349 48.207030890043825
1350 47.977614937582985
1351 48.11947861756198
1352 47.78004885884002
1353 48.07911258819513
1354 47.54949304787442
1355 48.1233291500248
1356 47.23394919233397
1357 48.34039692860097
1358 46.792480477830395
1359 48.897848441731185
1360 46.248530597426
1361 50.098211074247956
1362 46.12777784001082
1363 51.622603103518486
1364 48.09267242648639
1365 51.50430283881724
1366 52.31839607702568
1367 49.91339121200144
1368 51.72580415895209
1369 47.39129509776831
1370 46.34607297228649
1371 48.34846603823826
1372 46.883592607686296
1373 48.882369686383754
1374 47.803516736254096
1375 45.14197398349643
1376 47.219650086946785
1377 47.23313588369638
1378 46.58031165227294
1379 49.000452630920336
1380 50.88778691412881
1381 50.83893921459094
1382 50.183815266471356
1383 50.98306937189773
1384 51.48269658628851
1385 50.962790961842984
1386 49.75206331210211
1387 48.200862982310355
1388 48.7368660022039
1389 49.11043309094384
1390 47.62841663346626
1391 48.40246186684817
1392 49.59020113083534
1393 48.224918101448566
1394 48.35966167994775
1395 48.038351976079866
1396 47.27678396878764
1397 48.529959477251396
1398 48.128496278077364
1399 48.33795084967278
1400 49.321514340117574
1401 48.38582264515571
1402 49.44458554103039
1403 49.99518628488295
1404 49.12317854142748
1405 49.646261180518195
1406 49.0078708846122
1407 49.330776227172464
1408 50.06849920959212
1409 49.428029507398605
1410 50.33618315658532
1411 50.21031252294779
1412 49.69100303645246
1413 50.192587725352496
1414 49.68199878698215
1415 50.06628157035448
1416 49.729654303053394
1417 49.00210101623088
1418 49.73145362385549
1419 49.39195402828045
1420 49.45878395321779
1421 49.49875235627405
1422 49.0310260145925
1423 49.41382727958262
1424 48.718433546833694
1425 48.552035414846614
1426 48.788127542007715
1427 48.44788872101344
1428 48.71704603661783
1429 48.417215563356876
1430 48.461755379103124
1431 48.59603942721151
1432 48.337683860678226
1433 48.545262968633324
1434 48.386902290862054
1435 48.28405958134681
1436 48.16410070378333
1437 47.994169439189136
1438 47.958350787637755
1439 47.820563855580986
1440 47.735526334960014
1441 47.669144375482574
1442 47.70162214129232
1443 47.62149669858627
1444 47.67173689883202
1445 47.497787962900475
1446 47.38140849559568
1447 47.38098587887362
1448 47.26276651560329
1449 47.37109933537431
1450 47.149150610901415
1451 47.21072711143643
1452 47.126111884601414
1453 47.02897116239183
1454 47.0494934625458
1455 46.889171914197505
1456 46.95699378242716
1457 46.71096833888441
1458 46.706516495207325
1459 46.59578713704832
1460 46.5586472384166
1461 46.49974801321514
1462 46.39944343781099
1463 46.392977294977754
1464 46.22972384095192
1465 46.1991223518271
1466 46.085782694863155
1467 46.09888311335817
1468 45.99399562436156
1469 45.96362339658663
1470 45.869295965880156
1471 45.82828483474441
1472 45.694458418525755
1473 45.64807935291901
1474 45.51391855929978
1475 45.50907657830976
1476 45.39118790929206
1477 45.412922172574326
1478 45.29496246622875
1479 45.28941514715552
1480 45.17499357741326
1481 45.16113203228451
1482 45.05308602540754
1483 45.0384454599116
1484 44.91757235513069
1485 44.92128906492144
1486 44.76602637814358
1487 44.8365094398614
1488 44.62030484271236
1489 44.7705521134194
1490 44.4344837248791
1491 44.74491596897133
1492 44.20743070519529
1493 44.79276583483443
1494 43.896694543072954
1495 45.02148534101434
1496 43.441880736500025
1497 45.598082264419645
1498 42.7871968888212
1499 46.94548900844529
1500 42.13477453542873
1501 49.580652421340346
1502 42.935387623962015
1503 51.81796248815954
1504 48.58171058027074
1505 47.89942160388455
1506 54.3030511084944
1507 43.1001681573689
1508 48.96387584786862
1509 45.10925146145746
1510 42.02138423919678
1511 49.64919773675501
1512 43.95976360142231
1513 44.39887032471597
1514 45.94190995628014
1515 40.8765624104999
1516 43.495824300684035
1517 45.05372527684085
1518 44.171036625280976
1519 46.67436315258965
1520 48.998758817324415
1521 48.22244228143245
1522 47.36847488186322
1523 47.33516187523492
1524 47.1480502653867
1525 43.92567009013146
1526 42.65260010608472
1527 44.19189510215074
1528 44.68255459074862
1529 44.39067827211693
1530 43.77739586075768
1531 44.036501842783764
1532 44.737507809186354
1533 42.99656979460269
1534 42.54969380609691
1535 42.976877136854455
1536 42.68168201111257
1537 43.616655812598765
1538 43.92376726632938
1539 44.602796031627804
1540 45.93310653558001
1541 45.01750518940389
1542 44.911115045892075
1543 45.418973171850666
1544 44.927345044212416
1545 44.94188309577294
1546 44.663717741146684
1547 45.04174403240904
1548 45.96626954060048
1549 45.673994953976944
1550 45.489878543885425
1551 45.52785179717466
1552 45.60832963488065
1553 45.34510833234526
1554 44.85177953238599
1555 45.173862998140976
1556 45.199071664130315
1557 45.234916617395356
1558 45.34219455369748
1559 45.15025296341628
1560 45.28442841907963
1561 44.701673505827785
1562 44.42500561173074
1563 44.68919755727984
1564 44.408805368468165
1565 44.433052289066836
1566 44.36929083359428
1567 44.46312119578943
1568 44.58572583622299
1569 44.2757974464912
1570 44.25939642125741
1571 44.2423177564051
1572 44.2277814920526
1573 44.10429698321968
1574 44.06302645918913
1575 44.049955539405346
1576 43.85812033060938
1577 43.85492638288997
1578 43.732658783206716
1579 43.786584592657164
1580 43.67931746225804
1581 43.56761396024376
1582 43.704361943528056
1583 43.56622080295347
1584 43.54579185554758
1585 43.44779163622297
1586 43.45076458528638
1587 43.452201411360875
1588 43.32270806375891
1589 43.29737452440895
1590 43.239219858078286
1591 43.201192538952455
1592 43.12040170049295
1593 43.15119238058105
1594 43.07293380051851
1595 43.01485645864159
1596 42.91214588470757
1597 42.84956833766773
1598 42.809380639577284
1599 42.651423481991515
1600 42.64979957602918
1601 42.57525902870111
1602 42.545148878125474
1603 42.43640650087036
1604 42.38122499315068
1605 42.32715059746988
1606 42.252743198070675
1607 42.16090191039257
1608 42.11030931584537
1609 42.034036877099425
1610 41.944224507082254
1611 41.88938980642706
1612 41.81678893486969
1613 41.785409077536315
1614 41.67642234545201
1615 41.66781819984317
1616 41.59993763221428
1617 41.571638352936134
1618 41.48289903951809
1619 41.47139867115766
1620 41.39184495154768
1621 41.37521862657741
1622 41.26023238059133
1623 41.28174284938723
1624 41.145587655948475
1625 41.17768639884889
1626 41.01736196340062
1627 41.09580433764495
1628 40.883080658037215
1629 41.01530858571641
1630 40.73050293815322
1631 40.988368773367256
1632 40.53518103994429
1633 41.00310262548737
1634 40.28765019681305
1635 41.13683169800788
1636 39.93725218391046
1637 41.48480827314779
1638 39.48983480408788
1639 42.26865697931498
1640 39.071104924427345
1641 43.663695723284036
1642 39.43677366548218
1643 44.91493868082762
1644 41.69235057965852
1645 43.95317802624777
1646 43.9674182171002
1647 41.05150642199442
1648 43.29791039228439
1649 40.67488449020311
1650 41.79617304261774
1651 42.810871789231896
1652 39.9719772702083
1653 41.290122508769855
1654 40.48835807200521
1655 40.66194135253318
1656 42.70588638051413
1657 42.72783775161952
1658 43.95992673840374
1659 45.47906016395427
1660 45.98426696192473
1661 45.68100836966187
1662 44.52637967094779
1663 44.152786631602794
1664 43.11931727780029
1665 42.22544162673876
1666 42.60159428161569
1667 42.73718541720882
1668 43.779406080488116
1669 43.61395691614598
1670 42.03600387345068
1671 43.1050280535128
1672 42.43791973334737
1673 41.668860854581
1674 42.77850236487575
1675 42.32676658127457
1676 43.96606788854115
1677 44.16107534151524
1678 43.386497230501845
1679 44.95548031339422
1680 43.95229208446108
1681 43.91025643935427
1682 44.38720441330224
1683 43.585035898024216
1684 44.818103841505945
1685 44.18611251725815
1686 44.01389606273733
1687 44.8325090543367
1688 43.81518933176994
1689 44.47004642151296
1690 44.1825587018393
1691 43.92800501640886
1692 44.558778618928045
1693 43.740189152769744
1694 44.23936066729948
1695 44.00038987607695
1696 43.63808210217394
1697 43.94775113998912
1698 43.19518642057665
1699 43.292772952932864
1700 42.93142341822386
1701 42.747806320665404
1702 42.90005541942082
1703 42.520518470788375
1704 42.70569699630141
1705 42.460029122652486
1706 42.346479535568506
1707 42.24342184024863
1708 42.16484011197463
1709 42.20277538243681
1710 41.996658332878724
1711 41.99632721953094
1712 41.870663825655356
1713 41.87264076038264
1714 41.625414066016674
1715 41.65456928149797
1716 41.672682334436104
1717 41.6125477028545
1718 41.67914613848552
1719 41.500871076248586
1720 41.643415450816974
1721 41.33972183172591
1722 41.36239589797333
1723 41.30160666699521
1724 41.2386335094925
1725 41.26954298117198
1726 41.055900927167386
1727 41.211932580918074
1728 40.964592387201265
1729 41.01253844238818
1730 40.8767436419148
1731 40.87010771315545
1732 40.78756181523204
1733 40.63471537688747
1734 40.6525084155146
1735 40.50681988499127
1736 40.5121366661042
1737 40.37192589766346
1738 40.39321251376532
1739 40.272636079927906
1740 40.246233760379255
1741 40.13405823055655
1742 40.128023844445124
1743 39.9950334217865
1744 39.993616360239685
1745 39.85977338650264
1746 39.8686836019624
1747 39.71127144014463
1748 39.716890297597274
1749 39.5947539198678
1750 39.59970847051591
1751 39.49997185356915
1752 39.48578214365989
1753 39.39523961371742
1754 39.36219057790004
1755 39.268541244091466
1756 39.24486203258857
1757 39.133463208097965
1758 39.145958663895726
1759 39.00001694308594
1760 39.06330319494009
1761 38.85317207314074
1762 39.000626968219876
1763 38.68747785454616
1764 38.95976952277124
1765 38.48557967785746
1766 38.98741463874467
1767 38.215165462577716
1768 39.12687668763101
1769 37.82728668907657
1770 39.519348920322955
1771 37.25718622468412
1772 40.43428927892819
1773 36.56713344971649
1774 42.29509367607534
1775 36.39447124674916
1776 44.80751384794712
1777 38.973960243398324
1778 44.00918779755011
1779 44.42646042723209
1780 38.62921972665936
1781 44.614189085084945
1782 38.00672517111525
1783 40.28602546593174
1784 41.54737811116502
1785 37.776219063904136
1786 41.713756947312504
1787 39.470986287109554
1788 37.827825885266066
1789 39.61045789322816
1790 39.134137738030404
1791 41.298808636609465
1792 42.93884389149025
1793 43.68521745176986
1794 44.75794364255853
1795 43.56169868377037
1796 42.06168462568894
1797 40.77084284648299
1798 39.63627824303694
1799 39.274095905944705
1800 38.44411104894243
1801 39.792954720556736
1802 40.71871269424446
1803 39.50144737190567
1804 39.08900644094683
1805 38.88661064649932
1806 39.73574628774077
1807 38.931644750991836
1808 37.891971258912235
1809 39.85949939582497
1810 40.792813365580514
1811 40.938408941728994
1812 41.295938880881295
1813 41.0779969622381
1814 41.78055808204226
1815 40.98807640443556
1816 40.724378732265905
1817 41.929405593080446
1818 41.41412632446736
1819 41.40374392224476
1820 41.57869701087475
1821 41.565521561075
1822 41.69306560582481
1823 40.94887454947457
1824 41.2651992267929
1825 41.705175505252555
1826 41.30631602392532
1827 41.03085889527574
1828 41.00383256399073
1829 41.28492186288349
1830 40.74577181134373
1831 40.332061456749216
1832 40.315396695397794
1833 40.15220621647313
1834 40.06896664411761
1835 39.650921556167305
1836 39.86807190463878
1837 39.77999051846564
1838 39.45628022542223
1839 39.667623220942914
1840 39.535446729976684
1841 39.551563206128776
1842 39.29552851896733
1843 39.34089292027056
1844 39.55446951719932
1845 39.287372255232185
1846 39.24795800819993
1847 39.26780932652764
1848 39.36746639665216
1849 39.225275470875204
1850 39.190378370694816
1851 39.24038771446794
1852 39.20472183357924
1853 39.08979520667344
1854 38.97066884115338
1855 39.09911814914085
1856 38.944112764671445
1857 38.99387453380041
1858 38.97808813932352
1859 38.96821445529349
1860 38.90106022357941
1861 38.76500018290244
1862 38.88229726976715
1863 38.7754389103502
1864 38.747529580490664
1865 38.69037696882151
1866 38.708463268820196
1867 38.608424046309665
1868 38.509225823683664
1869 38.46454621432349
1870 38.47104279091582
1871 38.41150043695234
1872 38.37070205970667
1873 38.372910145204514
1874 38.28032565396279
1875 38.253643789328635
1876 38.14393953117542
1877 38.167349769035354
1878 38.03332832548767
1879 38.02675011451356
1880 37.963730371324345
1881 37.95879747369327
1882 37.85875767003745
1883 37.84634407516569
1884 37.783549963263795
1885 37.77829854236916
1886 37.657894355710596
1887 37.68038921919651
1888 37.56899495050311
1889 37.59101274819113
1890 37.46016196697019
1891 37.51628580130637
1892 37.37327735219151
1893 37.4381758722011
1894 37.263734040549025
1895 37.393087178235874
1896 37.124256525421515
1897 37.3513364631217
1898 36.96678102435544
1899 37.373271209187806
1900 36.74578079278581
1901 37.46052855020389
1902 36.47115667862818
1903 37.707681242376566
1904 36.06058994401246
1905 38.24175292998552
1906 35.563466164283454
1907 39.25859702704474
1908 35.29509435244836
1909 40.628194412216544
1910 36.418573760660365
1911 40.71866152388975
1912 39.15119557734579
1913 38.34602922387421
1914 40.16391095984727
1915 37.079136453568935
1916 38.99896978237666
1917 38.6438225065358
1918 37.55396111542359
1919 39.009682497009635
1920 37.54781698202714
1921 37.46922748116776
1922 38.41635979292914
1923 39.25026058475487
1924 40.699580020969734
1925 41.94881407590583
1926 42.32302313367836
1927 42.26514973072335
1928 42.59269404830411
1929 41.21202036878094
1930 40.22404269152321
1931 41.03969209268689
1932 40.18214651988819
1933 41.071151189971715
1934 41.952459800289944
1935 40.86425321246497
1936 41.98631283198483
1937 41.00678393570706
1938 40.59265347919427
1939 41.62342831864953
1940 40.67537738732062
1941 42.18638435006142
1942 42.61824838304892
1943 42.56424124795012
1944 43.6191788460128
1945 42.36275725951418
1946 42.966848731506616
1947 42.90901465830393
1948 42.466255960287526
1949 43.38993415283039
1950 42.612912476062775
1951 43.23060376616195
1952 42.91227690130472
1953 42.28117778804153
1954 42.82283471804112
1955 42.1683461451903
1956 42.74659350560978
1957 42.467946412507445
1958 42.17744417884387
1959 42.44309446029365
1960 41.734521786216646
1961 41.943997494876385
1962 41.37361722160131
1963 41.21499927225523
1964 41.21115539968014
1965 40.80078170634806
1966 40.930914926342666
1967 40.454173454549164
1968 40.56037287437357
1969 40.455734198214486
1970 40.41403333423659
1971 40.38900224817917
1972 40.17748059518635
1973 40.30641614738852
1974 40.15261842496693
1975 40.249502113088965
1976 40.06119373207912
1977 40.14854660839774
1978 40.100224066060036
1979 40.134116479195654
1980 40.13462059595622
1981 40.015843719942495
1982 40.133036483312026
1983 39.909836635459214
1984 40.031045474577695
1985 39.77512450912036
1986 39.9012929587625
1987 39.823788706213236
1988 39.82425716239959
1989 39.83259653579444
1990 39.65687067457475
1991 39.766730048460886
1992 39.54313580296002
1993 39.65089758252725
1994 39.45859010401182
1995 39.53645277302712
1996 39.44067421997897
1997 39.42930293548852
1998 39.324568637413904
1999 39.269744731485844
2000 39.21423457656056
2001 39.216898302547634
2002 39.144996888935566
2003 39.13028766470961
2004 39.04781056428328
2005 39.00649372325279
2006 38.93646872439422
2007 38.838654993101954
2008 38.833242621738464
2009 38.71239496115595
2010 38.75805977755226
2011 38.59501007734798
2012 38.66195443784818
2013 38.48097482090816
2014 38.58140884526074
2015 38.36959667829797
2016 38.50297296210192
2017 38.2297433426138
2018 38.460614267969504
2019 38.0793713144958
2020 38.4627069090493
2021 37.88185967877507
2022 38.55003559356555
2023 37.6296281197574
2024 38.76961989142001
2025 37.2515778336674
2026 39.247037230059505
2027 36.74164502485655
2028 40.222862008493394
2029 36.26403645332903
2030 41.95861124899238
2031 36.66980001865886
2032 43.607249127700925
2033 39.49328806903213
2034 41.943853673292324
2035 43.00403940491378
2036 38.08557706186548
2037 42.24933829018846
2038 37.97675218433142
2039 39.46419767849147
2040 39.926651678048074
2041 37.372327380115166
2042 39.42143460432999
2043 37.89930251985788
2044 37.43719320488162
2045 38.57273646979593
2046 39.52783487155102
2047 40.91168815805577
2048 41.83499413263053
2049 41.39406414795667
2050 40.55948170647025
2051 40.925979687366635
2052 40.11858872859739
2053 39.67751897661947
2054 40.9490461521782
2055 40.73426680872217
2056 42.030018956400454
2057 42.17564312345348
2058 40.95068975025788
2059 42.13761724368669
2060 41.39952357020229
2061 41.85077472194098
2062 42.61102126329206
2063 42.25973955215886
2064 43.87423643260263
2065 44.000194386579096
2066 44.210040881996974
2067 44.22552074235864
2068 43.464465324766934
2069 44.226739848731086
2070 44.20769333629869
2071 44.30997358402237
2072 44.208191393408924
2073 44.083801079774275
2074 44.46962210442871
2075 43.9903433280997
2076 43.92497382755391
2077 43.791578494012356
2078 44.060198039514944
2079 44.051383316284046
2080 43.713727603433654
2081 43.732664122013375
2082 43.36632551229559
2083 43.47715133242309
2084 43.0393310689833
2085 42.873783042421564
2086 42.84505166858435
2087 42.62043477897532
2088 42.82537368289195
2089 42.34656801400706
2090 42.3882631235756
2091 42.34027972398326
2092 42.42161886021495
2093 42.41512655955739
2094 42.11932024778798
2095 42.25173315452412
2096 42.20930882776156
2097 42.31290076044388
2098 42.121106271632016
2099 42.21136196469888
2100 42.22290986520238
2101 42.29062984371558
2102 42.20743116666563
2103 42.07946511730552
2104 42.100533021613955
2105 41.98213447071612
2106 42.076980197802186
2107 41.9081522426568
2108 41.9934757091105
2109 41.923072304576635
2110 41.996064938372
2111 41.84747404046357
2112 41.80181341082789
2113 41.73931347299367
2114 41.765798676991835
2115 41.697904898552224
2116 41.63627724023536
2117 41.64077671524137
2118 41.598254774464294
2119 41.59198833885603
2120 41.45128844329156
2121 41.47211042558774
2122 41.37989153759554
2123 41.431600055191666
2124 41.30175105226226
2125 41.335805476875976
2126 41.191216479288414
2127 41.28342680260539
2128 41.08710031537339
2129 41.200598703697324
2130 40.94776813033968
2131 41.18898565834388
2132 40.85779165872373
2133 41.17663184576668
2134 40.693882507737726
2135 41.23154193395749
2136 40.524771145079285
2137 41.363575680647045
2138 40.24589702649973
2139 41.662303905468434
2140 39.92659134347923
2141 42.26573708001524
2142 39.64265096839517
2143 43.24174502212554
2144 39.9074877651874
2145 44.23315920308232
2146 41.420433345483616
2147 43.82383356941864
2148 43.15850739646703
2149 42.093836705200374
2150 43.46471923869103
2151 41.68456639768556
2152 43.03817649651319
2153 42.48849656805396
2154 41.627222519833595
2155 41.90143933147192
2156 41.59725876711309
2157 42.370236122980714
2158 43.38678892375901
2159 45.05910412827507
2160 45.677485236898065
2161 46.33460019575432
2162 45.715641043148935
2163 45.04142842977308
2164 46.122228388208896
2165 45.33005102770403
2166 45.952873160131276
2167 46.7831268615555
2168 46.16351806046441
2169 47.82836170634255
2170 46.90433173882775
2171 46.85724006406963
2172 47.44164932449348
2173 46.329071363201365
2174 48.07874964969233
2175 47.669503966812044
2176 48.31375827896409
2177 49.15966737829149
2178 48.122583280550316
2179 48.9533862285316
2180 47.74077018676326
2181 48.093176478054374
2182 48.36898524151184
2183 47.75234799925238
2184 48.42393633420579
2185 47.58678815444
2186 48.027823565294966
2187 47.582481511635706
2188 47.163921986240894
2189 47.36699267127551
2190 46.95496310177259
2191 47.42984004504979
2192 46.97841960703954
2193 46.939693262567744
2194 46.6448287202511
2195 46.44311123038642
2196 46.44809602526948
2197 46.15125023620203
2198 46.25519532174803
2199 45.96864269464277
2200 46.08113958197646
2201 45.74417720432393
2202 45.87808744376525
2203 45.81189834489487
2204 45.89599397429265
2205 45.85942574776709
2206 45.631837281631306
2207 45.82261054031551
2208 45.56635490804911
2209 45.828971395269036
2210 45.50578704988584
2211 45.74256482627243
2212 45.633230686187744
2213 45.72980583482422
2214 45.64208649331704
2215 45.48793770908378
2216 45.5527387666516
2217 45.43120943964459
2218 45.58619816508144
2219 45.42307879263535
2220 45.57891690800898
2221 45.433584520360455
2222 45.55281293857843
2223 45.348625579383224
2224 45.467670964542776
2225 45.27384969172999
2226 45.44011332746595
2227 45.216914012795314
2228 45.423001991352066
2229 45.16614134283736
2230 45.39918224932626
2231 45.062164219561964
2232 45.3356930508744
2233 44.95843681204133
2234 45.360872705234215
2235 44.87634147773497
2236 45.390919543104246
2237 44.724468489643186
2238 45.495214238297194
2239 44.544036778854206
2240 45.709366800263524
2241 44.31691125128418
2242 46.16718489676714
2243 44.08910474041477
2244 46.96053019957617
2245 44.05167623935267
2246 48.14674245659262
2247 44.715098021319136
2248 49.00886351848021
2249 46.4448926220648
2250 48.05780137423426
2251 47.96828532870859
2252 46.145044329576194
2253 48.068031791597605
2254 45.80566060193814
2255 47.42158243898302
2256 46.82640814827755
2257 46.094275439856574
2258 46.918382939416915
2259 46.09136177971959
2260 47.317348579410464
2261 48.1690821335651
2262 49.45225629163906
2263 50.37082479870878
2264 50.15562139637768
2265 49.48465552483685
2266 49.281547924969345
2267 49.940994669217616
2268 50.0184230201412
2269 51.10058768559247
2270 50.88752672681585
2271 51.04495500354096
2272 51.45397561765276
2273 50.85833903471939
2274 51.72552534053102
2275 50.89612314943224
2276 51.56713161896914
2277 51.85619271406904
2278 52.027267400640994
2279 52.939342349767685
2280 52.087122505996376
2281 52.58690598909743
2282 51.69159826030955
2283 51.83411598694511
2284 52.06207438209094
2285 51.75361311691813
2286 52.273732197936624
2287 51.435445746872574
2288 51.830883741378784
2289 51.26368669443764
2290 51.250667710090056
2291 51.17509297048673
2292 50.85975012276322
2293 51.210194709477946
2294 50.79973072116263
2295 51.06268418417312
2296 50.5615355365444
2297 50.5431713105645
2298 50.31092595332302
2299 50.33245120383799
2300 50.31790029397234
2301 50.231918590841815
2302 50.197026463458315
2303 50.0744981195312
2304 50.16904226085171
2305 50.094049107283354
2306 50.250106162857264
2307 49.97483582957648
2308 50.13663580734283
2309 49.84819410229102
2310 50.1711251293309
2311 49.90823998255655
2312 50.197184754535556
2313 49.91843609674834
2314 50.144660527585074
2315 49.94076813803986
2316 50.11541246343404
2317 49.9261280503124
2318 50.07309839082882
2319 49.93023061752319
2320 50.14764662599191
2321 49.96531610121019
2322 50.21104521420784
2323 49.884445595089346
2324 50.23438716190867
2325 49.79581641382538
2326 50.36694087856449
2327 49.70451717427932
2328 50.54976624203846
2329 49.54533182946034
2330 50.89896012097597
2331 49.37789397127926
2332 51.5426286268048
2333 49.23478988814168
2334 52.64198152394965
2335 49.482540770899504
2336 54.15283058350906
2337 50.7758677136153
2338 54.47554925503209
2339 52.74083346966654
2340 52.326892061159015
2341 53.43580889003351
2342 50.54745963192545
2343 52.760688844835386
2344 51.19761083833873
2345 51.626495918491855
2346 51.88876152783632
2347 50.565061470726505
2348 51.07757199276239
2349 51.67636771732941
2350 53.37786081014201
2351 54.717909866711125
2352 55.95620932546444
2353 55.32249561883509
2354 55.10236292751506
2355 54.99575933301821
2356 54.72581066819839
2357 56.706582041457295
2358 56.26758465403691
2359 56.62677685334347
2360 57.205622303066775
2361 56.504457431379706
2362 57.71359636308625
2363 56.62397084152326
2364 57.05613181996159
2365 57.37432780908421
2366 57.22295435448177
2367 58.64953204547055
2368 58.14254627842456
2369 58.62561248894781
2370 57.957681054016575
2371 57.628674779552966
2372 57.921004658332095
2373 57.496161681134254
2374 58.05078065185808
2375 57.533563807373866
2376 57.60578479641117
2377 57.18818848649971
2378 56.98097263323143
2379 56.86343989963643
2380 56.38228968391195
2381 56.543174056336284
2382 56.36847987002693
2383 56.660969430115074
2384 56.25687329331413
2385 56.11075653415173
2386 55.841934056254104
2387 55.80781539413147
2388 55.904560409486294
2389 55.756877314765006
2390 55.835222167894244
2391 55.54250758187845
2392 55.80550543614663
2393 55.64913549995981
2394 55.86845778324641
2395 55.631314100464806
2396 55.69923620368354
2397 55.56988655240275
2398 55.6038997839205
2399 55.634614194277674
2400 55.6198707127478
2401 55.683211755240336
2402 55.642888525733724
2403 55.828945911256596
2404 55.749929731944576
2405 55.85175347025506
2406 55.644073091680184
2407 55.84151127631776
2408 55.71241836925037
2409 56.01622325088829
2410 55.788165491074324
2411 56.04597370652482
2412 55.72311417921446
2413 56.09509220160544
2414 55.70789472642355
2415 56.1739214991685
2416 55.60654264758341
2417 56.32862565619871
2418 55.546391828684136
2419 56.67203575093299
2420 55.4699846690055
2421 57.2087267646566
2422 55.432807055767626
2423 58.174402413889766
2424 55.737964399158955
2425 59.53655538614839
2426 56.618510813685134
2427 60.23000162374228
2428 57.981368283508345
2429 59.11536504607648
2430 58.838224003557116
2431 57.48683933727443
2432 58.992881337646395
2433 57.326637930003926
2434 58.753421027213335
2435 57.9460801393725
2436 57.86626730323769
2437 57.982621049974114
2438 58.39256716053933
2439 60.00083584524691
2440 60.67381756659597
2441 62.25877695158124
2442 61.75486234528944
2443 61.84054903057404
2444 61.08202151651494
2445 61.280261455569416
2446 62.74235530081205
2447 62.29862136300653
2448 63.4423537326511
2449 62.75430376455188
2450 62.77470107539557
2451 62.968867857474834
2452 62.43727384950034
2453 63.579869043082
2454 62.834633737104014
2455 63.78041883907281
2456 63.845977371092886
2457 63.95431143254973
2458 64.1744755813852
2459 63.38948665978387
2460 63.86052621738054
2461 63.16457841382362
2462 63.633614177117124
2463 63.3986550134141
2464 63.25477986317128
2465 63.04755262774415
2466 62.606492979452014
2467 62.80562307033688
2468 62.24475386412814
2469 62.40495114051737
2470 62.079495679819956
2471 62.33725350513123
2472 62.15795866958797
2473 62.19041942479089
2474 62.03245255025104
2475 61.818251312943175
2476 61.79799935175106
2477 61.67750067007728
2478 61.86555592343211
2479 61.649856557836756
2480 61.8876663018018
2481 61.65643953019753
2482 61.901388097321615
2483 61.619067535502836
2484 61.84178246115334
2485 61.499099453445524
2486 61.68392257927917
2487 61.48051394033246
2488 61.7551212341059
2489 61.56527963094413
2490 61.854639118071645
2491 61.69483244093135
2492 61.99051551125012
2493 61.6960830478929
2494 62.0250693813432
2495 61.66131052933633
2496 62.16086188307963
2497 61.74725569970906
2498 62.46051991987042
2499 61.77846052614041
2500 62.71062487643212
2501 61.688423031941056
2502 63.18798915715888
2503 61.70161952404305
2504 64.1804316714406
2505 62.00868509709835
2506 65.76717999950051
2507 62.9366936518345
2508 67.15899020899087
2509 64.60022472939454
2510 66.41489592590369
2511 65.919054008089
2512 64.37376715103164
2513 66.194598919712
2514 63.81130713224411
2515 65.62628139089793
2516 64.5911404765211
2517 64.31807367340662
2518 64.57215837808326
2519 64.51703312946483
2520 65.83429066697136
2521 66.69543174747378
2522 68.47139070462435
2523 68.33435072773136
2524 68.31731948838569
2525 66.83963811886497
2526 67.08733925968409
2527 68.20680944691412
2528 67.90713008050807
2529 69.39564677281305
2530 68.44871913525276
2531 68.37959665572271
2532 68.28647635714151
2533 67.86117925588042
2534 69.1430709254928
2535 68.21703425375745
2536 69.17417469294742
2537 69.2589458534494
2538 69.32097469689324
2539 69.69932181411423
2540 68.9679579869844
2541 69.38292657514103
2542 68.74036495550536
2543 69.11326728691347
2544 69.08173577184789
2545 68.76739912619814
2546 68.56959988642484
2547 68.18612528056838
2548 68.19793346966617
2549 67.73284782492556
2550 67.74591653118841
2551 67.61256470181979
2552 67.72973014763556
2553 67.58481588237919
2554 67.67977438424714
2555 67.43100768327713
2556 67.2326875331346
2557 67.08319233334623
2558 67.06219551921822
2559 67.17994624609128
2560 67.03759119077586
2561 67.2470294625964
2562 66.96955205197446
2563 67.141134128673
2564 66.85906792501919
2565 67.04248588788323
2566 66.73254911671393
2567 66.88823976530693
2568 66.77388916932978
2569 66.94259840808809
2570 66.84255045698956
2571 67.10263648210093
2572 67.03405541973189
2573 67.24791154963896
2574 67.00814021099359
2575 67.30043290182948
2576 66.96675293054432
2577 67.4355807218235
2578 67.09160916064866
2579 67.75526045821607
2580 67.13675675843842
2581 67.98613369837403
2582 67.06892399466597
2583 68.45178668852895
2584 67.14449727372266
2585 69.51822919258848
2586 67.59409338934347
2587 71.15323171112686
2588 68.73860201542266
2589 72.2946030846797
2590 70.48714389116503
2591 71.38580597937107
2592 71.761304249987
2593 70.05184117658064
2594 72.18890571198426
2595 70.42478804010898
2596 71.50420495960861
2597 71.08264848822728
2598 70.39752841717564
2599 71.16150774806738
2600 72.03644443955272
2601 74.06919514760375
2602 75.01229088008404
2603 75.74265767959878
2604 75.0175512265414
2605 74.8058847929351
2606 73.93695220793597
2607 74.3591587152332
2608 75.81715136952698
2609 75.0333434343338
2610 75.66042105434462
2611 74.75395803386346
2612 74.49885766161606
2613 74.91846345784143
2614 74.3431046155747
2615 75.79260366549715
2616 74.96114993980154
2617 75.55770555324852
2618 75.603821529774
2619 75.20204089675099
2620 75.63534091459587
2621 74.7939311240334
2622 75.43738898471929
2623 74.67016813228838
2624 74.76354815950617
2625 74.5809818347916
2626 74.08472754689865
2627 74.05261844024062
2628 73.48480074503459
2629 73.61934927641414
2630 73.02795990789309
2631 73.19355730619282
2632 73.16910740290768
2633 73.37671360280365
2634 73.16400988632813
2635 73.00983150838874
2636 72.74542155279778
2637 72.50269661820494
2638 72.56244178302586
2639 72.45491416263394
2640 72.70036821463145
2641 72.38025454268791
2642 72.6451721850317
2643 72.20144115830772
2644 72.39008437492885
2645 72.05073284450918
2646 72.24663736275397
2647 71.9750142681878
2648 72.06820000475273
2649 71.99534268234856
2650 72.1284410872031
2651 72.11746901785955
2652 72.34436606545933
2653 72.24569176114164
2654 72.34509057900868
2655 72.07638896931894
2656 72.40851347823627
2657 72.2081402267795
2658 72.69674784201197
2659 72.34131138352677
2660 72.82516318350099
2661 72.20337753742933
2662 72.97861097450368
2663 72.19385300227441
2664 73.52092170249671
2665 72.3401798394043
2666 74.62923736311495
2667 72.77433269284666
2668 76.60219753952697
2669 74.02580758510157
2670 78.56042868783697
2671 76.37707403395325
2672 77.60209049494006
2673 78.21340911695734
2674 74.93222965532914
2675 77.93597167544067
2676 75.26702666236088
2677 76.7278539922554
2678 76.43840016843751
2679 74.91574690700509
2680 75.27882202272303
2681 76.03697869554162
2682 77.10972475027665
2683 79.13660168228671
2684 81.25985092762858
2685 80.8048852798529
2686 80.74308736575767
2687 78.31565686664544
2688 78.51678491476923
2689 80.225265230285
2690 79.0199473509565
2691 80.3340145626571
2692 79.41706793149933
2693 78.33419007388875
2694 79.1530841421336
2695 77.9283695993945
2696 79.32413208996877
2697 78.74093500105664
2698 78.87508474267088
2699 80.06176798208617
2700 79.03591623017564
2701 79.816777193686
2702 79.26121018920094
2703 79.08212297060527
2704 79.10897684516385
2705 78.5992302778177
2706 78.94261064007878
2707 78.10684274323285
2708 77.86357144196518
2709 77.72760902997106
2710 77.1592572585214
2711 76.72074040677398
2712 76.58764703059569
2713 76.73284043068998
2714 76.89701635879464
2715 76.84116592840292
2716 76.71460028737783
2717 76.38965113088489
2718 75.94541262742132
2719 76.14784488454461
2720 76.05861197505146
2721 76.24206912680529
2722 76.20360498898663
2723 76.0918357274495
2724 75.96476980834268
2725 75.73356012930162
2726 75.90785598824732
2727 75.70003294246271
2728 75.74148041452281
2729 75.70653576287441
2730 75.78748610359617
2731 75.7290601390414
2732 75.9113822223153
2733 76.03396119223908
2734 76.16903895931318
2735 76.01623112848029
2736 76.09474442061037
2737 75.96623371471651
2738 76.12971712974831
2739 76.20699283410795
2740 76.38047113083303
2741 76.29320999584161
2742 76.29391644103453
2743 76.16929998411797
2744 76.23140872828662
2745 76.09675433230586
2746 76.33238061773591
2747 76.11053412687033
2748 76.42060475144535
2749 76.12408864777535
2750 76.6845861976035
2751 76.24964706390165
2752 77.24264535401016
2753 76.67395596951246
2754 78.53833165764809
2755 77.56259628059343
2756 80.85122650908306
2757 79.62748895795085
2758 82.61570414411835
2759 82.44006659463048
2760 81.8353792228736
2761 83.91098378691822
2762 81.22056961269118
2763 84.12718487647362
2764 82.97289332281798
2765 82.19114713650197
2766 83.17821971094236
2767 81.92693932191469
2768 83.2625525968615
2769 85.94816796993837
2770 87.96664484706707
2771 89.5371837883722
2772 89.57473670970649
2773 87.73935762210749
2774 87.47898665303364
2775 86.56683103600517
2776 86.34355221805163
2777 88.40828185970895
2778 86.84759564115666
2779 86.24271084647626
2780 86.52701182290912
2781 85.21283715358004
2782 86.7032652660273
2783 85.84719376126304
2784 86.34558055037633
2785 86.79924452421255
2786 85.53800886450335
2787 86.74030671850778
2788 85.82697803620249
2789 85.88230786263011
2790 85.83152310922742
2791 85.10245636035688
2792 85.32548008835874
2793 84.30887576146051
2794 84.37705577653833
2795 83.8200242004823
2796 83.15651324065402
2797 82.93466208456084
2798 82.5166051380802
2799 82.46823750762269
2800 82.596899301745
2801 82.81101913098246
2802 82.62970331055112
2803 82.27092215162702
2804 81.78248051553965
2805 81.72779402858578
2806 81.46337782684714
2807 81.6553460105788
2808 81.75998842949048
2809 81.50992159266025
2810 81.54071417776868
2811 81.1514467089437
2812 81.27708507305942
2813 80.98991055507213
2814 81.16008870350197
2815 81.14966133632697
2816 81.02042642538436
2817 81.1435833380092
2818 81.20064759370871
2819 81.43798490636982
2820 81.47292792587541
2821 81.53399379458278
2822 81.44776679226197
2823 81.42194036277942
2824 81.48214764823206
2825 81.69565162016079
2826 81.63764071278274
2827 81.77831759420224
2828 81.54205314582214
2829 81.59512861329131
2830 81.36247106734663
2831 81.54105465719476
2832 81.39301637024619
2833 81.49765198677778
2834 81.34484958439134
2835 81.54375300742686
2836 81.31796758924611
2837 81.75777416769415
2838 81.47786569502205
2839 82.24659384088591
2840 81.69667606428266
2841 83.0443708281964
2842 82.13455422734842
2843 84.40345697430894
2844 83.39160913345404
2845 85.99237714894116
2846 85.85691605508327
2847 86.60526102269068
2848 88.21517938002944
2849 86.93608188210055
2850 89.18900547921658
2851 88.29097517672926
2852 88.91179877589457
2853 89.30421119555831
2854 88.32935323915444
2855 89.68857690994628
2856 91.6485597169958
2857 93.32544735516421
2858 95.66934558190405
2859 96.31412588176318
2860 95.5568253104575
2861 94.99376193014905
2862 92.92043645773083
2863 93.49235305609182
2864 94.2031982706394
2865 93.2047581966035
2866 94.81903665559366
2867 93.06362884910777
2868 92.93500465597026
2869 93.3526131247636
2870 92.73227666830644
2871 94.70664701843634
2872 93.0818823708687
2873 93.78562288335524
2874 92.8746995315887
2875 91.83005853323266
2876 92.75051514734514
2877 91.74487357912585
2878 92.57340678619221
2879 91.40024234773591
2880 91.25201204000041
2881 90.72089223656803
2882 89.93128150119446
2883 90.28515278338455
2884 89.6079961892683
2885 89.68237688438967
2886 89.17734404094517
2887 89.32725647324696
2888 89.04985303408466
2889 89.06485926033929
2890 88.69935163855553
2891 88.39981861622073
2892 87.90992545336485
2893 87.88156207278371
2894 88.05723488260992
2895 87.88046102179214
2896 88.24016086920165
2897 87.55778296943754
2898 87.71407134155743
2899 86.98506901832297
2900 87.58213168708608
2901 87.21599651919678
2902 87.58648944809102
2903 87.34051904757507
2904 87.4783820102457
2905 87.33400068967603
2906 87.63538510212675
2907 87.6257415979635
2908 87.76509748143144
2909 87.47913216520101
2910 87.63672623434104
2911 87.38036654610187
2912 87.64601213485003
2913 87.55350276175886
2914 87.50864755152725
2915 87.29113291786052
2916 86.90177081990987
2917 86.8721970168408
2918 86.07951775286347
2919 85.90130595047958
2920 84.51285700779408
2921 83.16696815518662
2922 82.10384151386097
2923 80.56150842295028
2924 80.07152694207616
2925 83.4305928805843
2926 82.90251635969616
2927 90.84955453779548
2928 84.28698841924779
2929 88.11439668154344
2930 87.04964131489396
2931 81.17421567440033
2932 87.51362309604883
2933 82.00829198234715
2934 83.43693685205653
2935 87.2338897115551
2936 82.52080446179025
2937 86.60567391337827
2938 87.93944247858599
2939 85.28914188966155
2940 88.08345597283915
2941 86.27022844157182
2942 82.2121559495572
2943 84.57751704542898
2944 82.87533701420762
2945 82.60065466095693
2946 85.06571026775055
2947 81.3137140700128
2948 82.98648359952495
2949 82.6863598744385
2950 79.45099511323497
2951 81.72914691152982
2952 81.02352344268002
2953 80.28962390194647
2954 81.39773936686106
2955 80.17336922278628
2956 79.43896709452383
2957 80.64760250085965
2958 79.70215074415319
2959 80.3231065031141
2960 80.81320653157309
2961 79.25845636357553
2962 80.54343071510084
2963 79.15668048197404
2964 79.22116021509282
2965 79.97085911338218
2966 79.00610558618791
2967 79.6038915461395
2968 80.0169624236878
2969 79.50099790026434
2970 79.97277454799041
2971 79.66584596782923
2972 79.1869341484271
2973 79.8656126211863
2974 79.07181973615661
2975 79.80805654986762
2976 79.49097118433565
2977 79.60168180358596
2978 79.77477246685885
2979 79.61862469115295
2980 79.3186521306634
2981 80.17711214465089
2982 79.43255315674469
2983 80.43451536865905
2984 79.80514005967416
2985 80.42275356501341
2986 79.91878160694614
2987 80.51118384581059
2988 79.81059261295013
2989 81.05922629591078
2990 79.49468856025487
2991 81.73241776204668
2992 79.28730270499364
2993 82.40698374249041
2994 79.7134324987419
2995 83.4375310530886
2996 80.77520490717143
2997 84.97230279142968
2998 82.84307109797373
2999 86.78673107828945
3000 85.2221671952866
3001 87.8980010971427
3002 86.79289509123191
3003 88.37077625002712
3004 88.65848721656948
3005 87.27905801869929
3006 89.73823564592749
3007 87.86599261593074
3008 89.62366409995593
3009 92.85353556345217
3010 93.53613312449306
3011 96.32060825265944
3012 94.56273253820837
3013 93.71263164863922
3014 93.41670029424131
3015 91.03495630715042
3016 92.85749830468558
3017 93.76399739342742
3018 93.37682471447624
3019 94.10342199075967
3020 92.60044223326258
3021 92.28354967804626
3022 92.11080932500772
3023 91.97354974923655
3024 92.7710374253802
3025 91.70159717393108
3026 91.69506814447232
3027 91.42425304371864
3028 90.70923865400255
3029 91.52243668306619
3030 91.37246389733627
3031 91.37907000002451
3032 91.05606662645005
3033 90.38476901454851
3034 90.36334686144255
3035 89.68313982523978
3036 89.74780440679751
3037 89.87792276730761
3038 89.13426751014777
3039 89.52083171368577
3040 89.02886068122461
3041 89.05825911276042
3042 88.94309720373712
3043 88.502227159217
3044 88.48230092972517
3045 87.73975662770681
3046 88.009565618122
3047 87.88617747602984
3048 87.89857044816017
3049 88.04510815581307
3050 87.8387063506525
3051 87.62594721233472
3052 87.58198440307751
3053 87.43505927873775
3054 87.80086331465282
3055 87.63338332925923
3056 88.06929903058335
3057 87.86129684699699
3058 87.88042999687605
3059 87.91490015410818
3060 87.7570254644379
3061 87.8206040286459
3062 87.72080758749507
3063 87.77529391436838
3064 87.78958443016745
3065 87.69192911405116
3066 87.83316434547305
3067 87.50583722325973
3068 87.61151750385761
3069 87.37306727608666
3070 87.4803353168536
3071 87.32897574757226
3072 87.49227107968181
3073 87.24422247544862
3074 87.5047775155399
3075 87.08298430917785
3076 87.7943087441381
3077 86.96691270871088
3078 88.44132519885898
3079 87.16064336057752
3080 89.51716188155115
3081 88.69689531810582
3082 91.511728127487
3083 92.0630694758147
3084 96.43411636631936
3085 94.4581601107493
3086 99.40204475820065
3087 94.57931368565187
3088 97.96598418569192
3089 97.98600385244936
3090 93.43019157648087
3091 95.60632109362632
3092 96.7622479936108
3093 94.38414610456675
3094 100.12283708201721
3095 108.17883427627385
3096 106.92215223563835
3097 112.12951109744608
3098 112.74499742593616
3099 103.04915976896882
3100 103.63168905186467
3101 105.70416755508631
3102 101.88082500454038
3103 104.92174076056108
3104 104.90494337142445
3105 101.71154029248282
3106 103.73360293591395
3107 103.52951571904123
3108 103.03885018220171
3109 104.36518738861196
3110 103.29636541334912
3111 102.34340946516022
3112 102.27236115327105
3113 101.19308155449107
3114 99.75402586278506
3115 100.43381085572764
3116 100.1018431482371
3117 98.97971325204708
3118 99.74976349016652
3119 98.58074836456217
3120 97.1152025104966
3121 96.7694261688739
3122 95.33513423684053
3123 94.20328036230057
3124 93.80131528316997
3125 93.16101492708549
3126 93.55863270582631
3127 93.73168060486205
3128 92.97769559919834
3129 92.65901237819344
3130 91.70953974500299
3131 91.28547320747748
3132 92.2142828956712
3133 92.25222599040717
3134 92.71505202306435
3135 93.05785429989919
3136 92.569240875775
3137 92.48533740034327
3138 92.42956257215701
3139 92.52387281507254
3140 92.7072170379106
3141 92.79662880022079
3142 92.57286823610775
3143 92.45508145936765
3144 92.22637672582641
3145 92.10287014953792
3146 92.28032090305351
3147 91.84603819204494
3148 91.83596569765359
3149 91.65676624909975
3150 91.48124625417404
3151 91.72153379535303
3152 91.72282162401825
3153 91.72556671057828
3154 91.67049654503353
3155 91.5897391254548
3156 91.48148074676283
3157 91.61088141403161
3158 91.45716266916133
3159 91.52547716908157
3160 91.35954108159058
3161 91.30748688895255
3162 91.44164880830795
3163 91.34762954385951
3164 91.59580729110166
3165 91.58514884673059
3166 91.5572090507485
3167 91.35911898873746
3168 91.27237215521745
3169 91.08653727639467
3170 91.16424593469128
3171 91.03885818878189
3172 91.10807337239385
3173 91.00111162150279
3174 91.01547815836966
3175 90.95715259644203
3176 90.95740077714436
3177 90.87856124271639
3178 90.93407893343829
3179 90.7725692524109
3180 90.88060156605206
3181 90.74648741143756
3182 90.822986952262
3183 90.66450236807577
3184 90.79170466400683
3185 90.58718847413547
3186 90.83627231162973
3187 90.47607243666425
3188 90.93572020134889
3189 90.32211285550147
3190 91.1260316548869
3191 90.16193533642218
3192 91.63235931075178
3193 90.1829049186781
3194 92.76108520757407
3195 90.875830066856
3196 94.69191274605691
3197 93.33092751260847
3198 98.00487610744312
3199 97.91134096146561
3200 103.34417039342225
3201 102.9514570091851
3202 105.66381862340495
3203 105.56030143797398
3204 106.73187174089253
3205 107.80951110646129
3206 105.17842280538753
3207 106.07061740779318
3208 110.15342450840399
3209 113.00897991820239
3210 116.90628238138743
3211 120.62626649532467
3212 117.98081598151475
3213 116.17007474275306
3214 114.11369040724821
3215 111.85079517960548
3216 112.44480754248798
3217 112.64617145503871
3218 111.89972986769862
3219 111.98050132463686
3220 110.64360660593957
3221 110.83110058773309
3222 112.11349073867314
3223 111.78303709742613
3224 111.43825122527778
3225 110.87992134899832
3226 108.74822632642463
3227 107.78378760581836
3228 107.71929123997688
3229 107.36267378972843
3230 107.67528140707873
3231 107.00510247377679
3232 106.03219682630152
3233 105.93542486289516
3234 104.5847716582939
3235 104.23327425541356
3236 102.86309956456535
3237 101.69245638162829
3238 102.01909049157985
3239 101.06517305737361
3240 101.05277767055668
3241 100.86511462577619
3242 100.38917608233169
3243 99.82582396571524
3244 98.84707854385488
3245 99.12647689669393
3246 99.26359337079339
3247 99.73069853964262
3248 99.80848049116321
3249 99.51442397688515
3250 99.23680493352003
3251 98.99594614538364
3252 99.22901648748666
3253 99.16766490531154
3254 99.53282804135233
3255 99.07852398278192
3256 98.77273370721377
3257 98.5486242454499
3258 98.3132921718061
3259 98.37292906432413
3260 97.96479658270255
3261 98.09330251114443
3262 97.69695429014973
3263 97.65904481336474
3264 97.63749605300836
3265 97.78084234404378
3266 97.7953096437268
3267 97.71872909087688
3268 97.51330305961892
3269 97.36578731331974
3270 97.42146421317011
3271 97.2515030046925
3272 97.32535520195961
3273 97.04037835868075
3274 97.26546155055985
3275 97.04310373496264
3276 97.34781832038425
3277 97.16773855104111
3278 97.28235152782872
3279 96.91322322515771
3280 96.96695452695712
3281 96.56693740189075
3282 96.79240826237947
3283 96.45910052256659
3284 96.80440908158198
3285 96.31246758298948
3286 96.73356737522408
3287 96.11469002533704
3288 96.83408726891503
3289 96.01394142606296
3290 97.15962411696091
3291 95.8005136451684
3292 97.64514248585328
3293 95.70722352107987
3294 98.60591277247295
3295 96.2973531940952
3296 100.1239202185534
3297 97.96782790869474
3298 102.99585445318371
3299 101.62701469520107
3300 106.97396954800934
3301 106.28320010681637
3302 108.37779164686799
3303 109.07765867584385
3304 107.39503352786414
3305 110.20045907795429
3306 107.69664731505327
3307 110.41778877866454
3308 113.00454428000376
3309 113.67278315033764
3310 116.74963592435233
3311 115.43404515460134
3312 114.65892860176973
3313 112.06844810722396
3314 110.40934373275377
3315 110.68062748620287
3316 110.83391631417908
3317 112.11512735672295
3318 110.63446882553399
3319 110.27233426994644
3320 109.02169666206464
3321 109.1913247059565
3322 110.50002638762817
3323 109.43382303160615
3324 110.27487024571747
3325 107.77982546482235
3326 107.18558053299785
3327 107.12487135455012
3328 106.72952299145982
3329 108.71625543013215
3330 107.0928020880092
3331 107.63597416016273
3332 105.70124508836307
3333 104.60196627071127
3334 104.86611136584543
3335 103.56188986357301
3336 104.66694459645078
3337 103.24922701786272
3338 103.43214803701267
3339 102.78741642110981
3340 102.60563553217798
3341 102.70702589931898
3342 102.00359365576878
3343 102.24808712326922
3344 101.8797568003647
3345 102.12522952561267
3346 102.16178909526207
3347 102.3231981007848
3348 101.95772187924013
3349 101.86837732535787
3350 101.28889837348834
3351 101.73955116444267
3352 101.2961003179662
3353 101.91605579433963
3354 101.02836034540087
3355 101.29987906524912
3356 100.39887522929348
3357 100.79949270212092
3358 100.28980844374746
3359 100.96173635404557
3360 100.33953370130621
3361 100.85704050445929
3362 100.10093042463996
3363 100.93895587488078
3364 100.01358405617066
3365 101.28019224619493
3366 99.70696926768869
3367 101.63145965337753
3368 99.23377898801118
3369 102.51162225287408
3370 99.35591277386993
3371 104.14754872350022
3372 100.69630211731419
3373 106.38336616568267
3374 103.51040630182251
3375 109.80455907201394
3376 107.51843020692468
3377 111.46651729941368
3378 111.55805181385949
3379 111.47112269583158
3380 114.23180166818202
3381 110.26666446612217
3382 114.10252093337476
3383 113.82229904248379
3384 115.24415431311354
3385 120.91128474287689
3386 119.5432803237345
3387 120.97683105315082
3388 117.95511097600684
3389 114.53765044012107
3390 114.8542633682955
3391 113.99735817778856
3392 116.26362651702948
3393 116.72002406045794
3394 115.82078115595505
3395 115.24518427695148
3396 114.07233422598802
3397 114.84632144449279
3398 115.63941393001005
3399 115.95170657313429
3400 114.36934211454354
3401 113.4505975798238
3402 112.02442672196776
3403 112.35709879291244
3404 113.60002266266383
3405 113.52601657947525
3406 114.15316532365978
3407 111.6684683887288
3408 111.2184375510551
3409 109.62514860159718
3410 109.6053599268198
3411 110.38775281468406
3412 109.43669598572887
3413 109.81948593817651
3414 108.26729352236725
3415 108.5093322834
3416 107.68428501742892
3417 108.04031090461649
3418 107.83259945875034
3419 107.70953207812272
3420 107.6038969240617
3421 107.53412395017222
3422 107.47665378684178
3423 107.19459135225043
3424 107.18019684473984
3425 106.55928982328624
3426 107.09317919565365
3427 106.34891356527805
3428 107.11939513985999
3429 105.90729003422894
3430 106.58440519985743
3431 105.16740317852236
3432 106.17673946567811
3433 105.00680860644206
3434 106.42388233495876
3435 104.81640134332702
3436 106.77737206057645
3437 104.62589939963073
3438 107.5976821188815
3439 104.81754603004083
3440 108.62029016623273
3441 105.2415289147757
3442 109.55688498681411
3443 106.44512411253527
3444 111.06918747560121
3445 108.66984767955728
3446 112.65380872483365
3447 111.4222559130285
3448 113.07017971947789
3449 114.19850125722587
3450 112.73087456147186
3451 115.88468833663501
3452 112.63176275487058
3453 116.23281707707793
3454 114.7014392784331
3455 116.46844004886225
3456 117.1645990961697
3457 115.56009287876077
3458 116.27823954983614
3459 112.82079096394591
3460 113.85250478703529
3461 112.16255143866874
3462 113.55750440410338
3463 113.83969678427093
3464 114.00177866965532
3465 114.23659386718646
3466 113.1448016432114
3467 113.53474043426104
3468 112.28770494554192
3469 113.27008746401407
3470 112.03352174605243
3471 113.06477990490384
3472 112.06441116938367
3473 113.19155366229825
3474 112.2993898151908
3475 112.90594363282435
3476 111.96039445418864
3477 111.36719023692422
3478 110.97660897136666
3479 110.21473087766208
3480 110.80984312854707
3481 110.19140510563739
3482 111.14810400735587
3483 109.87790282280184
3484 110.75897044246085
3485 109.09471052605659
3486 110.23685005563311
3487 108.49512073164806
3488 110.41060299682431
3489 108.10306799737737
3490 111.00456396630034
3491 108.0870191315189
3492 112.1422544834204
3493 108.65377575205639
3494 113.75216817879118
3495 109.73652430041693
3496 115.23579277843237
3497 111.33996180118993
3498 115.9608782120049
3499 113.36363755958155
3500 115.42809440335259
3501 115.58936516405083
3502 114.24681996228173
3503 117.42659299913794
3504 113.89510635193437
3505 118.28732592449524
3506 116.09226935077459
3507 118.33505317266099
3508 118.42025106912479
3509 116.65502492082305
3510 117.00172210368328
3511 112.60326528572477
3512 114.08347656275146
3513 110.66848712065257
3514 112.69665732141584
3515 112.21117337141186
3516 112.01889422116801
3517 113.19533409527503
3518 110.7842003654223
3519 112.03546588355675
3520 109.33556653629057
3521 110.7767229876481
3522 109.34707355871797
3523 110.04792567528784
3524 110.5476282951422
3525 109.7978099482134
3526 110.90382490656339
3527 109.18210867862217
3528 109.67777820886113
3529 108.1757195291575
3530 108.25905969575979
3531 108.32233147579245
3532 107.86784600559622
3533 109.56283033825457
3534 107.72035533515736
3535 109.9871377791278
3536 107.01099131256342
3537 109.69630468031392
3538 106.28197772195563
3539 109.73508179793134
3540 106.35014139022678
3541 109.74352823989466
3542 107.00682553322986
3543 110.44792694388889
3544 107.60467749019153
3545 114.7786805476062
3546 110.0675374045968
3547 118.5102249798365
3548 116.00337253324687
3549 118.26933990465477
3550 119.76722468668595
3551 114.21982810692862
3552 121.28683091513813
3553 113.14955783658661
3554 119.95707439398393
3555 118.0756960567087
3556 118.03658030787483
3557 121.7260721588973
3558 115.01192710967734
3559 117.67971739405766
3560 112.912338164635
3561 113.92358494945802
3562 115.09444579319097
3563 113.80824296735227
3564 116.65416761720553
3565 113.75868639396504
3566 115.35788301681168
3567 114.10678746108897
3568 114.62261566659436
3569 115.02378082997166
3570 115.18632349581458
3571 115.543100458337
3572 114.12668096087873
3573 114.74580305814743
3574 112.99300226010382
3575 114.44938102760352
3576 112.596818493912
3577 113.64004696835764
3578 111.81352114328183
3579 111.58744334662333
3580 111.42390719032846
3581 110.20230235857889
3582 111.90139322215691
3583 109.88350356859155
3584 111.2172805510927
3585 109.19868548284285
3586 110.38907402521
3587 108.9023929068353
3588 110.31244438840076
3589 108.92705830326304
3590 110.66266073682345
3591 109.0021143022459
3592 111.2190453526564
3593 108.98597929533571
3594 111.55305622238666
3595 108.65118587645702
3596 111.51089368364774
3597 108.12557421787642
3598 111.72154422965832
3599 107.35170279326849
3600 112.34025587537326
3601 106.62035320745781
3602 113.23560049664229
3603 106.45263865264133
3604 114.4531712597236
3605 107.9285228503868
3606 115.71362008317374
3607 110.24574658437632
3608 117.00416291877627
3609 113.38759544328786
3610 116.68645248981193
3611 116.84095081035048
3612 115.13171173585579
3613 119.69633224606514
3614 114.62898286385462
3615 120.5567330904305
3616 116.94329506787471
3617 120.33266691677272
3618 120.38665852532722
3619 119.09784657112323
3620 120.33992276061326
3621 116.3753589449916
3622 118.26984765939415
3623 115.2389327720739
3624 117.83058841293678
3625 117.21842776914127
3626 118.50346333254129
3627 118.69800628698431
3628 117.87845179997385
3629 118.3354742731899
3630 116.2098050401546
3631 118.04472109535709
3632 115.29777414747514
3633 118.06222312198952
3634 115.85490137385204
3635 118.27955988002941
3636 116.6327302872669
3637 117.62151048355736
3638 116.31910317274742
3639 115.54564711707644
3640 115.82463280414231
3641 114.3412252406124
3642 116.2150407473091
3643 114.56388347619213
3644 116.57768075028434
3645 114.18240247690119
3646 116.04399580741301
3647 113.0209178570658
3648 115.47440743632615
3649 112.20591264870018
3650 115.64685045578517
3651 111.59782064892352
3652 116.36100658448413
3653 111.19484605640173
3654 117.40175436576828
3655 111.51507531059906
3656 118.56037682923488
3657 112.37842246470973
3658 119.48435881268233
3659 114.10251949378289
3660 120.23981178202666
3661 116.86089914222248
3662 120.37939840648323
3663 119.46212180540897
3664 119.31219347612932
3665 121.18358213710599
3666 117.96740049333312
3667 122.20574948587455
3668 117.81721453531645
3669 122.17214217456058
3670 118.45352148008533
3671 121.1439864023123
3672 118.85478090588003
3673 119.61716392147355
3674 119.08659987547435
3675 118.21715252217837
3676 119.401489156764
3677 117.41891059465706
3678 119.7599886127282
3679 117.27595902467147
3680 120.09971907641739
3681 117.24364504776895
3682 120.13254727819003
3683 116.97533766273409
3684 119.71261004917324
3685 116.61288497666828
3686 119.37342155794613
3687 116.38701273454353
3688 119.32776443753392
3689 116.35927708959207
3690 119.32039462029934
3691 116.49132207408547
3692 119.28609532490373
3693 116.54417745629326
3694 119.16605579596944
3695 116.3362223780714
3696 118.91633481322788
3697 115.88442410342395
3698 118.7274712678045
3699 115.18268821202219
3700 118.81742541794665
3701 114.41384995821863
3702 119.32008744054474
3703 113.93866869295016
3704 120.22801419533789
3705 114.07836433290504
3706 121.51161163509823
3707 115.09841009834781
3708 123.12669780175202
3709 117.12457528221421
3710 124.5041903750971
3711 119.98576114885509
3712 124.33224390540272
3713 122.91439665155485
3714 122.61017046030611
3715 125.08297727070749
3716 120.91459512198344
3717 126.33580274065025
3718 120.8962554782629
3719 126.2048138671089
3720 122.27565681608394
3721 124.65152949676849
3722 123.33879544725642
3723 122.60259426920675
3724 123.83269356144592
3725 121.14727318030782
3726 124.19579230365343
3727 120.94119551754557
3728 124.16722637182102
3729 121.52147570438683
3730 123.75447619892657
3731 121.99331584246829
3732 123.21393285645172
3733 121.77672619046643
3734 122.27071270160377
3735 120.7445997397881
3736 121.54817115934566
3737 119.69915996701457
3738 121.54998561902903
3739 119.57590861129574
3740 121.4788509560749
3741 119.98700371314771
3742 120.83195134159178
3743 120.10458860639483
3744 119.84856411884539
3745 119.80294348462485
3746 118.72896586195566
3747 119.39256342011504
3748 117.95449882885441
3749 119.10310007329099
3750 117.74356891377829
3751 119.02046474372037
3752 117.49887324403971
3753 119.12684400053695
3754 116.79103647288866
3755 119.579026308842
3756 115.5964300292544
3757 120.3258453970775
3758 113.9612755253911
3759 120.44873417075723
3760 113.50056851934642
3761 120.42346606729552
3762 115.2455096389167
3763 126.53966167010367
3764 119.24519283138216
3765 130.2547636758536
3766 126.2140749245882
3767 123.39028949663043
3768 132.4884064104408
3769 121.59588344022632
3770 129.14912366890348
3771 130.78302987571806
3772 127.93545791041106
3773 138.30455549550243
3774 138.01239942992106
3775 135.58205194119364
3776 133.2480763895437
3777 128.2022988423705
3778 125.72754072304815
3779 128.82693543331698
3780 132.02520628343336
3781 130.75505683897063
3782 132.61477184761316
3783 131.10192754957825
3784 127.85462415590882
3785 137.13849484315142
3786 134.4778075197246
3787 130.85090714716353
3788 131.7795503498055
3789 126.86331864143722
3790 128.5024145145435
3791 127.49391635460779
3792 126.25150531902909
3793 125.84076618752442
3794 122.49606693023816
3795 122.1412767325528
3796 121.33577370923012
3797 123.43320308253169
3798 121.56881389277987
3799 121.18313230527565
3800 121.4351772966329
3801 120.51153214857914
3802 122.54309255839325
3803 119.9015013857279
3804 121.24644468468614
3805 121.18902931944467
3806 120.53998045902699
3807 122.39468757226132
3808 121.70539927412756
3809 121.72879383363761
3810 120.02351353806444
3811 120.00316247111186
3812 120.63792050769553
3813 121.68106552562676
3814 120.76925396570005
3815 120.00838793837465
3816 120.58957014372572
3817 119.6170643302612
3818 120.73755716672167
3819 119.82723847427405
3820 119.94946394162253
3821 119.25840412382968
3822 118.5037913240958
3823 119.01814934518188
3824 118.75196379213594
3825 119.01579444622621
3826 117.95822203927673
3827 118.70291198254563
3828 117.7901962955948
3829 119.4831363549456
3830 117.63783482741565
3831 119.48191536474042
3832 116.61472129286267
3833 119.0365972945001
3834 116.22729048179463
3835 120.13486231979914
3836 115.55328211467713
3837 120.5315810625907
3838 113.44524872722104
3839 121.10926286340691
3840 111.20449650799856
3841 119.95753137907013
3842 110.84793543000706
3843 117.27762311440893
3844 113.90102313901298
3845 116.03885079594329
3846 117.51473441906273
3847 115.09748219512403
3848 117.85379402549006
3849 116.14999953121878
3850 118.05373440915719
3851 120.09401086787693
3852 118.63006161921658
3853 118.78804452717304
3854 119.74504122394137
3855 114.72044098447077
3856 118.93736811121926
3857 115.30590522033162
3858 116.85287827858701
3859 119.42349140578881
3860 114.96075705857947
3861 119.57672345498577
3862 114.56662529543974
3863 116.96382848080248
3864 115.95203565945849
3865 115.5116182428319
3866 115.85967979603447
3867 114.43778141913936
3868 114.9167057578452
3869 115.61549903638661
3870 115.24664097907953
3871 115.48264822456986
3872 115.6825106528122
3873 113.46885957266204
3874 116.61006811610423
3875 113.07684348267503
3876 116.82244909810834
3877 113.87308218819089
3878 116.75344491400756
3879 114.71069841319695
3880 116.94494769326411
3881 114.51463869446889
3882 117.45163884921931
3883 113.3598020162899
3884 117.96930318162777
3885 112.11741151660681
3886 118.96417375444435
3887 112.13199384044856
3888 119.97425849922001
3889 112.29488851083443
3890 120.4965904946439
3891 112.69503695354797
3892 121.57391046104021
3893 114.4246512199752
3894 123.24899709247984
3895 118.08582958299667
3896 124.6372261159122
3897 122.6450385316275
3898 124.2381247386802
3899 125.80639979452826
3900 121.65555681940168
3901 126.86076022684574
3902 120.43198784813285
3903 127.01854558801278
3904 122.23109797295183
3905 126.18552107550204
3906 124.48438834003173
3907 124.93611977412365
3908 125.52247910620645
3909 123.61945778294466
3910 126.19393019448034
3911 122.86472080484964
3912 126.82739940052852
3913 123.09580367198214
3914 127.06476784986444
3915 123.86975320312195
3916 127.01939815701917
3917 124.34649547981098
3918 126.43432528339326
3919 124.75046985899098
3920 125.1868188562803
3921 125.19510503835045
3922 124.06786538031884
3923 125.4911759912502
3924 123.32188150379807
3925 125.55730310012586
3926 122.54338745609857
3927 125.69996191048995
3928 121.78833608259447
3929 125.6694761866238
3930 120.93375513679348
3931 125.72610617754981
3932 119.90800962783396
3933 126.32746346760541
3934 118.9863700447604
3935 127.15434445394203
3936 118.7691691913642
3937 127.9840182182379
3938 119.76126616541296
3939 129.27872295118868
3940 122.2572591274511
3941 130.76235730177723
3942 125.9350015106611
3943 130.68155518453568
3944 129.72507158876397
3945 128.91013647499494
3946 132.09566980646923
3947 127.10815022257157
3948 132.97605105815455
3949 126.88447089423425
3950 132.72087496542372
3951 128.4078119241167
3952 131.79751550173387
3953 130.47647035354748
3954 130.70166325732134
3955 132.0022175887134
3956 129.67090652650222
3957 132.8741868515499
3958 129.03954789415002
3959 133.16846421943046
3960 129.1628702764865
3961 132.9937518693041
3962 129.79143266845495
3963 132.64704421977513
3964 130.0063554616645
3965 131.8064773781225
3966 129.6170622750651
3967 130.68962791282684
3968 129.56749783223495
3969 129.99240888585337
3970 129.89317960501648
3971 129.3433150483761
3972 130.06539417430758
3973 128.38650224776939
3974 130.10245827841572
3975 127.29235280258581
3976 130.01308732433245
3977 126.10439381562173
3978 130.19613315560855
3979 125.05899616703391
3980 131.08352267323062
3981 123.96101689571515
3982 131.91165332030505
3983 122.8766950503923
3984 131.79895415063947
3985 123.02396336570382
3986 131.78731356817298
3987 125.11796837719157
3988 134.9185950574465
3989 129.37546610552818
3990 137.92241690633819
3991 134.62710649706423
3992 134.7959603909403
3993 137.72979227802716
3994 131.62538356753066
3995 139.58138449536636
3996 131.888169917278
3997 138.84696382679977
3998 136.90155289974064
3999 136.265312820673
4000 140.10808936599642
4001 134.66760114906356
4002 138.8142405091785
4003 134.77333485893905
4004 137.80647165467963
4005 137.86347710434347
4006 139.21919180313125
4007 140.37067117379047
4008 138.29390502069145
4009 140.22160763852298
4010 137.6178504587151
4011 140.30631092842668
4012 137.25846430659294
4013 138.76337243174203
4014 135.5550256993156
4015 137.59777258266695
4016 137.25234755757265
4017 136.41064336011186
4018 137.07778784492984
4019 133.14126059482805
4020 136.01812801440246
4021 132.77062905509956
4022 135.88044508057646
4023 132.8623843539972
4024 134.6680660119746
4025 131.60341344564222
4026 133.64321153867058
4027 131.7311208215542
4028 134.17839070223272
4029 132.17458875500597
4030 134.81246170052327
4031 132.29028295259923
4032 134.60915136546828
4033 132.25806515780278
4034 134.64595848647878
4035 132.84854307677597
4036 134.97301704855636
4037 132.0064085344784
4038 134.70827568438835
4039 130.76327595394105
4040 135.62102290662006
4041 129.92262700432912
4042 136.62430000887252
4043 127.54759576288052
4044 136.68928692652844
4045 126.45617288397625
4046 136.40465339599177
4047 128.25480650225654
4048 136.5284006362781
4049 132.38625143747777
4050 140.8171810824424
4051 139.28141644969583
4052 141.5370550272055
4053 143.9024737875443
4054 137.8335283077322
4055 143.79702933086082
4056 137.5730959828943
4057 144.12145013641566
4058 143.74854205967858
4059 141.806702000089
4060 147.3439480853267
4061 140.58709381194785
4062 144.74119381140918
4063 141.83792354073375
4064 143.5584239535965
4065 145.54520500428043
4066 143.89242093032226
4067 147.7333354218863
4068 143.29448362370022
4069 147.04363729408942
4070 143.92160611995496
4071 144.9004214615561
4072 145.2507139123045
4073 142.81227742042392
4074 143.70888928580098
4075 140.46813048725016
4076 142.67066335398704
4077 140.05465234117582
4078 141.90033025620505
4079 139.69998008292168
4080 140.2202182826586
4081 139.67980404105037
4082 139.37367108860053
4083 139.93094544764608
4084 137.38140405807644
4085 137.91825680062175
4086 135.31946722697467
4087 138.5291798573453
4088 136.39139640377834
4089 139.4477216298692
4090 136.5830530312378
4091 138.0645307127852
4092 136.32562276069075
4093 137.82547746109776
4094 137.39907244872302
4095 138.32798493863083
4096 137.40467156632803
4097 137.65337172104046
4098 136.9817472435534
4099 137.71240498987027
4100 137.19705905485898
4101 138.30497146677226
4102 137.2847477067262
4103 138.15793889109045
4104 136.87667840905488
4105 138.01766071887687
4106 136.50042389100417
4107 138.15617613424547
4108 135.58659047982655
4109 138.61944319028407
4110 134.28599418350495
4111 139.75035971822217
4112 132.1763496096246
4113 140.47833891026676
4114 129.607094113715
4115 138.84094461565837
4116 130.17842110060155
4117 137.950522467494
4118 135.04538349620998
4119 143.39886807464063
4120 143.8652082970366
4121 146.3824829943478
4122 149.7590761235915
4123 145.02631560224108
4124 149.2225605752319
4125 145.6425389321521
4126 148.7781440988183
4127 150.02088704239577
4128 146.31816876213998
4129 154.00064608920366
4130 147.79257786343805
4131 147.91698576230556
4132 152.23242859076709
4133 150.89012364763767
4134 153.98676894791424
4135 153.94389668945223
4136 153.8476109020412
4137 152.9155161366798
4138 154.87851272895932
4139 155.72116785123944
4140 151.21111838519573
4141 154.06678134948015
4142 148.77300176303834
4143 148.35431050974876
4144 148.10356992995366
4145 144.84436941007152
4146 147.38177637849003
4147 143.02871716558002
4148 144.94303854112513
4149 143.05754265049472
4150 142.80528272269294
4151 142.86419997899793
4152 140.24459614488296
4153 143.78220107709058
4154 138.77700604172423
4155 139.9223459630739
4156 138.3693278010469
4157 138.69601139239967
4158 141.25226450292394
4159 139.81500032823533
4160 141.2305152749177
4161 138.94970521889627
4162 141.2600001487881
4163 140.26926196645945
4164 142.88305590162054
4165 141.81479674833827
4166 141.72076567495242
4167 141.2626980729401
4168 141.478711925447
4169 142.85895827948116
4170 142.10360331065021
4171 143.32891513383947
4172 140.9523416243028
4173 143.37841669283807
4174 141.72301042056642
4175 143.74998956546187
4176 141.4022324385587
4177 142.52542927721515
4178 140.3451138928067
4179 142.9005430135876
4180 140.62447779090144
4181 143.25199822802097
4182 140.27978059090674
4183 143.3069131046068
4184 139.79255878506228
4185 143.57189351390116
4186 138.93383641075343
4187 144.20403694105335
4188 137.8403732466977
4189 144.70212190924212
4190 136.10675128130242
4191 144.51790488511324
4192 134.9979416585993
4193 144.9249736117199
4194 136.00350951822475
4195 145.09927822719328
4196 138.955808843486
4197 146.74183248262852
4198 144.58699503075331
4199 147.81987484218553
4200 148.96451946464367
4201 145.25845668534748
4202 149.90581086324528
4203 143.67991821141914
4204 149.80932057416067
4205 145.61868698871695
4206 149.97294941637665
4207 150.06893344875425
4208 150.24894291954115
4209 153.30022932845168
4210 150.0072172190994
4211 154.185577678727
4212 149.60988886933774
4213 154.46032555401325
4214 151.15597411245108
4215 154.41009647538885
4216 153.56021898938343
4217 152.94529201532714
4218 154.1206954086665
4219 150.9647807944566
4220 153.6031480554957
4221 149.0301491038408
4222 152.82207473553717
4223 148.36416632612236
4224 152.3958546584472
4225 148.83025920577347
4226 151.42359795351513
4227 149.02119904966094
4228 150.33457341091707
4229 149.14094053697772
4230 149.32069959654473
4231 149.14549646899104
4232 148.22031024075113
4233 149.30531794088893
4234 147.88640048680827
4235 149.8854974375572
4236 147.78678232152015
4237 150.3626540969126
4238 147.3780793158803
4239 150.88960191328079
4240 146.64670265023597
4241 151.5247342842631
4242 145.39103065547533
4243 152.08085347316228
4244 143.5429382668808
4245 152.17288029706106
4246 142.1487539256923
4247 151.7816691538319
4248 142.93149389326572
4249 152.49093389767222
4250 146.64018840505742
4251 155.50179305765778
4252 152.7414597440511
4253 156.50896684173495
4254 157.47308614314534
4255 153.15635656635277
4256 157.8926101415418
4257 151.3477222060319
4258 157.97750721825287
4259 153.98726374376565
4260 157.9032464241609
4261 159.80789251578972
4262 157.9895735878963
4263 163.23742448166013
4264 158.72115759388544
4265 163.58320836699568
4266 160.19833972025663
4267 163.29388813511468
4268 162.37058162223548
4269 162.20167486555874
4270 163.95001654000953
4271 159.98015204258263
4272 163.40415453258902
4273 158.82408666354604
4274 161.5307876742445
4275 157.2286491310224
4276 158.70297979284078
4277 156.9006687477231
4278 158.03316269884817
4279 157.49091734969988
4280 156.3665862607304
4281 156.1276665246114
4282 153.92298455396667
4283 155.8559700937476
4284 153.14037840347737
4285 155.72314891102724
4286 152.12608290743083
4287 155.43886514683254
4288 152.0855497319717
4289 156.24082402489148
4290 152.7786961013917
4291 156.5542639316991
4292 152.95673242979683
4293 156.33713454357348
4294 152.82350745797157
4295 156.44044821942225
4296 152.1268498445861
4297 156.42735420516692
4298 151.41843870049343
4299 156.92829289915971
4300 151.06816821335815
4301 157.4777733690571
4302 150.34345843922347
4303 157.51638565957546
4304 149.51123954332434
4305 157.15647478750907
4306 149.56031765486114
4307 156.86007193964906
4308 150.8606352219358
4309 157.59870516462252
4310 153.91825490631163
4311 159.1625170467887
4312 157.3716980004683
4313 158.77854578057304
4314 158.84297907236032
4315 156.38043154031038
4316 159.05252890475094
4317 154.8489497974515
4318 160.29816723009571
4319 155.7400241983123
4320 162.04227634985
4321 158.0485894717276
4322 163.13350253063254
4323 159.85193469934165
4324 162.73746538884006
4325 160.4000172689557
4326 161.30561295012012
4327 160.88194222631864
4328 159.5989258363843
4329 161.26771716191433
4330 157.97723035817035
4331 161.2821778622456
4332 156.9453329180833
4333 161.21796812070534
4334 155.96665433747694
4335 160.67087492672727
4336 154.68003634130582
4337 159.81248706253245
4338 153.36566113913432
4339 159.15604305965826
4340 152.1303934219759
4341 158.861258238554
4342 151.3506419423502
4343 159.01357219554484
4344 151.44639766355976
4345 159.6491556786932
4346 152.89628608711064
4347 160.9656179859303
4348 155.91429774207063
4349 162.20930109289475
4350 159.31352926720865
4351 162.07317146402784
4352 161.6933683140669
4353 160.551235944964
4354 163.11003620014526
4355 159.18572816206142
4356 164.60112725687213
4357 159.65817288844846
4358 166.35010420065373
4359 161.85170017997734
4360 167.60018429276533
4361 163.97754504974
4362 167.522519556107
4363 164.75793556845747
4364 166.05028056306764
4365 164.75800285558216
4366 164.2237095143646
4367 164.77941391710192
4368 162.85760109545663
4369 164.74494538852014
4370 161.94649269245565
4371 164.50898539857008
4372 160.87356573576108
4373 163.95988341188058
4374 159.27038380457088
4375 163.29892581282184
4376 157.5737597430125
4377 162.77988638356328
4378 156.0502818673849
4379 162.45762956282124
4380 154.89992300607264
4381 162.68929320550524
4382 154.53368998109363
4383 163.609562340891
4384 155.69857401470654
4385 164.83556844620034
4386 159.3336922437884
4387 165.92552112042904
4388 164.34136040112935
4389 166.05161099066027
4390 167.19804367260076
4391 164.56694694934413
4392 167.72663322510198
4393 163.13739436399192
4394 168.9691893788986
4395 164.92231413372792
4396 171.77614144585095
4397 169.74969177274033
4398 173.6560110929422
4399 172.71088174870238
4400 172.47618533694185
4401 172.40769221424125
4402 169.70038750162348
4403 171.78675988060422
4404 167.49222812382504
4405 171.28492893557996
4406 166.27507825847715
4407 169.6426218310371
4408 165.380510447314
4409 168.36276060668752
4410 164.64668053691275
4411 167.12217678059824
4412 163.76467142929323
4413 165.24610377824865
4414 163.3556717177853
4415 163.46358478814363
4416 163.47593038808554
4417 162.724498688709
4418 163.48553783353418
4419 162.62386597832665
4420 163.39701945125125
4421 162.62845701677725
4422 164.07386404415593
4423 163.3423650765326
4424 165.26131731364876
4425 163.51026108139195
4426 165.27620008867234
4427 162.0708247735165
4428 164.8658114229329
4429 159.9279228663072
4430 165.54658058960922
4431 157.36112015880644
4432 166.55906561785378
4433 154.76592084113508
4434 166.02984052547254
4435 155.25913066184148
4436 165.19315686332993
4437 161.74029210349545
4438 169.2097949036397
4439 173.07889234414324
4440 175.2997509748675
4441 179.53232810692862
4442 172.68159744353034
4443 173.46922439243644
4444 172.55908492580056
4445 174.8346920721233
4446 176.16263942839578
4447 175.4978279946372
4448 182.76545986765996
4449 178.57921740738675
4450 181.90810707211494
4451 183.53988280938938
4452 180.86577209690586
4453 188.15840423293412
4454 181.37002899777144
4455 181.39543631486595
4456 183.86841852613725
4457 180.1792876913678
4458 181.9299258296378
4459 178.82217625388876
4460 177.83154946239665
4461 173.7585094415117
4462 173.96369161223993
4463 172.29543620860204
4464 171.25008808914572
4465 171.44102424639277
4466 167.56845068046823
4467 169.08398104039952
4468 167.45803858153522
4469 167.76330004213378
4470 165.90902148745954
4471 165.597871203674
4472 164.22991027170792
4473 164.84898981451988
4474 166.01048204815015
4475 165.0275530645158
4476 166.72216257918626
4477 163.44032780616544
4478 166.55131554370746
4479 165.94527066498995
4480 167.4168627699837
4481 166.99523537047207
4482 166.38401712942868
4483 167.15516523923725
4484 166.06242902041413
4485 168.0807293052785
4486 166.76638118061237
4487 169.01591260009445
4488 166.78959438577294
4489 168.13338390062563
4490 166.5957290676888
4491 168.3114018267952
4492 166.65517034963705
4493 168.52036149217747
4494 165.5131857264787
4495 167.26642998098396
4496 164.62859080825
4497 167.10783627303317
4498 164.4827455386985
4499 167.06679774145596
4500 162.81190597079694
4501 166.99256990011781
4502 161.1605409560725
4503 167.14147023810074
4504 159.1594174890779
4505 167.0691888013389
4506 157.20436415821314
4507 167.0738307114225
4508 156.78410209622234
4509 166.49755293061025
4510 158.56719405134209
4511 167.01757454127073
4512 164.0552410853561
4513 169.7077223204542
4514 169.93986559123732
4515 168.850251799915
4516 171.7938413193915
4517 166.61404328001663
4518 171.83915289584547
4519 167.8218462858349
4520 173.714548508171
4521 172.7938916401472
4522 175.43259403808042
4523 178.93036686000414
4524 177.14426363166422
4525 181.55603368696757
4526 177.08835297520272
4527 180.93865887424909
4528 176.80329059017822
4529 180.90265823947266
4530 178.31155802728608
4531 179.52914789225906
4532 178.9379547557328
4533 176.8643892230466
4534 179.44928753189743
4535 174.24085537623614
4536 177.5976278106682
4537 172.38733823527582
4538 176.4130731190089
4539 172.2892959122546
4540 175.47319359728135
4541 172.25150664756075
4542 173.99281367682852
4543 172.4105180806946
4544 172.57847338565625
4545 172.5411891785916
4546 170.97228686488234
4547 172.19587283744477
4548 170.66339505487122
4549 173.06611971766688
4550 170.6607254226692
4551 173.6121209282428
4552 170.215765359113
4553 173.98962975642644
4554 169.59490398643538
4555 173.92590870684944
4556 168.2916808493901
4557 173.85550067364238
4558 166.56097852485254
4559 173.77917251223698
4560 164.52940723951906
4561 172.879324442707
4562 163.74005448864773
4563 172.79360901354812
4564 165.16681504901499
4565 174.30900836223736
4566 168.56744036101736
4567 176.2131457515061
4568 172.9652845687233
4569 175.09592744382098
4570 176.26869513699785
4571 172.8597870117519
4572 177.82192832347937
4573 172.84956898214296
4574 178.8945160312578
4575 175.58964691637084
4576 180.3922955894377
4577 180.69650971051306
4578 182.27820004941896
4579 184.7723434236832
4580 181.82486900128424
4581 184.96736824931577
4582 179.88591288146563
4583 183.33222927735187
4584 178.8196382781025
4585 181.94785137637518
4586 179.18009460670874
4587 180.7553842321504
4588 179.25127945863642
4589 179.0136986291036
4590 178.28172385226935
4591 177.29170806985348
4592 177.18414191785268
4593 175.29615800781175
4594 176.1017940507736
4595 173.79129315190949
4596 176.02649491489865
4597 172.92437253007665
4598 176.80137780238874
4599 172.27111818175763
4600 176.8015416485723
4601 171.80509228236042
4602 177.1609226821456
4603 172.16083877673373
4604 178.0549540994689
4605 172.12884987611324
4606 178.37271250505
4607 171.28311059065163
4608 177.69124622503296
4609 170.6327011063695
4610 177.680994320428
4611 170.91580087598413
4612 178.12263231351972
4613 171.9990546668414
4614 177.14273130055517
4615 173.20358349801973
4616 174.93939063395374
4617 175.1804589673411
4618 174.09739644872025
4619 176.58848386164755
4620 175.0818715931382
4621 176.27221600920893
4622 175.07611425337382
4623 175.8321101712063
4624 174.4769153725356
4625 176.88011788227595
4626 174.85107871657237
4627 178.26852731150575
4628 174.79921513563022
4629 178.84665459604003
4630 173.27612026641145
4631 178.44635496428236
4632 172.35276274359785
4633 177.9892000760883
4634 172.57164828642271
4635 177.02550000185147
4636 172.71818426740356
4637 175.42636384465732
4638 172.07606658968143
4639 174.58643409237266
4640 171.32357235392556
4641 174.71952628926374
4642 170.88550039264373
4643 175.60038102744147
4644 170.5342419296503
4645 176.65296277985908
4646 170.07264075614512
4647 177.7598638557829
4648 170.10037290514447
4649 179.01526716025546
4650 170.86455719778314
4651 179.9114075852558
4652 172.2856531839352
4653 180.72511745500378
4654 174.68045619362965
4655 180.93665386759676
4656 177.58737200475298
4657 180.9536040746607
4658 180.6286700128112
4659 181.04997690953314
4660 182.40639876644127
4661 180.61076366947964
4662 183.85189366084523
4663 180.55360402422957
4664 185.9271451246459
4665 181.51229481771588
4666 187.70360643533058
4667 182.95832001417875
4668 187.6804863261059
4669 183.38007327727973
4670 185.64707362977788
4671 182.96391581278294
4672 183.67889060010202
4673 182.7218810385093
4674 182.1220499172341
4675 182.3980013297405
4676 180.4275817722082
4677 181.6375502194278
4678 178.97200523060746
4679 180.94625182868913
4680 177.79964424995705
4681 180.6612678009551
4682 176.72983360406943
4683 180.83060179534368
4684 175.3902781258803
4685 181.15973359625787
4686 173.73658752255142
4687 181.62594082928263
4688 172.10417302628048
4689 182.20542772556655
4690 171.53035034704953
4691 182.974470381625
4692 173.66217431938276
4693 184.1517545543611
4694 179.12146796076559
4695 186.50232976675034
4696 185.61041803471744
4697 187.70541538437828
4698 188.9127916598227
4699 185.27826793468557
4700 189.2141025622841
4701 184.50694239512086
4702 191.19345876341686
4703 188.55581169296056
4704 194.4189416365698
4705 194.42793303309008
4706 194.45398848922923
4707 196.24968050327152
4708 191.9497553575784
4709 194.92057436448522
4710 189.93194617005065
4711 194.27172577846795
4712 190.1042922628112
4713 193.02255438128486
4714 190.3713892644737
4715 190.30386483250186
4716 190.74812894314528
4717 187.80156433628872
4718 190.22985266847536
4719 185.44244424044155
4720 188.7055087548215
4721 184.0677867839113
4722 187.9344143292401
4723 183.87861221819185
4724 187.44268498336896
4725 184.34016760112718
4726 186.13822657614946
4727 183.86860260204412
4728 184.37163072894327
4729 183.1477744092699
4730 183.7689958391711
4731 182.59625270636752
4732 183.50111031136476
4733 181.72110097389668
4734 182.88674400607124
4735 180.46772809140384
4736 182.22190398559906
4737 179.0610964775551
4738 181.79821192356758
4739 177.69202839792706
4740 181.60088413441554
4741 176.54742899676785
4742 182.07787882746197
4743 175.0611746062059
4744 182.95619459892623
4745 172.3844270473346
4746 183.34339005686343
4747 170.37785220798105
4748 182.18476318847388
4749 172.60653303796425
4750 181.3435205242131
4751 178.7719832356088
4752 187.02074083779007
4753 184.95325753558427
4754 185.11001518927515
4755 183.4308978531044
4756 180.57209788961336
4757 185.51683324668556
4758 176.37096900120378
4759 189.25831522303633
4760 186.8408870389685
4761 191.055334714707
4762 197.94900459982455
4763 189.6952161884401
4764 194.73380486411043
4765 193.30470295110717
4766 192.66636110609397
4767 194.33055228716694
4768 195.14894839050248
4769 189.9705217196606
4770 189.42891397699714
4771 191.55056389491074
4772 185.80770333809778
4773 193.25439800089225
4774 181.7177265265491
4775 179.47339879861102
4776 185.9766836988274
4777 180.11939787282608
4778 183.44013459654525
4779 175.67952514719218
4780 176.27877679746598
4781 176.45294690318406
4782 176.91524014109746
4783 174.52577715576626
4784 173.47287468821742
4785 174.19818463199772
4786 171.6717041055672
4787 176.256538416259
4788 173.08609374426305
4789 175.04770293203183
4790 172.86553000309505
4791 175.24827768607065
4792 174.93172911764123
4793 175.84405344887637
4794 172.56710918387398
4795 173.51079401257448
4796 172.86853602644987
4797 173.52823113976046
4798 173.52516497741453
4799 173.40178101905622
4800 172.75931398803368
4801 172.8728406552691
4802 172.46676052501425
4803 172.28350346977822
4804 173.26916282996535
4805 171.57999782124534
4806 173.18802607175894
4807 171.1418077768758
4808 172.73513819719665
4809 171.0162827493623
4810 173.07282395660877
4811 169.3347871818114
4812 173.1177659323439
4813 167.30266809696332
4814 174.2575607970357
4815 164.95732817379758
4816 175.50736639392562
4817 162.23030806099996
4818 176.7161329917144
4819 162.5940840151161
4820 177.8837944706902
4821 169.231660684105
4822 180.04199823061936
4823 181.5587619713042
4824 185.30573181482032
4825 189.51523736445233
4826 181.57899119565263
4827 185.66808034759015
4828 184.88623104873113
4829 186.26805570651777
4830 189.8220193029847
4831 195.4700874092523
4832 198.45525600994006
4833 196.33889938355424
4834 202.88938630744815
4835 199.00753877032548
4836 202.40034231031314
4837 204.99016271764413
4838 198.34213853464462
4839 202.59097994165495
4840 196.75995432771742
4841 198.76983761345036
4842 196.76041046902537
4843 196.50479855691083
4844 196.6319785513915
4845 191.6886465009302
4846 194.8774059775751
4847 187.53413611883298
4848 190.86250957334414
4849 186.7453567441553
4850 185.66781176347286
4851 187.5653613661416
4852 181.59269660850987
4853 184.67972923466004
4854 179.0220877949614
4855 180.94008294143714
4856 180.11730887694284
4857 181.12816302618012
4858 182.23537088930607
4859 181.05238150176592
4860 182.8219429072924
4861 180.05810164567083
4862 182.92217045463622
4863 180.1307372576557
4864 183.66799399955198
4865 181.93832118879072
4866 182.0008463242557
4867 180.33217777172104
4868 179.75127950613387
4869 180.9589011843782
4870 180.76098119886592
4871 181.22160290624015
4872 179.37596198217943
4873 180.61814417340793
4874 178.32684682076797
4875 180.19934738334268
4876 177.48575002560392
4877 179.56047401716933
4878 176.80814050254412
4879 179.2811624284368
4880 175.5804872259032
4881 179.10265101096593
4882 174.32287070783786
4883 179.06841562897898
4884 173.00415284885094
4885 178.43075224920176
4886 171.46579358819872
4887 178.79859687457792
4888 170.34096506237984
4889 179.63057375885546
4890 169.6377518218942
4891 180.45448827627115
4892 170.5573709520977
4893 181.22025001305155
4894 173.77698609838262
4895 182.83378717908636
4896 178.78063829941675
4897 183.29904072987847
4898 183.28823847719468
4899 181.83154174871743
4900 186.36282230890356
4901 181.56327754701488
4902 188.9880363184493
4903 184.1722295905929
4904 191.2099067971576
4905 188.6448621232994
4906 192.69046690291725
4907 192.47048873151653
4908 192.12155088991858
4909 193.1499647346791
4910 189.13820891291834
4911 192.32235054229386
4912 187.079740263056
4913 191.55054923100397
4914 186.64962711185217
4915 190.79871914116666
4916 187.11524060508236
4917 190.04624819918536
4918 187.00566943385638
4919 188.862219003262
4920 186.12805352453142
4921 186.78624160261825
4922 185.0984630328603
4923 184.68399382615462
4924 184.9256237486843
4925 183.6983638179954
4926 185.40804130095057
4927 183.21108516212553
4928 185.8565469593741
4929 182.78197994153015
4930 186.53603638568893
4931 182.05864324630238
4932 187.12882475974038
4933 180.8451000135392
4934 187.31111139175482
4935 178.9712526379153
4936 187.42079601925798
4937 177.186970168259
4938 187.9021512225736
4939 176.67904082639143
4940 188.65542647754773
4941 178.35893022734672
4942 188.86544170416892
4943 181.6145953615196
4944 187.45115303620696
4945 186.22559593897313
4946 186.13046506023966
4947 188.82589256064966
4948 185.2674142140895
4949 189.68960557878017
4950 185.8973281357903
4951 193.56792001100257
4952 191.35377191822045
4953 198.1451869951561
4954 199.6406833869405
4955 199.5597136428114
4956 201.47305353265256
4957 195.70135074015707
4958 199.6641280259937
4959 194.5533752022311
4960 200.03234614385292
4961 195.60874514700845
4962 198.73343526106328
4963 195.12641599169
4964 195.39706226042472
4965 195.24976774933748
4966 191.82627655845135
4967 193.91765818279237
4968 188.7559526464902
4969 190.86044948385097
4970 186.5767593816854
4971 188.29479425540194
4972 186.363825063454
4973 189.03421883517876
4974 186.30425572465174
4975 189.04257061798126
4976 184.76958502549678
4977 188.14383500954136
4978 185.2691474345047
4979 189.00610483484343
4980 186.2202042848803
4981 188.97014196473174
4982 185.37216681987047
4983 188.51397654344328
4984 184.05850374978036
4985 188.24690741719678
4986 182.8519426677376
4987 188.2264827073086
4988 181.35385413025506
4989 188.28006422682665
4990 178.9260481474921
4991 188.33068137266673
4992 177.80402049515396
4993 190.4347722439561
4994 180.20722868177108
4995 191.14225886506028
4996 184.14272600482218
4997 192.4606362550985
4998 189.96480459929444
4999 194.13575583370402
5000 194.92989659914747
